tipo,osm_id,osm_url,lat,lon,mecanismo,categoria,voltaje,detalle,operador,peligro,riesgo_max,riesgo_medio,mes_pico,especies
apoyo,6294396361,https://www.openstreetmap.org/node/6294396361,36.0536032,-5.5507302,electrocucion,distribucion,20000.0,tower,,1.3,439.24542841870397,196.86907963488886,nov,"Buitre negro, Milano real, Águila perdicera"
apoyo,12185925816,https://www.openstreetmap.org/node/12185925816,36.0540694,-5.5501545,electrocucion,distribucion,20000.0,tower,,1.3,439.24542841870397,196.86907963488886,nov,"Buitre negro, Milano real, Águila perdicera"
linea,672162863,https://www.openstreetmap.org/way/672162863,36.05237353333333,-5.551735133333334,colision_linea,distribucion,20000.0,minor_line,,,359.1203062958302,167.80688477283377,nov,"Buitre negro, Águila perdicera, Halcón peregrino"
apoyo,6294396374,https://www.openstreetmap.org/node/6294396374,36.0515107,-5.5524361,electrocucion,distribucion,20000.0,tower,,1.0,337.8810987836184,151.43775356529912,nov,"Buitre negro, Milano real, Águila perdicera"
apoyo,6394097615,https://www.openstreetmap.org/node/6394097615,36.0539928,-5.5501855,electrocucion,distribucion,66000.0,tower,,1.0,337.8810987836184,151.43775356529912,nov,"Buitre negro, Milano real, Águila perdicera"
apoyo,6294396376,https://www.openstreetmap.org/node/6294396376,36.0537105,-5.5505528,electrocucion,distribucion,66000.0,tower,,1.0,337.8810987836184,151.43775356529912,nov,"Buitre negro, Milano real, Águila perdicera"
apoyo,6294396372,https://www.openstreetmap.org/node/6294396372,36.0505451,-5.5532154,electrocucion,distribucion,20000.0,tower,,1.0,337.8810987836184,151.43775356529912,nov,"Buitre negro, Milano real, Águila perdicera"
apoyo,6294396373,https://www.openstreetmap.org/node/6294396373,36.0509828,-5.5528646,electrocucion,distribucion,20000.0,tower,,1.0,337.8810987836184,151.43775356529912,nov,"Buitre negro, Milano real, Águila perdicera"
apoyo,6294396362,https://www.openstreetmap.org/node/6294396362,36.0531457,-5.5506695,electrocucion,distribucion,66000.0,tower,,1.0,337.8810987836184,151.43775356529912,nov,"Buitre negro, Milano real, Águila perdicera"
linea,684125290,https://www.openstreetmap.org/way/684125290,36.04264775,-5.5582802000000004,colision_linea,distribucion,20000.0,minor_line,,,295.6018757397991,148.23794659478688,oct,"Cigüeña negra, Águila perdicera, Culebrera europea"
apoyo,6294396368,https://www.openstreetmap.org/node/6294396368,36.0488511,-5.5545912,electrocucion,distribucion,20000.0,tower,,1.0,263.29933504647147,120.85165099709343,nov,"Buitre negro, Milano real, Águila perdicera"
apoyo,6294396370,https://www.openstreetmap.org/node/6294396370,36.0496315,-5.5539664,electrocucion,distribucion,20000.0,tower,,1.0,263.29933504647147,120.85165099709343,nov,"Buitre negro, Milano real, Águila perdicera"
apoyo,6294396371,https://www.openstreetmap.org/node/6294396371,36.0498896,-5.5537556,electrocucion,distribucion,20000.0,tower,,1.0,263.29933504647147,120.85165099709343,nov,"Buitre negro, Milano real, Águila perdicera"
apoyo,4044267631,https://www.openstreetmap.org/node/4044267631,36.0478694,-5.5544034,electrocucion,distribucion,66000.0,tower,,1.0,263.29933504647147,120.85165099709343,nov,"Buitre negro, Milano real, Águila perdicera"
apoyo,4044267632,https://www.openstreetmap.org/node/4044267632,36.0496274,-5.5531592,electrocucion,distribucion,66000.0,tower,,1.0,263.29933504647147,120.85165099709343,nov,"Buitre negro, Milano real, Águila perdicera"
apoyo,6294396369,https://www.openstreetmap.org/node/6294396369,36.0493033,-5.5542382,electrocucion,distribucion,20000.0,tower,,1.0,263.29933504647147,120.85165099709343,nov,"Buitre negro, Milano real, Águila perdicera"
apoyo,6294396367,https://www.openstreetmap.org/node/6294396367,36.0483715,-5.554978,electrocucion,distribucion,20000.0,tower,,1.0,263.29933504647147,120.85165099709343,nov,"Buitre negro, Milano real, Águila perdicera"
linea,1316644535,https://www.openstreetmap.org/way/1316644535,36.0423397,-5.563248066666667,colision_linea,distribucion,66000.0,line,,,249.74995230606532,121.23199393240806,oct,"Cigüeña negra, Águila perdicera, Culebrera europea"
linea,1316644532,https://www.openstreetmap.org/way/1316644532,36.04230646666667,-5.563242566666666,colision_linea,distribucion,66000.0,line,,,249.74995230606532,121.23199393240806,oct,"Cigüeña negra, Águila perdicera, Culebrera europea"
linea,1316644531,https://www.openstreetmap.org/way/1316644531,36.04235473333333,-5.563353966666667,colision_linea,distribucion,66000.0,line,,,249.74995230606532,121.23199393240806,oct,"Cigüeña negra, Águila perdicera, Culebrera europea"
linea,96914801,https://www.openstreetmap.org/way/96914801,36.041878125000004,-5.563837425,colision_linea,distribucion,66000.0,Línea de alta tensión Getares - KW Tarifa y Pesur - KW Tarifa,,,249.74995230606532,121.23199393240806,oct,"Cigüeña negra, Águila perdicera, Culebrera europea"
linea,1316644533,https://www.openstreetmap.org/way/1316644533,36.0422847,-5.563259333333334,colision_linea,distribucion,66000.0,line,,,249.74995230606532,121.23199393240806,oct,"Cigüeña negra, Águila perdicera, Culebrera europea"
linea,1316644534,https://www.openstreetmap.org/way/1316644534,36.042426533333334,-5.563232633333333,colision_linea,distribucion,66000.0,line,,,249.74995230606532,121.23199393240806,oct,"Cigüeña negra, Águila perdicera, Culebrera europea"
aerogenerador,1968239153,https://www.openstreetmap.org/node/1968239153,36.0820534,-5.6634064,colision_aerogenerador,eolico,,660 kW,,,235.5029404207162,115.36844062964781,sep,"Cigüeña negra, Abejero europeo, Águila calzada"
aerogenerador,1968239253,https://www.openstreetmap.org/node/1968239253,36.0839285,-5.6627694,colision_aerogenerador,eolico,,600 kW,,,235.5029404207162,115.36844062964781,sep,"Cigüeña negra, Abejero europeo, Águila calzada"
aerogenerador,1968239444,https://www.openstreetmap.org/node/1968239444,36.080664,-5.6637725,colision_aerogenerador,eolico,,600 kW,,,235.5029404207162,115.36844062964781,sep,"Cigüeña negra, Abejero europeo, Águila calzada"
aerogenerador,1968239258,https://www.openstreetmap.org/node/1968239258,36.0845506,-5.6625588,colision_aerogenerador,eolico,,600 kW,,,235.5029404207162,115.36844062964781,sep,"Cigüeña negra, Abejero europeo, Águila calzada"
aerogenerador,1968239381,https://www.openstreetmap.org/node/1968239381,36.0800288,-5.6637578,colision_aerogenerador,eolico,,600 kW,,,235.5029404207162,115.36844062964781,sep,"Cigüeña negra, Abejero europeo, Águila calzada"
aerogenerador,1968239135,https://www.openstreetmap.org/node/1968239135,36.0826843,-5.6631945,colision_aerogenerador,eolico,,660 kW,,,235.5029404207162,115.36844062964781,sep,"Cigüeña negra, Abejero europeo, Águila calzada"
aerogenerador,1968239148,https://www.openstreetmap.org/node/1968239148,36.0833096,-5.6629812,colision_aerogenerador,eolico,,660 kW,,,235.5029404207162,115.36844062964781,sep,"Cigüeña negra, Abejero europeo, Águila calzada"
aerogenerador,1968239122,https://www.openstreetmap.org/node/1968239122,36.0814292,-5.663617,colision_aerogenerador,eolico,,660 kW,,,235.5029404207162,115.36844062964781,sep,"Cigüeña negra, Abejero europeo, Águila calzada"
apoyo,6406806910,https://www.openstreetmap.org/node/6406806910,36.0675267,-5.5208217,electrocucion,distribucion,20000.0,pole,,1.1,234.55133121937013,107.88705557102615,nov,"Buitre negro, Milano real, Águila perdicera"
apoyo,6406806912,https://www.openstreetmap.org/node/6406806912,36.0683982,-5.5212803,electrocucion,distribucion,20000.0,pole,,1.1,234.55133121937013,107.88705557102615,nov,"Buitre negro, Milano real, Águila perdicera"
apoyo,6406806911,https://www.openstreetmap.org/node/6406806911,36.0679614,-5.5209638,electrocucion,distribucion,20000.0,pole,,1.1,234.55133121937013,107.88705557102615,nov,"Buitre negro, Milano real, Águila perdicera"
apoyo,6394097657,https://www.openstreetmap.org/node/6394097657,36.0942244,-5.4715053,electrocucion,distribucion,66000.0,tower,,1.0,223.69357586117857,64.90426064575003,oct,"Cigüeña negra, Águila perdicera, Halcón peregrino"
apoyo,6396319956,https://www.openstreetmap.org/node/6396319956,36.0926649,-5.4749505,electrocucion,distribucion,20000.0,tower,,1.0,223.69357586117857,64.90426064575003,oct,"Cigüeña negra, Águila perdicera, Halcón peregrino"
apoyo,6396319957,https://www.openstreetmap.org/node/6396319957,36.0940521,-5.4742612,electrocucion,distribucion,20000.0,tower,,1.0,223.69357586117857,64.90426064575003,oct,"Cigüeña negra, Águila perdicera, Halcón peregrino"
apoyo,6394097656,https://www.openstreetmap.org/node/6394097656,36.0914794,-5.4727779,electrocucion,distribucion,66000.0,tower,,1.0,223.69357586117857,64.90426064575003,oct,"Cigüeña negra, Águila perdicera, Halcón peregrino"
apoyo,4044267627,https://www.openstreetmap.org/node/4044267627,36.0430092,-5.5589891,electrocucion,distribucion,66000.0,tower,,1.0,222.84496023743006,109.08742262764683,oct,"Cigüeña negra, Águila perdicera, Culebrera europea"
apoyo,4044267629,https://www.openstreetmap.org/node/4044267629,36.0445227,-5.5574047,electrocucion,distribucion,66000.0,tower,,1.0,222.84496023743006,109.08742262764683,oct,"Cigüeña negra, Águila perdicera, Culebrera europea"
apoyo,6408921278,https://www.openstreetmap.org/node/6408921278,36.0422144,-5.5572903,electrocucion,distribucion,20000.0,tower,,1.0,222.84496023743006,109.08742262764683,oct,"Cigüeña negra, Águila perdicera, Culebrera europea"
apoyo,6294396365,https://www.openstreetmap.org/node/6294396365,36.0430811,-5.5592701,electrocucion,distribucion,20000.0,tower,,1.0,222.84496023743006,109.08742262764683,oct,"Cigüeña negra, Águila perdicera, Culebrera europea"
aerogenerador,4226781741,https://www.openstreetmap.org/node/4226781741,36.0531411,-5.5135287,colision_aerogenerador,eolico,,500 kW,,,222.28913690900208,102.98110756511981,nov,"Buitre negro, Águila perdicera, Halcón peregrino"
aerogenerador,4226781768,https://www.openstreetmap.org/node/4226781768,36.0537228,-5.5140323,colision_aerogenerador,eolico,,500 kW,,,222.28913690900208,102.98110756511981,nov,"Buitre negro, Águila perdicera, Halcón peregrino"
aerogenerador,2640940926,https://www.openstreetmap.org/node/2640940926,36.0520241,-5.511921,colision_aerogenerador,eolico,,500 kW,,,222.28913690900208,102.98110756511981,nov,"Buitre negro, Águila perdicera, Halcón peregrino"
aerogenerador,4226781799,https://www.openstreetmap.org/node/4226781799,36.0549718,-5.5145345,colision_aerogenerador,eolico,,500 kW,,,222.28913690900208,102.98110756511981,nov,"Buitre negro, Águila perdicera, Halcón peregrino"
aerogenerador,2640940939,https://www.openstreetmap.org/node/2640940939,36.0525637,-5.5124239,colision_aerogenerador,eolico,,500 kW,,,222.28913690900208,102.98110756511981,nov,"Buitre negro, Águila perdicera, Halcón peregrino"
aerogenerador,2640940900,https://www.openstreetmap.org/node/2640940900,36.0508319,-5.5111381,colision_aerogenerador,eolico,,500 kW,,,222.28913690900208,102.98110756511981,nov,"Buitre negro, Águila perdicera, Halcón peregrino"
aerogenerador,4226781789,https://www.openstreetmap.org/node/4226781789,36.0543413,-5.5144266,colision_aerogenerador,eolico,,500 kW,,,222.28913690900208,102.98110756511981,nov,"Buitre negro, Águila perdicera, Halcón peregrino"
aerogenerador,2640940892,https://www.openstreetmap.org/node/2640940892,36.0502581,-5.5107987,colision_aerogenerador,eolico,,500 kW,,,222.28913690900208,102.98110756511981,nov,"Buitre negro, Águila perdicera, Halcón peregrino"
aerogenerador,2640940916,https://www.openstreetmap.org/node/2640940916,36.0512685,-5.5115797,colision_aerogenerador,eolico,,500 kW,,,222.28913690900208,102.98110756511981,nov,"Buitre negro, Águila perdicera, Halcón peregrino"
apoyo,6394097617,https://www.openstreetmap.org/node/6394097617,36.0564016,-5.5421561,electrocucion,distribucion,66000.0,tower,,1.0,217.90879010003778,92.59247937500811,nov,"Buitre negro, Milano real, Águila perdicera"
apoyo,6394097612,https://www.openstreetmap.org/node/6394097612,36.0583257,-5.5412962,electrocucion,distribucion,20000.0,tower,,1.0,217.90879010003778,92.59247937500811,nov,"Buitre negro, Milano real, Águila perdicera"
apoyo,12185925817,https://www.openstreetmap.org/node/12185925817,36.0575543,-5.542858,electrocucion,distribucion,20000.0,tower,,1.0,217.90879010003778,92.59247937500811,nov,"Buitre negro, Milano real, Águila perdicera"
apoyo,6408921277,https://www.openstreetmap.org/node/6408921277,36.0415432,-5.5602381,electrocucion,distribucion,20000.0,tower,,1.0,214.65838018648293,102.29316548788343,oct,"Cigüeña negra, Águila perdicera, Milano real"
apoyo,6408921276,https://www.openstreetmap.org/node/6408921276,36.0406301,-5.5610763,electrocucion,distribucion,20000.0,tower,,1.0,214.65838018648293,102.29316548788343,oct,"Cigüeña negra, Águila perdicera, Milano real"
apoyo,4044267625,https://www.openstreetmap.org/node/4044267625,36.0418231,-5.5616425,electrocucion,distribucion,66000.0,tower,,1.0,214.65838018648293,102.29316548788343,oct,"Cigüeña negra, Águila perdicera, Milano real"
apoyo,4044267624,https://www.openstreetmap.org/node/4044267624,36.0414143,-5.5641957,electrocucion,distribucion,66000.0,tower,,1.0,214.65838018648293,102.29316548788343,oct,"Cigüeña negra, Águila perdicera, Milano real"
apoyo,1123123013,https://www.openstreetmap.org/node/1123123013,36.0414821,-5.5641951,electrocucion,distribucion,66000.0,tower,,1.0,214.65838018648293,102.29316548788343,oct,"Cigüeña negra, Águila perdicera, Milano real"
apoyo,1123122991,https://www.openstreetmap.org/node/1123122991,36.0422931,-5.5635985,electrocucion,distribucion,66000.0,tower,,1.0,214.65838018648293,102.29316548788343,oct,"Cigüeña negra, Águila perdicera, Milano real"
apoyo,2640940955,https://www.openstreetmap.org/node/2640940955,36.0664836,-5.5245974,electrocucion,distribucion,20000.0,tower,,1.0,213.2284829267001,98.07914142820562,nov,"Buitre negro, Milano real, Águila perdicera"
apoyo,6406806908,https://www.openstreetmap.org/node/6406806908,36.0655244,-5.5202329,electrocucion,distribucion,20000.0,pole,,1.0,213.2284829267001,98.07914142820562,nov,"Buitre negro, Milano real, Águila perdicera"
apoyo,6394097608,https://www.openstreetmap.org/node/6394097608,36.0681963,-5.5211004,electrocucion,distribucion,20000.0,tower,,1.0,213.2284829267001,98.07914142820562,nov,"Buitre negro, Milano real, Águila perdicera"
apoyo,6394097607,https://www.openstreetmap.org/node/6394097607,36.0684304,-5.5206049,electrocucion,distribucion,20000.0,tower,,1.0,213.2284829267001,98.07914142820562,nov,"Buitre negro, Milano real, Águila perdicera"
apoyo,6406806909,https://www.openstreetmap.org/node/6406806909,36.0666984,-5.5205816,electrocucion,distribucion,20000.0,pole,,1.0,213.2284829267001,98.07914142820562,nov,"Buitre negro, Milano real, Águila perdicera"
apoyo,6394097626,https://www.openstreetmap.org/node/6394097626,36.0668352,-5.52022,electrocucion,distribucion,66000.0,tower,,1.0,213.2284829267001,98.07914142820562,nov,"Buitre negro, Milano real, Águila perdicera"
apoyo,6394097625,https://www.openstreetmap.org/node/6394097625,36.0658279,-5.5226496,electrocucion,distribucion,66000.0,tower,,1.0,213.2284829267001,98.07914142820562,nov,"Buitre negro, Milano real, Águila perdicera"
apoyo,2640940966,https://www.openstreetmap.org/node/2640940966,36.0673363,-5.5228461,electrocucion,distribucion,20000.0,tower,,1.0,213.2284829267001,98.07914142820562,nov,"Buitre negro, Milano real, Águila perdicera"
linea,682711535,https://www.openstreetmap.org/way/682711535,36.0577374125,-5.54254285,colision_linea,distribucion,20000.0,minor_line,,,202.0046827664707,90.63722679586266,nov,"Buitre negro, Águila perdicera, Halcón peregrino"
aerogenerador,1140761833,https://www.openstreetmap.org/node/1140761833,36.049779,-5.5869631,colision_aerogenerador,eolico,,2 MW,,,193.1399995521033,104.33286523656933,oct,"Cigüeña negra, Águila imperial ibérica, Águila perdicera"
aerogenerador,1140761925,https://www.openstreetmap.org/node/1140761925,36.0450685,-5.5896842,colision_aerogenerador,eolico,,2 MW,,,193.1399995521033,104.33286523656933,oct,"Cigüeña negra, Águila imperial ibérica, Águila perdicera"
aerogenerador,1140761724,https://www.openstreetmap.org/node/1140761724,36.0483372,-5.5870291,colision_aerogenerador,eolico,,2 MW,,,193.1399995521033,104.33286523656933,oct,"Cigüeña negra, Águila imperial ibérica, Águila perdicera"
aerogenerador,1140761814,https://www.openstreetmap.org/node/1140761814,36.0472506,-5.5884546,colision_aerogenerador,eolico,,2 MW,,,193.1399995521033,104.33286523656933,oct,"Cigüeña negra, Águila imperial ibérica, Águila perdicera"
aerogenerador,1140761700,https://www.openstreetmap.org/node/1140761700,36.046251,-5.5893183,colision_aerogenerador,eolico,,2 MW,,,193.1399995521033,104.33286523656933,oct,"Cigüeña negra, Águila imperial ibérica, Águila perdicera"
linea,684551822,https://www.openstreetmap.org/way/684551822,36.038549833333335,-5.567661666666666,colision_linea,distribucion,20000.0,minor_line,,,183.6448359802243,85.29493446031863,oct,"Cigüeña negra, Águila perdicera, Culebrera europea"
apoyo,1127512044,https://www.openstreetmap.org/node/1127512044,36.0384364,-5.5675851,electrocucion,distribucion,20000.0,tower,,1.0,182.05959272568793,81.73437441084573,oct,"Cigüeña negra, Águila perdicera, Milano real"
apoyo,6413797125,https://www.openstreetmap.org/node/6413797125,36.0364192,-5.5662918,electrocucion,distribucion,20000.0,tower,,1.0,182.05959272568793,81.73437441084573,oct,"Cigüeña negra, Águila perdicera, Milano real"
apoyo,6418344267,https://www.openstreetmap.org/node/6418344267,36.035543,-5.5678944,electrocucion,distribucion,20000.0,tower,,1.0,182.05959272568793,81.73437441084573,oct,"Cigüeña negra, Águila perdicera, Milano real"
linea,688601272,https://www.openstreetmap.org/way/688601272,36.09114303333333,-5.791623733333334,colision_linea,distribucion,20000.0,minor_line,,,175.47520550296088,84.93797655294601,sep,"Halcón peregrino, Abejero europeo, Águila calzada"
apoyo,6457699886,https://www.openstreetmap.org/node/6457699886,36.0913688,-5.7901758,electrocucion,distribucion,20000.0,tower,,1.0,169.67518652671097,81.88438338946224,sep,"Halcón peregrino, Abejero europeo, Águila calzada"
apoyo,6457699348,https://www.openstreetmap.org/node/6457699348,36.0911336,-5.791714,electrocucion,distribucion,20000.0,pole,,1.0,169.67518652671097,81.88438338946224,sep,"Halcón peregrino, Abejero europeo, Águila calzada"
apoyo,6457699898,https://www.openstreetmap.org/node/6457699898,36.094984,-5.7946698,electrocucion,distribucion,20000.0,tower,,1.0,169.67518652671097,81.88438338946224,sep,"Halcón peregrino, Abejero europeo, Águila calzada"
apoyo,6457699899,https://www.openstreetmap.org/node/6457699899,36.0942623,-5.7935192,electrocucion,distribucion,20000.0,tower,,1.0,169.67518652671097,81.88438338946224,sep,"Halcón peregrino, Abejero europeo, Águila calzada"
apoyo,6457699347,https://www.openstreetmap.org/node/6457699347,36.0909267,-5.7929814,electrocucion,distribucion,20000.0,pole,,1.0,169.67518652671097,81.88438338946224,sep,"Halcón peregrino, Abejero europeo, Águila calzada"
apoyo,6457699900,https://www.openstreetmap.org/node/6457699900,36.092472,-5.7907203,electrocucion,distribucion,20000.0,tower,,1.0,169.67518652671097,81.88438338946224,sep,"Halcón peregrino, Abejero europeo, Águila calzada"
apoyo,6394097611,https://www.openstreetmap.org/node/6394097611,36.0592402,-5.5394369,electrocucion,distribucion,20000.0,tower,,1.0,163.08906216428542,68.10911730119368,nov,"Buitre negro, Milano real, Águila perdicera"
apoyo,6394097618,https://www.openstreetmap.org/node/6394097618,36.0579371,-5.5385489,electrocucion,distribucion,66000.0,tower,,1.0,163.08906216428542,68.10911730119368,nov,"Buitre negro, Milano real, Águila perdicera"
apoyo,6394097619,https://www.openstreetmap.org/node/6394097619,36.0591242,-5.5357656,electrocucion,distribucion,66000.0,tower,,1.0,163.08906216428542,68.10911730119368,nov,"Buitre negro, Milano real, Águila perdicera"
apoyo,6394097610,https://www.openstreetmap.org/node/6394097610,36.0598467,-5.5382123,electrocucion,distribucion,20000.0,tower,,1.0,163.08906216428542,68.10911730119368,nov,"Buitre negro, Milano real, Águila perdicera"
apoyo,6396319958,https://www.openstreetmap.org/node/6396319958,36.0972781,-5.4725526,electrocucion,distribucion,20000.0,tower,,1.0,159.42766449380784,45.85636226743773,oct,"Cigüeña negra, Águila perdicera, Halcón peregrino"
apoyo,6396319959,https://www.openstreetmap.org/node/6396319959,36.0993988,-5.471642,electrocucion,distribucion,20000.0,tower,,1.0,159.42766449380784,45.85636226743773,oct,"Cigüeña negra, Águila perdicera, Halcón peregrino"
apoyo,6457699895,https://www.openstreetmap.org/node/6457699895,36.0974602,-5.7986127,electrocucion,distribucion,20000.0,tower,,1.3,157.8352194133501,74.85025958382825,sep,"Halcón peregrino, Abejero europeo, Águila calzada"
apoyo,6396319952,https://www.openstreetmap.org/node/6396319952,36.0885273,-5.482403,electrocucion,distribucion,20000.0,tower,,1.0,153.31939976713454,45.54842882587513,oct,"Cigüeña negra, Halcón peregrino, Águila perdicera"
apoyo,6396319951,https://www.openstreetmap.org/node/6396319951,36.0875302,-5.4842336,electrocucion,distribucion,20000.0,tower,,1.0,153.31939976713454,45.54842882587513,oct,"Cigüeña negra, Halcón peregrino, Águila perdicera"
apoyo,6396319953,https://www.openstreetmap.org/node/6396319953,36.0895406,-5.4805765,electrocucion,distribucion,20000.0,tower,,1.0,153.31939976713454,45.54842882587513,oct,"Cigüeña negra, Halcón peregrino, Águila perdicera"
aerogenerador,1968239114,https://www.openstreetmap.org/node/1968239114,36.080523,-5.6564233,colision_aerogenerador,eolico,,2 MW,,,152.9241296915636,74.95365074161062,sep,"Cigüeña negra, Abejero europeo, Águila calzada"
aerogenerador,1968239264,https://www.openstreetmap.org/node/1968239264,36.0832207,-5.6588064,colision_aerogenerador,eolico,,660 kW,,,152.9241296915636,74.95365074161062,sep,"Cigüeña negra, Abejero europeo, Águila calzada"
aerogenerador,1968239142,https://www.openstreetmap.org/node/1968239142,36.0819017,-5.6559485,colision_aerogenerador,eolico,,2 MW,,,152.9241296915636,74.95365074161062,sep,"Cigüeña negra, Abejero europeo, Águila calzada"
aerogenerador,1968239208,https://www.openstreetmap.org/node/1968239208,36.0838287,-5.6586616,colision_aerogenerador,eolico,,660 kW,,,152.9241296915636,74.95365074161062,sep,"Cigüeña negra, Abejero europeo, Águila calzada"
aerogenerador,1968239227,https://www.openstreetmap.org/node/1968239227,36.0844401,-5.6585234,colision_aerogenerador,eolico,,660 kW,,,152.9241296915636,74.95365074161062,sep,"Cigüeña negra, Abejero europeo, Águila calzada"
apoyo,6294396364,https://www.openstreetmap.org/node/6294396364,36.0452075,-5.5575425,electrocucion,distribucion,20000.0,tower,,1.0,150.60378505265066,72.85790298411452,nov,"Buitre negro, Milano real, Águila perdicera"
apoyo,6294396363,https://www.openstreetmap.org/node/6294396363,36.0463491,-5.5566126,electrocucion,distribucion,20000.0,tower,,1.0,150.60378505265066,72.85790298411452,nov,"Buitre negro, Milano real, Águila perdicera"
apoyo,6294396366,https://www.openstreetmap.org/node/6294396366,36.0481809,-5.5551291,electrocucion,distribucion,20000.0,tower,,1.0,150.60378505265066,72.85790298411452,nov,"Buitre negro, Milano real, Águila perdicera"
apoyo,4044267630,https://www.openstreetmap.org/node/4044267630,36.0463539,-5.5555147,electrocucion,distribucion,66000.0,tower,,1.0,150.60378505265066,72.85790298411452,nov,"Buitre negro, Milano real, Águila perdicera"
apoyo,6406806930,https://www.openstreetmap.org/node/6406806930,36.0696015,-5.530487,electrocucion,distribucion,20000.0,pole,,1.1,145.20456322823534,62.320795003886865,nov,"Buitre negro, Águila perdicera, Milano real"
apoyo,2640940969,https://www.openstreetmap.org/node/2640940969,36.0673543,-5.530114,electrocucion,distribucion,20000.0,pole,,1.1,145.20456322823534,62.320795003886865,nov,"Buitre negro, Águila perdicera, Milano real"
apoyo,6406806931,https://www.openstreetmap.org/node/6406806931,36.0689153,-5.5317637,electrocucion,distribucion,20000.0,pole,,1.1,145.20456322823534,62.320795003886865,nov,"Buitre negro, Águila perdicera, Milano real"
apoyo,3455539536,https://www.openstreetmap.org/node/3455539536,36.0308743,-5.6092887,electrocucion,distribucion,66000.0,tower,,1.3,144.7468865189751,64.13309078176563,sep,"Milano negro, Cigüeña negra, Alimoche"
apoyo,6396319955,https://www.openstreetmap.org/node/6396319955,36.0913287,-5.4773833,electrocucion,distribucion,20000.0,tower,,1.0,144.2244582227953,40.740153394136414,oct,"Cigüeña negra, Águila perdicera, Halcón peregrino"
apoyo,6396319954,https://www.openstreetmap.org/node/6396319954,36.0903512,-5.4791388,electrocucion,distribucion,20000.0,tower,,1.0,144.2244582227953,40.740153394136414,oct,"Cigüeña negra, Águila perdicera, Halcón peregrino"
apoyo,6418344286,https://www.openstreetmap.org/node/6418344286,36.0313166,-5.5742352,electrocucion,distribucion,20000.0,tower,,1.0,143.07516858210352,62.00292994827441,oct,"Cigüeña negra, Milano real, Águila perdicera"
apoyo,6418344287,https://www.openstreetmap.org/node/6418344287,36.0326354,-5.5724971,electrocucion,distribucion,20000.0,tower,,1.0,143.07516858210352,62.00292994827441,oct,"Cigüeña negra, Milano real, Águila perdicera"
apoyo,6418344269,https://www.openstreetmap.org/node/6418344269,36.0336754,-5.5711801,electrocucion,distribucion,20000.0,tower,,1.0,143.07516858210352,62.00292994827441,oct,"Cigüeña negra, Milano real, Águila perdicera"
apoyo,12218053044,https://www.openstreetmap.org/node/12218053044,36.2404131,-5.8230631,electrocucion,distribucion,20000.0,tower,,1.0,139.87878684813154,92.82761404196249,nov,"Grulla común, Águila perdicera, Águila imperial ibérica"
apoyo,6516943124,https://www.openstreetmap.org/node/6516943124,36.2404727,-5.8225236,electrocucion,distribucion,66000.0,tower,,1.0,139.87878684813154,92.82761404196249,nov,"Grulla común, Águila perdicera, Águila imperial ibérica"
apoyo,6646383343,https://www.openstreetmap.org/node/6646383343,36.2412215,-5.8246077,electrocucion,distribucion,20000.0,tower,,1.0,139.87878684813154,92.82761404196249,nov,"Grulla común, Águila perdicera, Águila imperial ibérica"
apoyo,12218053040,https://www.openstreetmap.org/node/12218053040,36.2402554,-5.8227895,electrocucion,distribucion,20000.0,tower,,1.0,139.87878684813154,92.82761404196249,nov,"Grulla común, Águila perdicera, Águila imperial ibérica"
apoyo,6516943122,https://www.openstreetmap.org/node/6516943122,36.2431163,-5.820393,electrocucion,distribucion,66000.0,tower,,1.0,139.87878684813154,92.82761404196249,nov,"Grulla común, Águila perdicera, Águila imperial ibérica"
linea,672162858,https://www.openstreetmap.org/way/672162858,36.03565221081081,-5.570814118918919,colision_linea,distribucion,20000.0,minor_line,,,136.9754649066655,66.97818875222434,oct,"Águila perdicera, Cigüeña negra, Culebrera europea"
apoyo,6413797126,https://www.openstreetmap.org/node/6413797126,36.0407939,-5.5691081,electrocucion,distribucion,20000.0,tower,,1.0,136.44873359786607,63.61015294743851,oct,"Cigüeña negra, Águila perdicera, Milano real"
apoyo,4044267626,https://www.openstreetmap.org/node/4044267626,36.0418558,-5.5662735,electrocucion,distribucion,66000.0,tower,,1.0,136.44873359786607,63.61015294743851,oct,"Cigüeña negra, Águila perdicera, Milano real"
apoyo,6646383341,https://www.openstreetmap.org/node/6646383341,36.2416884,-5.8263563,electrocucion,distribucion,66000.0,tower,,1.0,135.7512034157878,87.95593851271974,oct,"Cigüeña blanca, Águila perdicera, Águila imperial ibérica"
apoyo,6646383346,https://www.openstreetmap.org/node/6646383346,36.2436674,-5.8292137,electrocucion,distribucion,20000.0,tower,,1.0,135.7512034157878,87.95593851271974,oct,"Cigüeña blanca, Águila perdicera, Águila imperial ibérica"
apoyo,6646383342,https://www.openstreetmap.org/node/6646383342,36.243226,-5.8292352,electrocucion,distribucion,66000.0,tower,,1.0,135.7512034157878,87.95593851271974,oct,"Cigüeña blanca, Águila perdicera, Águila imperial ibérica"
apoyo,6646383345,https://www.openstreetmap.org/node/6646383345,36.2428603,-5.8276868,electrocucion,distribucion,20000.0,tower,,1.0,135.7512034157878,87.95593851271974,oct,"Cigüeña blanca, Águila perdicera, Águila imperial ibérica"
apoyo,6646383344,https://www.openstreetmap.org/node/6646383344,36.2420453,-5.8261448,electrocucion,distribucion,20000.0,tower,,1.0,135.7512034157878,87.95593851271974,oct,"Cigüeña blanca, Águila perdicera, Águila imperial ibérica"
apoyo,6406806927,https://www.openstreetmap.org/node/6406806927,36.0718161,-5.5247645,electrocucion,distribucion,20000.0,pole,,1.1,133.48065426231597,66.14392714587241,nov,"Buitre negro, Águila perdicera, Halcón peregrino"
apoyo,6406806925,https://www.openstreetmap.org/node/6406806925,36.0712676,-5.5225866,electrocucion,distribucion,20000.0,pole,,1.1,133.48065426231597,66.14392714587241,nov,"Buitre negro, Águila perdicera, Halcón peregrino"
apoyo,6406806913,https://www.openstreetmap.org/node/6406806913,36.0701869,-5.5220823,electrocucion,distribucion,20000.0,pole,,1.1,133.48065426231597,66.14392714587241,nov,"Buitre negro, Águila perdicera, Halcón peregrino"
apoyo,6406806926,https://www.openstreetmap.org/node/6406806926,36.0715722,-5.5234717,electrocucion,distribucion,20000.0,pole,,1.1,133.48065426231597,66.14392714587241,nov,"Buitre negro, Águila perdicera, Halcón peregrino"
apoyo,6406806906,https://www.openstreetmap.org/node/6406806906,36.0617029,-5.5214439,electrocucion,distribucion,20000.0,pole,,1.0,133.44919320532964,58.217271605257935,nov,"Buitre negro, Milano real, Halcón peregrino"
apoyo,6406806905,https://www.openstreetmap.org/node/6406806905,36.0600865,-5.5226804,electrocucion,distribucion,20000.0,pole,,1.0,133.44919320532964,58.217271605257935,nov,"Buitre negro, Milano real, Halcón peregrino"
apoyo,6394097624,https://www.openstreetmap.org/node/6394097624,36.0629421,-5.5234596,electrocucion,distribucion,66000.0,tower,,1.0,133.44919320532964,58.217271605257935,nov,"Buitre negro, Milano real, Halcón peregrino"
apoyo,6394097659,https://www.openstreetmap.org/node/6394097659,36.0981418,-5.4659852,electrocucion,distribucion,66000.0,tower,,1.0,132.39526189601415,40.66554242252277,oct,"Cigüeña negra, Halcón peregrino, Águila perdicera"
apoyo,6394097658,https://www.openstreetmap.org/node/6394097658,36.0967872,-5.4685065,electrocucion,distribucion,66000.0,tower,,1.0,132.39526189601415,40.66554242252277,oct,"Cigüeña negra, Halcón peregrino, Águila perdicera"
apoyo,6406806932,https://www.openstreetmap.org/node/6406806932,36.0683386,-5.5328406,electrocucion,distribucion,20000.0,pole,,1.0,132.00414838930485,56.655268185351694,nov,"Buitre negro, Águila perdicera, Milano real"
apoyo,6406806933,https://www.openstreetmap.org/node/6406806933,36.0680763,-5.5333543,electrocucion,distribucion,20000.0,pole,,1.0,132.00414838930485,56.655268185351694,nov,"Buitre negro, Águila perdicera, Milano real"
aerogenerador,1968242279,https://www.openstreetmap.org/node/1968242279,36.0891469,-5.657692,colision_aerogenerador,eolico,,2 MW,,,130.39622537508168,72.04448211106786,sep,"Cigüeña negra, Abejero europeo, Alimoche"
aerogenerador,1968239014,https://www.openstreetmap.org/node/1968239014,36.0862565,-5.658109,colision_aerogenerador,eolico,,600 kW,,,130.39622537508168,72.04448211106786,sep,"Cigüeña negra, Abejero europeo, Alimoche"
aerogenerador,1968239219,https://www.openstreetmap.org/node/1968239219,36.0856658,-5.6582445,colision_aerogenerador,eolico,,600 kW,,,130.39622537508168,72.04448211106786,sep,"Cigüeña negra, Abejero europeo, Alimoche"
aerogenerador,1968242274,https://www.openstreetmap.org/node/1968242274,36.0877792,-5.6575753,colision_aerogenerador,eolico,,2 MW,,,130.39622537508168,72.04448211106786,sep,"Cigüeña negra, Abejero europeo, Alimoche"
aerogenerador,1968239213,https://www.openstreetmap.org/node/1968239213,36.0850535,-5.6583813,colision_aerogenerador,eolico,,660 kW,,,130.39622537508168,72.04448211106786,sep,"Cigüeña negra, Abejero europeo, Alimoche"
linea,402002678,https://www.openstreetmap.org/way/402002678,36.05146182,-5.5766522400000005,colision_linea,distribucion,66000.0,Línea de alta tensión Cubillo - Getares y Pesur - KW Tarifa,,,129.10730298191365,65.99581669848985,oct,"Cigüeña negra, Águila perdicera, Culebrera europea"
apoyo,3455539587,https://www.openstreetmap.org/node/3455539587,36.2464119,-5.8351559,electrocucion,distribucion,66000.0,tower,,1.3,123.82004262902691,75.4081386059575,oct,"Cigüeña blanca, Águila perdicera, Águila imperial ibérica"
apoyo,6434174465,https://www.openstreetmap.org/node/6434174465,36.0316636,-5.6099306,electrocucion,distribucion,20000.0,tower,,1.1,122.47813474682509,54.266461430724775,sep,"Milano negro, Cigüeña negra, Alimoche"
apoyo,6418393494,https://www.openstreetmap.org/node/6418393494,36.0306168,-5.6082755,electrocucion,distribucion,20000.0,tower,,1.1,122.47813474682509,54.266461430724775,sep,"Milano negro, Cigüeña negra, Alimoche"
apoyo,6418393487,https://www.openstreetmap.org/node/6418393487,36.0307478,-5.6086807,electrocucion,distribucion,20000.0,tower,,1.1,122.47813474682509,54.266461430724775,sep,"Milano negro, Cigüeña negra, Alimoche"
apoyo,6418393493,https://www.openstreetmap.org/node/6418393493,36.0307955,-5.6087384,electrocucion,distribucion,20000.0,tower,,1.1,122.47813474682509,54.266461430724775,sep,"Milano negro, Cigüeña negra, Alimoche"
linea,96923825,https://www.openstreetmap.org/way/96923825,36.045439109090914,-5.580311918181818,colision_linea,transporte,400000.0,Línea de alta tensión Puerto de la Cruz - Tarifa,,,121.44085883906061,59.49541894332716,oct,"Cigüeña negra, Águila perdicera, Culebrera europea"
apoyo,6457699894,https://www.openstreetmap.org/node/6457699894,36.0980291,-5.7995005,electrocucion,distribucion,20000.0,tower,,1.0,121.41170724103854,57.57712275679096,sep,"Halcón peregrino, Abejero europeo, Águila calzada"
apoyo,6457699897,https://www.openstreetmap.org/node/6457699897,36.0958022,-5.7959586,electrocucion,distribucion,20000.0,tower,,1.0,121.41170724103854,57.57712275679096,sep,"Halcón peregrino, Abejero europeo, Águila calzada"
apoyo,6457699896,https://www.openstreetmap.org/node/6457699896,36.0966962,-5.7973896,electrocucion,distribucion,20000.0,tower,,1.0,121.41170724103854,57.57712275679096,sep,"Halcón peregrino, Abejero europeo, Águila calzada"
apoyo,6406806924,https://www.openstreetmap.org/node/6406806924,36.0726529,-5.523072,electrocucion,distribucion,20000.0,pole,,1.0,121.34604932937813,60.13084285988399,nov,"Buitre negro, Águila perdicera, Halcón peregrino"
apoyo,6406806922,https://www.openstreetmap.org/node/6406806922,36.074802,-5.5221582,electrocucion,distribucion,20000.0,pole,,1.0,121.34604932937813,60.13084285988399,nov,"Buitre negro, Águila perdicera, Halcón peregrino"
apoyo,6406806923,https://www.openstreetmap.org/node/6406806923,36.0739776,-5.5225088,electrocucion,distribucion,20000.0,pole,,1.0,121.34604932937813,60.13084285988399,nov,"Buitre negro, Águila perdicera, Halcón peregrino"
apoyo,6394097603,https://www.openstreetmap.org/node/6394097603,36.0768218,-5.5037025,electrocucion,distribucion,20000.0,tower,,1.0,120.88840784602095,60.45487567918196,oct,"Águila real, Cigüeña negra, Milano real"
apoyo,6394097602,https://www.openstreetmap.org/node/6394097602,36.0779621,-5.5017284,electrocucion,distribucion,20000.0,tower,,1.0,120.88840784602095,60.45487567918196,oct,"Águila real, Cigüeña negra, Milano real"
apoyo,6394097601,https://www.openstreetmap.org/node/6394097601,36.0787685,-5.5002411,electrocucion,distribucion,20000.0,tower,,1.0,120.88840784602095,60.45487567918196,oct,"Águila real, Cigüeña negra, Milano real"
apoyo,6394097633,https://www.openstreetmap.org/node/6394097633,36.0780962,-5.501126,electrocucion,distribucion,66000.0,tower,,1.0,120.88840784602095,60.45487567918196,oct,"Águila real, Cigüeña negra, Milano real"
apoyo,6394097604,https://www.openstreetmap.org/node/6394097604,36.0762549,-5.5046774,electrocucion,distribucion,20000.0,tower,,1.0,120.88840784602095,60.45487567918196,oct,"Águila real, Cigüeña negra, Milano real"
linea,402002690,https://www.openstreetmap.org/way/402002690,36.0722313875,-5.509400054166666,colision_linea,distribucion,66000.0,Línea de alta tensión Cubillo - Getares y Getares - KW Tarifa,,,117.81588498928811,58.034645594553126,oct,"Águila perdicera, Cigüeña negra, Culebrera europea"
apoyo,4038091165,https://www.openstreetmap.org/node/4038091165,36.1082274,-5.4694609,electrocucion,distribucion,66000.0,tower,,1.0,116.92947822474189,39.826215032625974,oct,"Cigüeña negra, Halcón peregrino, Águila perdicera"
apoyo,4038091163,https://www.openstreetmap.org/node/4038091163,36.1079115,-5.4671356,electrocucion,distribucion,66000.0,tower,,1.0,116.92947822474189,39.826215032625974,oct,"Cigüeña negra, Halcón peregrino, Águila perdicera"
apoyo,6396319966,https://www.openstreetmap.org/node/6396319966,36.1084529,-5.4666987,electrocucion,distribucion,20000.0,tower,,1.0,116.92947822474189,39.826215032625974,oct,"Cigüeña negra, Halcón peregrino, Águila perdicera"
apoyo,6396319964,https://www.openstreetmap.org/node/6396319964,36.106573,-5.4677206,electrocucion,distribucion,20000.0,tower,,1.0,116.92947822474189,39.826215032625974,oct,"Cigüeña negra, Halcón peregrino, Águila perdicera"
apoyo,6396319965,https://www.openstreetmap.org/node/6396319965,36.1078515,-5.4670541,electrocucion,distribucion,20000.0,tower,,1.0,116.92947822474189,39.826215032625974,oct,"Cigüeña negra, Halcón peregrino, Águila perdicera"
apoyo,6394097613,https://www.openstreetmap.org/node/6394097613,36.0564523,-5.5451815,electrocucion,distribucion,20000.0,tower,,1.0,116.14252823994873,50.36563722234862,nov,"Buitre negro, Milano real, Águila perdicera"
apoyo,6394097614,https://www.openstreetmap.org/node/6394097614,36.055149,-5.5478509,electrocucion,distribucion,20000.0,tower,,1.0,116.14252823994873,50.36563722234862,nov,"Buitre negro, Milano real, Águila perdicera"
apoyo,6394097616,https://www.openstreetmap.org/node/6394097616,36.0551898,-5.5461056,electrocucion,distribucion,66000.0,tower,,1.0,116.14252823994873,50.36563722234862,nov,"Buitre negro, Milano real, Águila perdicera"
linea,672499823,https://www.openstreetmap.org/way/672499823,36.10761096666666,-5.458202033333333,colision_linea,distribucion,20000.0,minor_line,,,115.78665453500557,53.940739821034434,mar,"Culebrera europea, Cigüeña negra, Halcón peregrino"
aerogenerador,9553705691,https://www.openstreetmap.org/node/9553705691,36.0462586,-5.5690793,colision_aerogenerador,eolico,,3 MW,,,115.77648175679553,61.424948387639695,oct,"Cigüeña negra, Águila imperial ibérica, Águila perdicera"
aerogenerador,9553705689,https://www.openstreetmap.org/node/9553705689,36.0494698,-5.5664125,colision_aerogenerador,eolico,,3 MW,,,115.77648175679553,61.424948387639695,oct,"Cigüeña negra, Águila imperial ibérica, Águila perdicera"
aerogenerador,9553705690,https://www.openstreetmap.org/node/9553705690,36.0480624,-5.5679441,colision_aerogenerador,eolico,,3 MW,,,115.77648175679553,61.424948387639695,oct,"Cigüeña negra, Águila imperial ibérica, Águila perdicera"
linea,1037833452,https://www.openstreetmap.org/way/1037833452,36.030819300000005,-5.6094232,colision_linea,distribucion,66000.0,Línea de alta tensión Cubillo - Getares,,,114.34582290951106,48.39751717665067,sep,"Milano negro, Cigüeña negra, Alimoche"
linea,1037833453,https://www.openstreetmap.org/way/1037833453,36.030853050000005,-5.609448,colision_linea,distribucion,66000.0,Línea de alta tensión Cubillo - Pesur,,,114.34582290951106,48.39751717665067,sep,"Milano negro, Cigüeña negra, Alimoche"
linea,1037833454,https://www.openstreetmap.org/way/1037833454,36.030778725000005,-5.609568325000001,colision_linea,distribucion,66000.0,line,,,114.34582290951106,48.39751717665067,sep,"Milano negro, Cigüeña negra, Alimoche"
linea,684998097,https://www.openstreetmap.org/way/684998097,36.030627100000004,-5.6085524,colision_linea,distribucion,20000.0,minor_line,,,114.34582290951106,48.39751717665067,sep,"Milano negro, Cigüeña negra, Alimoche"
linea,684998095,https://www.openstreetmap.org/way/684998095,36.0308226,-5.609670100000001,colision_linea,distribucion,66000.0,Línea de alta tensión Cubillo - Pesur,,,114.34582290951106,48.39751717665067,sep,"Milano negro, Cigüeña negra, Alimoche"
linea,684998096,https://www.openstreetmap.org/way/684998096,36.03075415,-5.60961915,colision_linea,distribucion,66000.0,Línea de alta tensión Cubillo - Getares,,,114.34582290951106,48.39751717665067,sep,"Milano negro, Cigüeña negra, Alimoche"
apoyo,6396319948,https://www.openstreetmap.org/node/6396319948,36.0834594,-5.4916486,electrocucion,distribucion,20000.0,tower,,1.0,113.38399638387604,40.53951760330201,oct,"Cigüeña negra, Halcón peregrino, Milano real"
apoyo,6396319947,https://www.openstreetmap.org/node/6396319947,36.0824905,-5.4934162,electrocucion,distribucion,20000.0,tower,,1.0,113.38399638387604,40.53951760330201,oct,"Cigüeña negra, Halcón peregrino, Milano real"
apoyo,6396319946,https://www.openstreetmap.org/node/6396319946,36.0816082,-5.4949766,electrocucion,distribucion,20000.0,tower,,1.0,113.38399638387604,40.53951760330201,oct,"Cigüeña negra, Halcón peregrino, Milano real"
apoyo,3455539558,https://www.openstreetmap.org/node/3455539558,36.1511148,-5.8084432,electrocucion,distribucion,20000.0,tower,,1.3,113.1877924965843,58.63046558437902,nov,"Buitre negro, Halcón peregrino, Águila perdicera"
linea,1334231061,https://www.openstreetmap.org/way/1334231061,36.30260775,-5.3028204500000005,colision_linea,desconocida,,line,,,112.63799021355744,29.497754986851955,sep,"Cigüeña negra, Águila calzada, Culebrera europea"
linea,707247869,https://www.openstreetmap.org/way/707247869,36.24228950769231,-5.826719353846153,colision_linea,distribucion,20000.0,minor_line,,,112.56268431766664,63.654636541170255,nov,"Grulla común, Águila perdicera, Cigüeña blanca"
linea,1316644524,https://www.openstreetmap.org/way/1316644524,36.0721044,-5.6160365,colision_linea,transporte,400000.0,line,,,111.88015122047577,57.28849204678949,sep,"Milano negro, Cigüeña negra, Águila real"
linea,1316644505,https://www.openstreetmap.org/way/1316644505,36.07280883333333,-5.6153217,colision_linea,transporte,220000.0,line,,,111.88015122047577,57.28849204678949,sep,"Milano negro, Cigüeña negra, Águila real"
linea,1316644509,https://www.openstreetmap.org/way/1316644509,36.071975519999995,-5.615311159999999,colision_linea,transporte,400000.0,line,,,111.88015122047577,57.28849204678949,sep,"Milano negro, Cigüeña negra, Águila real"
linea,1316644522,https://www.openstreetmap.org/way/1316644522,36.0724319,-5.61580075,colision_linea,transporte,400000.0,line,,,111.88015122047577,57.28849204678949,sep,"Milano negro, Cigüeña negra, Águila real"
linea,1316644523,https://www.openstreetmap.org/way/1316644523,36.07224875,-5.6159326499999995,colision_linea,transporte,400000.0,line,,,111.88015122047577,57.28849204678949,sep,"Milano negro, Cigüeña negra, Águila real"
linea,1316644520,https://www.openstreetmap.org/way/1316644520,36.07231602857143,-5.615466485714285,colision_linea,transporte,400000.0,line,,,111.88015122047577,57.28849204678949,sep,"Milano negro, Cigüeña negra, Águila real"
linea,1316644508,https://www.openstreetmap.org/way/1316644508,36.072254328571425,-5.615716442857143,colision_linea,transporte,400000.0,line,,,111.88015122047577,57.28849204678949,sep,"Milano negro, Cigüeña negra, Águila real"
linea,1316644525,https://www.openstreetmap.org/way/1316644525,36.0723573,-5.6158544500000005,colision_linea,transporte,400000.0,line,,,111.88015122047577,57.28849204678949,sep,"Milano negro, Cigüeña negra, Águila real"
linea,1316644526,https://www.openstreetmap.org/way/1316644526,36.0725209,-5.6157366,colision_linea,transporte,400000.0,line,,,111.88015122047577,57.28849204678949,sep,"Milano negro, Cigüeña negra, Águila real"
apoyo,6434174464,https://www.openstreetmap.org/node/6434174464,36.031706,-5.6089436,electrocucion,distribucion,66000.0,tower,,1.0,111.34375886075007,49.33314675520433,sep,"Milano negro, Cigüeña negra, Alimoche"
apoyo,9559243964,https://www.openstreetmap.org/node/9559243964,36.0340279,-5.6079868,electrocucion,distribucion,66000.0,tower,,1.0,111.34375886075007,49.33314675520433,sep,"Milano negro, Cigüeña negra, Alimoche"
linea,98603320,https://www.openstreetmap.org/way/98603320,36.0329319,-5.601459600000001,colision_linea,transporte,400000.0,Línea de alta tensión Puerto de la Cruz - Tarifa 1,,,111.0376526136641,47.41341577288795,sep,"Milano negro, Cigüeña negra, Alimoche"
linea,181674242,https://www.openstreetmap.org/way/181674242,36.03305809999999,-5.602342,colision_linea,transporte,400000.0,Línea de alta tensión Puerto de la Cruz - Tarifa 2,,,111.0376526136641,47.41341577288795,sep,"Milano negro, Cigüeña negra, Alimoche"
apoyo,6406806903,https://www.openstreetmap.org/node/6406806903,36.0570844,-5.5225396,electrocucion,distribucion,20000.0,pole,,1.0,110.9083593079063,47.05472877406169,nov,"Buitre negro, Milano real, Halcón peregrino"
apoyo,6406806902,https://www.openstreetmap.org/node/6406806902,36.0558116,-5.5207399,electrocucion,distribucion,20000.0,pole,,1.0,110.9083593079063,47.05472877406169,nov,"Buitre negro, Milano real, Halcón peregrino"
apoyo,6406806904,https://www.openstreetmap.org/node/6406806904,36.0588787,-5.5236796,electrocucion,distribucion,20000.0,pole,,1.0,110.9083593079063,47.05472877406169,nov,"Buitre negro, Milano real, Halcón peregrino"
apoyo,6394097622,https://www.openstreetmap.org/node/6394097622,36.0589799,-5.5245885,electrocucion,distribucion,66000.0,tower,,1.0,110.9083593079063,47.05472877406169,nov,"Buitre negro, Milano real, Halcón peregrino"
apoyo,6408921275,https://www.openstreetmap.org/node/6408921275,36.0393277,-5.5622712,electrocucion,distribucion,20000.0,tower,,1.0,109.68871047046176,50.55062383479412,oct,"Cigüeña negra, Águila perdicera, Milano real"
apoyo,6408921274,https://www.openstreetmap.org/node/6408921274,36.0369452,-5.5644344,electrocucion,distribucion,20000.0,tower,,1.0,109.68871047046176,50.55062383479412,oct,"Cigüeña negra, Águila perdicera, Milano real"
apoyo,2318258399,https://www.openstreetmap.org/node/2318258399,36.4467823,-5.9144544,electrocucion,distribucion,66000.0,tower,,1.0,109.47729336747784,24.1201071388177,dic,"Águila imperial ibérica, Milano real, Águila perdicera"
linea,694130250,https://www.openstreetmap.org/way/694130250,36.244520933333334,-5.81941805,colision_linea,distribucion,66000.0,Línea de alta tensión Atlanterra - Lomas y Lomas - Vejer de la Frontera,,,109.45221053179228,62.38046088684499,nov,"Grulla común, Águila perdicera, Cigüeña blanca"
apoyo,6418344281,https://www.openstreetmap.org/node/6418344281,36.0278612,-5.5813792,electrocucion,distribucion,20000.0,tower,,1.0,109.34375845539893,48.273872343449824,oct,"Cigüeña negra, Milano real, Culebrera europea"
apoyo,6418344279,https://www.openstreetmap.org/node/6418344279,36.0259414,-5.5848383,electrocucion,distribucion,20000.0,tower,,1.0,109.34375845539893,48.273872343449824,oct,"Cigüeña negra, Milano real, Culebrera europea"
apoyo,6418344280,https://www.openstreetmap.org/node/6418344280,36.0268395,-5.5833305,electrocucion,distribucion,20000.0,tower,,1.0,109.34375845539893,48.273872343449824,oct,"Cigüeña negra, Milano real, Culebrera europea"
apoyo,6646383348,https://www.openstreetmap.org/node/6646383348,36.2460989,-5.833814,electrocucion,distribucion,20000.0,tower,,1.0,108.97230989928981,67.45176174331833,oct,"Cigüeña blanca, Águila perdicera, Águila imperial ibérica"
apoyo,6646383349,https://www.openstreetmap.org/node/6646383349,36.2464245,-5.8349405,electrocucion,distribucion,20000.0,tower,,1.0,108.97230989928981,67.45176174331833,oct,"Cigüeña blanca, Águila perdicera, Águila imperial ibérica"
apoyo,6394097651,https://www.openstreetmap.org/node/6394097651,36.0832853,-5.4817937,electrocucion,distribucion,66000.0,tower,,1.0,108.94700280338141,35.29496735809213,oct,"Cigüeña negra, Halcón peregrino, Águila perdicera"
apoyo,6394097650,https://www.openstreetmap.org/node/6394097650,36.0826439,-5.4831393,electrocucion,distribucion,66000.0,tower,,1.0,108.94700280338141,35.29496735809213,oct,"Cigüeña negra, Halcón peregrino, Águila perdicera"
apoyo,6418344282,https://www.openstreetmap.org/node/6418344282,36.028795,-5.5799416,electrocucion,distribucion,20000.0,tower,,1.0,108.5119357484225,47.17134835058929,oct,"Cigüeña negra, Milano real, Culebrera europea"
apoyo,6418344283,https://www.openstreetmap.org/node/6418344283,36.0291236,-5.5783618,electrocucion,distribucion,20000.0,tower,,1.0,108.5119357484225,47.17134835058929,oct,"Cigüeña negra, Milano real, Culebrera europea"
apoyo,6418344284,https://www.openstreetmap.org/node/6418344284,36.0295195,-5.576511,electrocucion,distribucion,20000.0,tower,,1.0,108.5119357484225,47.17134835058929,oct,"Cigüeña negra, Milano real, Culebrera europea"
apoyo,6297581919,https://www.openstreetmap.org/node/6297581919,36.10669,-5.4598349,electrocucion,distribucion,20000.0,tower,,1.0,107.62118676275992,49.05970222287678,oct,"Águila real, Halcón peregrino, Cigüeña negra"
apoyo,12229331473,https://www.openstreetmap.org/node/12229331473,36.1092502,-5.4578058,electrocucion,distribucion,20000.0,tower,,1.0,107.62118676275992,49.05970222287678,oct,"Águila real, Halcón peregrino, Cigüeña negra"
apoyo,6297581901,https://www.openstreetmap.org/node/6297581901,36.1095293,-5.4571446,electrocucion,distribucion,66000.0,tower,,1.0,107.62118676275992,49.05970222287678,oct,"Águila real, Halcón peregrino, Cigüeña negra"
apoyo,12229331482,https://www.openstreetmap.org/node/12229331482,36.1095328,-5.4593841,electrocucion,distribucion,20000.0,tower,,1.0,107.62118676275992,49.05970222287678,oct,"Águila real, Halcón peregrino, Cigüeña negra"
apoyo,4038091170,https://www.openstreetmap.org/node/4038091170,36.109728,-5.457132,electrocucion,distribucion,66000.0,tower,,1.0,107.62118676275992,49.05970222287678,oct,"Águila real, Halcón peregrino, Cigüeña negra"
apoyo,6297581920,https://www.openstreetmap.org/node/6297581920,36.1071635,-5.4577924,electrocucion,distribucion,20000.0,tower,,1.0,107.62118676275992,49.05970222287678,oct,"Águila real, Halcón peregrino, Cigüeña negra"
apoyo,6297581921,https://www.openstreetmap.org/node/6297581921,36.1089794,-5.4569788,electrocucion,distribucion,20000.0,tower,,1.0,107.62118676275992,49.05970222287678,oct,"Águila real, Halcón peregrino, Cigüeña negra"
apoyo,6297581903,https://www.openstreetmap.org/node/6297581903,36.1069186,-5.4593173,electrocucion,distribucion,66000.0,tower,,1.0,107.62118676275992,49.05970222287678,oct,"Águila real, Halcón peregrino, Cigüeña negra"
aerogenerador,1968239107,https://www.openstreetmap.org/node/1968239107,36.0792138,-5.6566593,colision_aerogenerador,eolico,,2 MW,,,105.31543638788601,47.03795311443392,sep,"Cigüeña negra, Abejero europeo, Águila calzada"
aerogenerador,1968239181,https://www.openstreetmap.org/node/1968239181,36.0766188,-5.6586294,colision_aerogenerador,eolico,,2 MW,,,105.31543638788601,47.03795311443392,sep,"Cigüeña negra, Abejero europeo, Águila calzada"
aerogenerador,1968239167,https://www.openstreetmap.org/node/1968239167,36.0780692,-5.6574653,colision_aerogenerador,eolico,,2 MW,,,105.31543638788601,47.03795311443392,sep,"Cigüeña negra, Abejero europeo, Águila calzada"
apoyo,6396319950,https://www.openstreetmap.org/node/6396319950,36.0857864,-5.487404,electrocucion,distribucion,20000.0,tower,,1.0,101.71378572435037,31.16466445915114,oct,"Cigüeña negra, Halcón peregrino, Águila perdicera"
apoyo,4038091162,https://www.openstreetmap.org/node/4038091162,36.1078129,-5.4738942,electrocucion,distribucion,66000.0,tower,,1.0,100.26228905251031,31.590649270336424,oct,"Cigüeña negra, Águila perdicera, Halcón peregrino"
apoyo,4038091164,https://www.openstreetmap.org/node/4038091164,36.1080028,-5.4718991,electrocucion,distribucion,66000.0,tower,,1.0,100.26228905251031,31.590649270336424,oct,"Cigüeña negra, Águila perdicera, Halcón peregrino"
apoyo,6394097653,https://www.openstreetmap.org/node/6394097653,36.0860757,-5.4766335,electrocucion,distribucion,66000.0,tower,,1.0,99.99890718395565,29.536536565069852,oct,"Cigüeña negra, Águila perdicera, Halcón peregrino"
aerogenerador,1140761851,https://www.openstreetmap.org/node/1140761851,36.0525827,-5.5861537,colision_aerogenerador,eolico,,2 MW,,,97.38474386840099,56.44714879753291,oct,"Cigüeña negra, Águila imperial ibérica, Águila perdicera"
aerogenerador,1140761935,https://www.openstreetmap.org/node/1140761935,36.0540639,-5.5861961,colision_aerogenerador,eolico,,2 MW,,,97.38474386840099,56.44714879753291,oct,"Cigüeña negra, Águila imperial ibérica, Águila perdicera"
aerogenerador,1140761590,https://www.openstreetmap.org/node/1140761590,36.0514165,-5.5865372,colision_aerogenerador,eolico,,2 MW,,,97.38474386840099,56.44714879753291,oct,"Cigüeña negra, Águila imperial ibérica, Águila perdicera"
aerogenerador,1140761604,https://www.openstreetmap.org/node/1140761604,36.0554096,-5.5871788,colision_aerogenerador,eolico,,2 MW,,,97.28742928026442,60.3879282325046,oct,"Cigüeña negra, Águila imperial ibérica, Águila real"
aerogenerador,1140761824,https://www.openstreetmap.org/node/1140761824,36.0582996,-5.5873921,colision_aerogenerador,eolico,,2 MW,,,97.28742928026442,60.3879282325046,oct,"Cigüeña negra, Águila imperial ibérica, Águila real"
aerogenerador,1140761713,https://www.openstreetmap.org/node/1140761713,36.0568721,-5.5869636,colision_aerogenerador,eolico,,2 MW,,,97.28742928026442,60.3879282325046,oct,"Cigüeña negra, Águila imperial ibérica, Águila real"
aerogenerador,1140761908,https://www.openstreetmap.org/node/1140761908,36.0595505,-5.5883925,colision_aerogenerador,eolico,,2 MW,,,97.28742928026442,60.3879282325046,oct,"Cigüeña negra, Águila imperial ibérica, Águila real"
apoyo,6394097635,https://www.openstreetmap.org/node/6394097635,36.0769428,-5.4971309,electrocucion,distribucion,66000.0,tower,,1.0,97.02398106045081,43.79365777246124,oct,"Cigüeña negra, Águila real, Milano real"
apoyo,6394097600,https://www.openstreetmap.org/node/6394097600,36.0796703,-5.4985875,electrocucion,distribucion,20000.0,tower,,1.0,97.02398106045081,43.79365777246124,oct,"Cigüeña negra, Águila real, Milano real"
apoyo,6394097634,https://www.openstreetmap.org/node/6394097634,36.0780461,-5.4999756,electrocucion,distribucion,66000.0,tower,,1.0,97.02398106045081,43.79365777246124,oct,"Cigüeña negra, Águila real, Milano real"
apoyo,6418344272,https://www.openstreetmap.org/node/6418344272,36.020529,-5.594054,electrocucion,distribucion,20000.0,tower,,1.0,96.78029821094282,41.894201235243536,sep,"Cigüeña negra, Milano negro, Alimoche"
apoyo,6418344274,https://www.openstreetmap.org/node/6418344274,36.0226332,-5.5905296,electrocucion,distribucion,20000.0,tower,,1.0,96.78029821094282,41.894201235243536,sep,"Cigüeña negra, Milano negro, Alimoche"
apoyo,6418344273,https://www.openstreetmap.org/node/6418344273,36.0216918,-5.5921175,electrocucion,distribucion,20000.0,tower,,1.0,96.78029821094282,41.894201235243536,sep,"Cigüeña negra, Milano negro, Alimoche"
linea,401373803,https://www.openstreetmap.org/way/401373803,36.2463204,-5.4132834,colision_linea,distribucion,66000.0,line,,,96.37979852379173,46.21545012689509,may,"Águila calzada, Cigüeña blanca, Águila real"
linea,401373806,https://www.openstreetmap.org/way/401373806,36.246365,-5.4131581,colision_linea,distribucion,66000.0,line,,,96.37979852379173,46.21545012689509,may,"Águila calzada, Cigüeña blanca, Águila real"
linea,401373807,https://www.openstreetmap.org/way/401373807,36.24751366666666,-5.413257333333333,colision_linea,transporte,220000.0,line,Red Eléctrica de España,,96.37979852379173,46.21545012689509,may,"Águila calzada, Cigüeña blanca, Águila real"
linea,666476441,https://www.openstreetmap.org/way/666476441,36.24751743636364,-5.412685145454545,colision_linea,transporte,220000.0,line,Red Eléctrica de España,,96.37979852379173,46.21545012689509,may,"Águila calzada, Cigüeña blanca, Águila real"
linea,666476444,https://www.openstreetmap.org/way/666476444,36.248065318181816,-5.4130768636363635,colision_linea,transporte,220000.0,line,Red Eléctrica de España,,96.37979852379173,46.21545012689509,may,"Águila calzada, Cigüeña blanca, Águila real"
linea,666476449,https://www.openstreetmap.org/way/666476449,36.247733000000004,-5.41302876,colision_linea,transporte,220000.0,line,Red Eléctrica de España,,96.37979852379173,46.21545012689509,may,"Águila calzada, Cigüeña blanca, Águila real"
linea,401373766,https://www.openstreetmap.org/way/401373766,36.24669695,-5.41244795,colision_linea,distribucion,66000.0,line,,,96.37979852379173,46.21545012689509,may,"Águila calzada, Cigüeña blanca, Águila real"
linea,401373793,https://www.openstreetmap.org/way/401373793,36.24757948333333,-5.413114266666667,colision_linea,transporte,220000.0,line,Red Eléctrica de España,,96.37979852379173,46.21545012689509,may,"Águila calzada, Cigüeña blanca, Águila real"
linea,181674235,https://www.openstreetmap.org/way/181674235,36.248628599999996,-5.413396733333333,colision_linea,transporte,220000.0,line,Red Eléctrica de España,,96.37979852379173,46.21545012689509,may,"Águila calzada, Cigüeña blanca, Águila real"
linea,181657684,https://www.openstreetmap.org/way/181657684,36.248252,-5.411268285714287,colision_linea,transporte,400000.0,line,Red Eléctrica de España,,96.37979852379173,46.21545012689509,may,"Águila calzada, Cigüeña blanca, Águila real"
linea,1262731236,https://www.openstreetmap.org/way/1262731236,36.246555400000005,-5.413309066666667,colision_linea,distribucion,66000.0,line,,,96.37979852379173,46.21545012689509,may,"Águila calzada, Cigüeña blanca, Águila real"
linea,1262731235,https://www.openstreetmap.org/way/1262731235,36.24658423333333,-5.4132469,colision_linea,distribucion,66000.0,line,,,96.37979852379173,46.21545012689509,may,"Águila calzada, Cigüeña blanca, Águila real"
linea,1262731240,https://www.openstreetmap.org/way/1262731240,36.24649873333333,-5.413431033333334,colision_linea,distribucion,66000.0,line,,,96.37979852379173,46.21545012689509,may,"Águila calzada, Cigüeña blanca, Águila real"
linea,1262731239,https://www.openstreetmap.org/way/1262731239,36.24652873333333,-5.413366433333333,colision_linea,distribucion,66000.0,line,,,96.37979852379173,46.21545012689509,may,"Águila calzada, Cigüeña blanca, Águila real"
linea,1262731238,https://www.openstreetmap.org/way/1262731238,36.246335450000004,-5.4132511,colision_linea,distribucion,66000.0,line,,,96.37979852379173,46.21545012689509,may,"Águila calzada, Cigüeña blanca, Águila real"
linea,181674237,https://www.openstreetmap.org/way/181674237,36.248001300000006,-5.41244916,colision_linea,transporte,220000.0,line,Red Eléctrica de España,,96.37979852379173,46.21545012689509,may,"Águila calzada, Cigüeña blanca, Águila real"
linea,1262731188,https://www.openstreetmap.org/way/1262731188,36.2477447,-5.411621200000001,colision_linea,transporte,400000.0,line,Red Eléctrica de España,,96.37979852379173,46.21545012689509,may,"Águila calzada, Cigüeña blanca, Águila real"
linea,1262731189,https://www.openstreetmap.org/way/1262731189,36.2477993,-5.41150585,colision_linea,transporte,400000.0,line,Red Eléctrica de España,,96.37979852379173,46.21545012689509,may,"Águila calzada, Cigüeña blanca, Águila real"
linea,1262731190,https://www.openstreetmap.org/way/1262731190,36.24787875,-5.411333900000001,colision_linea,transporte,400000.0,line,Red Eléctrica de España,,96.37979852379173,46.21545012689509,may,"Águila calzada, Cigüeña blanca, Águila real"
linea,1262731191,https://www.openstreetmap.org/way/1262731191,36.247532,-5.41155045,colision_linea,transporte,220000.0,line,,,96.37979852379173,46.21545012689509,may,"Águila calzada, Cigüeña blanca, Águila real"
linea,1262731192,https://www.openstreetmap.org/way/1262731192,36.2475558,-5.4114901,colision_linea,transporte,220000.0,line,,,96.37979852379173,46.21545012689509,may,"Águila calzada, Cigüeña blanca, Águila real"
linea,1262731193,https://www.openstreetmap.org/way/1262731193,36.2475866,-5.4114351,colision_linea,transporte,220000.0,line,,,96.37979852379173,46.21545012689509,may,"Águila calzada, Cigüeña blanca, Águila real"
linea,1262731194,https://www.openstreetmap.org/way/1262731194,36.2477121,-5.411138749999999,colision_linea,transporte,220000.0,line,Red Eléctrica de España,,96.37979852379173,46.21545012689509,may,"Águila calzada, Cigüeña blanca, Águila real"
linea,1262731195,https://www.openstreetmap.org/way/1262731195,36.24773965,-5.4110811,colision_linea,transporte,220000.0,line,Red Eléctrica de España,,96.37979852379173,46.21545012689509,may,"Águila calzada, Cigüeña blanca, Águila real"
linea,1262731196,https://www.openstreetmap.org/way/1262731196,36.247684500000005,-5.4111977499999995,colision_linea,transporte,220000.0,line,Red Eléctrica de España,,96.37979852379173,46.21545012689509,may,"Águila calzada, Cigüeña blanca, Águila real"
linea,1262731200,https://www.openstreetmap.org/way/1262731200,36.2479674,-5.41078645,colision_linea,transporte,400000.0,line,Red Eléctrica de España,,96.37979852379173,46.21545012689509,may,"Águila calzada, Cigüeña blanca, Águila real"
linea,1262727182,https://www.openstreetmap.org/way/1262727182,36.24712015,-5.412259949999999,colision_linea,transporte,220000.0,Línea de alta tensión Cañuelo - Pinar del Rey,Red Eléctrica de España,,96.37979852379173,46.21545012689509,may,"Águila calzada, Cigüeña blanca, Águila real"
linea,1262727183,https://www.openstreetmap.org/way/1262727183,36.2470868,-5.412331999999999,colision_linea,transporte,220000.0,Línea de alta tensión Cañuelo - Pinar del Rey,Red Eléctrica de España,,96.37979852379173,46.21545012689509,may,"Águila calzada, Cigüeña blanca, Águila real"
linea,402002689,https://www.openstreetmap.org/way/402002689,36.24867701666667,-5.411536916666667,colision_linea,transporte,400000.0,line,Red Eléctrica de España,,96.37979852379173,46.21545012689509,may,"Águila calzada, Cigüeña blanca, Águila real"
linea,402002688,https://www.openstreetmap.org/way/402002688,36.24876381666667,-5.411347266666667,colision_linea,transporte,400000.0,line,Red Eléctrica de España,,96.37979852379173,46.21545012689509,may,"Águila calzada, Cigüeña blanca, Águila real"
linea,401373810,https://www.openstreetmap.org/way/401373810,36.247868800000006,-5.4127354,colision_linea,transporte,220000.0,line,Red Eléctrica de España,,96.37979852379173,46.21545012689509,may,"Águila calzada, Cigüeña blanca, Águila real"
linea,401373808,https://www.openstreetmap.org/way/401373808,36.246427100000005,-5.413030750000001,colision_linea,distribucion,66000.0,line,,,96.37979852379173,46.21545012689509,may,"Águila calzada, Cigüeña blanca, Águila real"
linea,401373758,https://www.openstreetmap.org/way/401373758,36.24657935,-5.4127056499999995,colision_linea,distribucion,66000.0,line,,,96.37979852379173,46.21545012689509,may,"Águila calzada, Cigüeña blanca, Águila real"
linea,181674240,https://www.openstreetmap.org/way/181674240,36.24744321666667,-5.413411616666667,colision_linea,transporte,220000.0,line,Red Eléctrica de España,,96.37979852379173,46.21545012689509,may,"Águila calzada, Cigüeña blanca, Águila real"
linea,181674241,https://www.openstreetmap.org/way/181674241,36.248507200000006,-5.413692566666666,colision_linea,transporte,220000.0,line,Red Eléctrica de España,,96.37979852379173,46.21545012689509,may,"Águila calzada, Cigüeña blanca, Águila real"
linea,401373755,https://www.openstreetmap.org/way/401373755,36.24672746666667,-5.412938566666667,colision_linea,distribucion,66000.0,line,,,96.37979852379173,46.21545012689509,may,"Águila calzada, Cigüeña blanca, Águila real"
linea,666476453,https://www.openstreetmap.org/way/666476453,36.249033275,-5.411958137499999,colision_linea,transporte,400000.0,line,Red Eléctrica de España,,96.37979852379173,46.21545012689509,may,"Águila calzada, Cigüeña blanca, Águila real"
linea,659000363,https://www.openstreetmap.org/way/659000363,36.24638003333333,-5.4136852,colision_linea,distribucion,66000.0,line,,,96.37979852379173,46.21545012689509,may,"Águila calzada, Cigüeña blanca, Águila real"
linea,666476456,https://www.openstreetmap.org/way/666476456,36.24885626666667,-5.411145333333334,colision_linea,transporte,400000.0,line,Red Eléctrica de España,,96.37979852379173,46.21545012689509,may,"Águila calzada, Cigüeña blanca, Águila real"
linea,181674238,https://www.openstreetmap.org/way/181674238,36.248576183333334,-5.411757216666667,colision_linea,transporte,400000.0,line,Red Eléctrica de España,,96.37979852379173,46.21545012689509,may,"Águila calzada, Cigüeña blanca, Águila real"
linea,1262731185,https://www.openstreetmap.org/way/1262731185,36.24790635,-5.4112749,colision_linea,transporte,400000.0,line,Red Eléctrica de España,,96.37979852379173,46.21545012689509,may,"Águila calzada, Cigüeña blanca, Águila real"
linea,1262727189,https://www.openstreetmap.org/way/1262727189,36.24806418,-5.4123133,colision_linea,transporte,220000.0,line,Red Eléctrica de España,,96.37979852379173,46.21545012689509,may,"Águila calzada, Cigüeña blanca, Águila real"
linea,1262727187,https://www.openstreetmap.org/way/1262727187,36.247802099999994,-5.412879479999999,colision_linea,transporte,220000.0,line,Red Eléctrica de España,,96.37979852379173,46.21545012689509,may,"Águila calzada, Cigüeña blanca, Águila real"
linea,1262727186,https://www.openstreetmap.org/way/1262727186,36.247928300000005,-5.41260686,colision_linea,transporte,220000.0,line,Red Eléctrica de España,,96.37979852379173,46.21545012689509,may,"Águila calzada, Cigüeña blanca, Águila real"
linea,1262731225,https://www.openstreetmap.org/way/1262731225,36.24678566666667,-5.4128133,colision_linea,distribucion,66000.0,line,,,96.37979852379173,46.21545012689509,may,"Águila calzada, Cigüeña blanca, Águila real"
linea,1262731224,https://www.openstreetmap.org/way/1262731224,36.24666815,-5.412509849999999,colision_linea,distribucion,66000.0,line,,,96.37979852379173,46.21545012689509,may,"Águila calzada, Cigüeña blanca, Águila real"
linea,1262731223,https://www.openstreetmap.org/way/1262731223,36.246903833333334,-5.412558799999999,colision_linea,distribucion,66000.0,line,,,96.37979852379173,46.21545012689509,may,"Águila calzada, Cigüeña blanca, Águila real"
linea,1262731222,https://www.openstreetmap.org/way/1262731222,36.246202,-5.4135652,colision_linea,distribucion,66000.0,line,,,96.37979852379173,46.21545012689509,may,"Águila calzada, Cigüeña blanca, Águila real"
linea,1262731201,https://www.openstreetmap.org/way/1262731201,36.247924,-5.41088125,colision_linea,transporte,400000.0,line,Red Eléctrica de España,,96.37979852379173,46.21545012689509,may,"Águila calzada, Cigüeña blanca, Águila real"
linea,1262731237,https://www.openstreetmap.org/way/1262731237,36.2464651,-5.4135032999999995,colision_linea,distribucion,66000.0,line,,,96.37979852379173,46.21545012689509,may,"Águila calzada, Cigüeña blanca, Águila real"
linea,1262731187,https://www.openstreetmap.org/way/1262731187,36.2477685,-5.411560850000001,colision_linea,transporte,400000.0,line,Red Eléctrica de España,,96.37979852379173,46.21545012689509,may,"Águila calzada, Cigüeña blanca, Águila real"
linea,1262731186,https://www.openstreetmap.org/way/1262731186,36.24793390000001,-5.41121725,colision_linea,transporte,400000.0,line,Red Eléctrica de España,,96.37979852379173,46.21545012689509,may,"Águila calzada, Cigüeña blanca, Águila real"
linea,1262731246,https://www.openstreetmap.org/way/1262731246,36.24825945,-5.4136592,colision_linea,transporte,220000.0,line,Red Eléctrica de España,,96.37979852379173,46.21545012689509,may,"Águila calzada, Cigüeña blanca, Águila real"
linea,1262731205,https://www.openstreetmap.org/way/1262731205,36.24955035,-5.41204675,colision_linea,transporte,400000.0,line,Red Eléctrica de España,,96.37979852379173,46.21545012689509,may,"Águila calzada, Cigüeña blanca, Águila real"
linea,1262731203,https://www.openstreetmap.org/way/1262731203,36.24847031666667,-5.411988466666667,colision_linea,transporte,400000.0,line,Red Eléctrica de España,,96.37979852379173,46.21545012689509,may,"Águila calzada, Cigüeña blanca, Águila real"
linea,1262731202,https://www.openstreetmap.org/way/1262731202,36.24930975,-5.41233695,colision_linea,transporte,400000.0,Línea de alta tensión Los Barrios - Pinar del Rey,Red Eléctrica de España,,96.37979852379173,46.21545012689509,may,"Águila calzada, Cigüeña blanca, Águila real"
linea,1262731221,https://www.openstreetmap.org/way/1262731221,36.246935199999996,-5.41302405,colision_linea,distribucion,66000.0,line,,,96.37979852379173,46.21545012689509,may,"Águila calzada, Cigüeña blanca, Águila real"
linea,1262731220,https://www.openstreetmap.org/way/1262731220,36.24699579999999,-5.41288175,colision_linea,distribucion,66000.0,line,,,96.37979852379173,46.21545012689509,may,"Águila calzada, Cigüeña blanca, Águila real"
linea,1262731219,https://www.openstreetmap.org/way/1262731219,36.2470616,-5.41274705,colision_linea,distribucion,66000.0,line,,,96.37979852379173,46.21545012689509,may,"Águila calzada, Cigüeña blanca, Águila real"
linea,1262731218,https://www.openstreetmap.org/way/1262731218,36.24840695,-5.4131652500000005,colision_linea,transporte,220000.0,line,Red Eléctrica de España,,96.37979852379173,46.21545012689509,may,"Águila calzada, Cigüeña blanca, Águila real"
linea,1262731217,https://www.openstreetmap.org/way/1262731217,36.248373599999994,-5.4132373000000005,colision_linea,transporte,220000.0,line,Red Eléctrica de España,,96.37979852379173,46.21545012689509,may,"Águila calzada, Cigüeña blanca, Águila real"
linea,1262731216,https://www.openstreetmap.org/way/1262731216,36.248943233333335,-5.412761933333333,colision_linea,transporte,220000.0,Línea de alta tensión Los Barrios - Pinar del Rey,Red Eléctrica de España,,96.37979852379173,46.21545012689509,may,"Águila calzada, Cigüeña blanca, Águila real"
linea,1262727185,https://www.openstreetmap.org/way/1262727185,36.24726065,-5.41194475,colision_linea,transporte,220000.0,line,Red Eléctrica de España,,96.37979852379173,46.21545012689509,may,"Águila calzada, Cigüeña blanca, Águila real"
linea,1262727184,https://www.openstreetmap.org/way/1262727184,36.24722415,-5.4120235999999995,colision_linea,transporte,220000.0,line,Red Eléctrica de España,,96.37979852379173,46.21545012689509,may,"Águila calzada, Cigüeña blanca, Águila real"
linea,1262731243,https://www.openstreetmap.org/way/1262731243,36.24747596666666,-5.411740533333334,colision_linea,transporte,220000.0,line,,,96.37979852379173,46.21545012689509,may,"Águila calzada, Cigüeña blanca, Águila real"
linea,1262731244,https://www.openstreetmap.org/way/1262731244,36.248132299999995,-5.41390875,colision_linea,transporte,220000.0,line,Red Eléctrica de España,,96.37979852379173,46.21545012689509,may,"Águila calzada, Cigüeña blanca, Águila real"
linea,1262731245,https://www.openstreetmap.org/way/1262731245,36.2482264,-5.4137306,colision_linea,transporte,220000.0,line,Red Eléctrica de España,,96.37979852379173,46.21545012689509,may,"Águila calzada, Cigüeña blanca, Águila real"
linea,1262731226,https://www.openstreetmap.org/way/1262731226,36.2465502,-5.41276825,colision_linea,distribucion,66000.0,line,,,96.37979852379173,46.21545012689509,may,"Águila calzada, Cigüeña blanca, Águila real"
linea,1262731227,https://www.openstreetmap.org/way/1262731227,36.246920166666676,-5.412647633333333,colision_linea,distribucion,66000.0,line,,,96.37979852379173,46.21545012689509,may,"Águila calzada, Cigüeña blanca, Águila real"
linea,1262731228,https://www.openstreetmap.org/way/1262731228,36.24684633333333,-5.412682666666666,colision_linea,distribucion,66000.0,line,,,96.37979852379173,46.21545012689509,may,"Águila calzada, Cigüeña blanca, Águila real"
linea,1262731229,https://www.openstreetmap.org/way/1262731229,36.24685746666666,-5.412776133333334,colision_linea,distribucion,66000.0,line,,,96.37979852379173,46.21545012689509,may,"Águila calzada, Cigüeña blanca, Águila real"
linea,1262731230,https://www.openstreetmap.org/way/1262731230,36.24680063333333,-5.4129022,colision_linea,distribucion,66000.0,line,,,96.37979852379173,46.21545012689509,may,"Águila calzada, Cigüeña blanca, Águila real"
linea,1262731231,https://www.openstreetmap.org/way/1262731231,36.24637945,-5.41312705,colision_linea,distribucion,66000.0,line,,,96.37979852379173,46.21545012689509,may,"Águila calzada, Cigüeña blanca, Águila real"
linea,1262731232,https://www.openstreetmap.org/way/1262731232,36.2464433,-5.412996,colision_linea,distribucion,66000.0,line,,,96.37979852379173,46.21545012689509,may,"Águila calzada, Cigüeña blanca, Águila real"
linea,1262731233,https://www.openstreetmap.org/way/1262731233,36.246613033333325,-5.4131849,colision_linea,distribucion,66000.0,line,,,96.37979852379173,46.21545012689509,may,"Águila calzada, Cigüeña blanca, Águila real"
linea,1262731234,https://www.openstreetmap.org/way/1262731234,36.24664533333333,-5.413115333333334,colision_linea,distribucion,66000.0,line,,,96.37979852379173,46.21545012689509,may,"Águila calzada, Cigüeña blanca, Águila real"
linea,1262731242,https://www.openstreetmap.org/way/1262731242,36.24671448823529,-5.413107723529412,colision_linea,distribucion,66000.0,line,,,96.37979852379173,46.21545012689509,may,"Águila calzada, Cigüeña blanca, Águila real"
linea,1262731241,https://www.openstreetmap.org/way/1262731241,36.246650152941186,-5.4130634941176465,colision_linea,distribucion,66000.0,line,,,96.37979852379173,46.21545012689509,may,"Águila calzada, Cigüeña blanca, Águila real"
linea,1262731210,https://www.openstreetmap.org/way/1262731210,36.24867556666667,-5.412411933333334,colision_linea,transporte,400000.0,line,Red Eléctrica de España,,96.37979852379173,46.21545012689509,may,"Águila calzada, Cigüeña blanca, Águila real"
linea,1262731206,https://www.openstreetmap.org/way/1262731206,36.2495069,-5.412141549999999,colision_linea,transporte,400000.0,line,Red Eléctrica de España,,96.37979852379173,46.21545012689509,may,"Águila calzada, Cigüeña blanca, Águila real"
linea,258768177,https://www.openstreetmap.org/way/258768177,36.08338843333333,-5.495178340476191,colision_linea,distribucion,20000.0,minor_line,,,96.19825349745336,39.66487153585476,oct,"Cigüeña negra, Águila perdicera, Halcón peregrino"
apoyo,3455539588,https://www.openstreetmap.org/node/3455539588,36.2472272,-5.8366916,electrocucion,distribucion,66000.0,tower,,1.0,95.24618663771301,58.006260466121155,oct,"Cigüeña blanca, Águila perdicera, Águila imperial ibérica"
apoyo,6646383356,https://www.openstreetmap.org/node/6646383356,36.2472905,-5.839849,electrocucion,distribucion,66000.0,tower,,1.0,95.24618663771301,58.006260466121155,oct,"Cigüeña blanca, Águila perdicera, Águila imperial ibérica"
apoyo,6457699883,https://www.openstreetmap.org/node/6457699883,36.0922726,-5.7848194,electrocucion,distribucion,20000.0,tower,,1.0,95.2048443714225,47.059783363414944,sep,"Halcón peregrino, Abejero europeo, Águila calzada"
apoyo,6457699882,https://www.openstreetmap.org/node/6457699882,36.0935893,-5.7820715,electrocucion,distribucion,20000.0,tower,,1.0,95.2048443714225,47.059783363414944,sep,"Halcón peregrino, Abejero europeo, Águila calzada"
apoyo,12229331419,https://www.openstreetmap.org/node/12229331419,36.1552846,-5.4747441,electrocucion,distribucion,66000.0,tower,,1.3,93.91230503810903,54.48242601848825,oct,"Águila calzada, Cigüeña blanca, Halcón peregrino"
apoyo,4038091707,https://www.openstreetmap.org/node/4038091707,36.1553051,-5.4731985,electrocucion,distribucion,66000.0,tower,,1.3,93.91230503810903,54.48242601848825,oct,"Águila calzada, Cigüeña blanca, Halcón peregrino"
apoyo,4038091709,https://www.openstreetmap.org/node/4038091709,36.1593423,-5.4721972,electrocucion,distribucion,66000.0,tower,,1.3,93.91230503810903,54.48242601848825,oct,"Águila calzada, Cigüeña blanca, Halcón peregrino"
apoyo,1123196968,https://www.openstreetmap.org/node/1123196968,36.052446,-5.5785437,electrocucion,distribucion,66000.0,tower,,1.0,93.61448560856998,48.16734873783505,oct,"Cigüeña negra, Águila perdicera, Águila imperial ibérica"
linea,683932389,https://www.openstreetmap.org/way/683932389,36.070257308,-5.5210474320000005,colision_linea,distribucion,20000.0,minor_line,,,93.10659455837536,47.827470354392595,nov,"Buitre negro, Águila perdicera, Halcón peregrino"
aerogenerador,3455539546,https://www.openstreetmap.org/node/3455539546,36.0669128,-5.5781469,colision_aerogenerador,eolico,,2 MW,,,93.03636563450178,47.11033098724959,nov,"Buitre negro, Águila perdicera, Águila imperial ibérica"
aerogenerador,3455539549,https://www.openstreetmap.org/node/3455539549,36.0688067,-5.5754686,colision_aerogenerador,eolico,,2 MW,,,93.03636563450178,47.11033098724959,nov,"Buitre negro, Águila perdicera, Águila imperial ibérica"
aerogenerador,3455539545,https://www.openstreetmap.org/node/3455539545,36.0659989,-5.5794721,colision_aerogenerador,eolico,,2 MW,,,93.03636563450178,47.11033098724959,nov,"Buitre negro, Águila perdicera, Águila imperial ibérica"
aerogenerador,3455539548,https://www.openstreetmap.org/node/3455539548,36.0680853,-5.5770128,colision_aerogenerador,eolico,,2 MW,,,93.03636563450178,47.11033098724959,nov,"Buitre negro, Águila perdicera, Águila imperial ibérica"
apoyo,2318258398,https://www.openstreetmap.org/node/2318258398,36.4441659,-5.9146938,electrocucion,distribucion,66000.0,tower,,1.0,92.99764043273133,18.930491773698648,dic,"Águila imperial ibérica, Milano real, Águila perdicera"
linea,96923823,https://www.openstreetmap.org/way/96923823,36.06192463333334,-5.587301533333334,colision_linea,distribucion,66000.0,Línea de alta tensión Cubillo - Pesur y Pesur - KW Tarifa,,,92.68625949985996,56.8468265811899,oct,"Cigüeña negra, Águila real, Águila perdicera"
linea,1316644518,https://www.openstreetmap.org/way/1316644518,36.072060683333326,-5.615031816666668,colision_linea,transporte,400000.0,line,,,91.26005237216853,48.88403743861732,sep,"Milano negro, Cigüeña negra, Águila real"
linea,1316644517,https://www.openstreetmap.org/way/1316644517,36.071901266666664,-5.615146066666667,colision_linea,transporte,400000.0,line,,,91.26005237216853,48.88403743861732,sep,"Milano negro, Cigüeña negra, Águila real"
linea,1316644516,https://www.openstreetmap.org/way/1316644516,36.07174113333333,-5.615260500000001,colision_linea,transporte,400000.0,line,,,91.26005237216853,48.88403743861732,sep,"Milano negro, Cigüeña negra, Águila real"
linea,181677164,https://www.openstreetmap.org/way/181677164,36.07321524,-5.61570362,colision_linea,transporte,220000.0,line,Red Eléctrica de España,,91.26005237216853,48.88403743861732,sep,"Milano negro, Cigüeña negra, Águila real"
linea,1316644510,https://www.openstreetmap.org/way/1316644510,36.07190181666667,-5.6149298,colision_linea,transporte,400000.0,line,,,91.26005237216853,48.88403743861732,sep,"Milano negro, Cigüeña negra, Águila real"
linea,1316644507,https://www.openstreetmap.org/way/1316644507,36.07278995,-5.61523505,colision_linea,transporte,220000.0,line,,,91.26005237216853,48.88403743861732,sep,"Milano negro, Cigüeña negra, Águila real"
linea,1316644519,https://www.openstreetmap.org/way/1316644519,36.072127525,-5.614725,colision_linea,transporte,400000.0,line,,,91.26005237216853,48.88403743861732,sep,"Milano negro, Cigüeña negra, Águila real"
apoyo,6434174471,https://www.openstreetmap.org/node/6434174471,36.0387367,-5.6196262,electrocucion,distribucion,20000.0,tower,,1.43,91.24257039831181,41.14279022425428,sep,"Milano negro, Cigüeña negra, Halcón peregrino"
apoyo,6434174468,https://www.openstreetmap.org/node/6434174468,36.0358617,-5.6156946,electrocucion,distribucion,20000.0,tower,,1.43,91.24257039831181,41.14279022425428,sep,"Milano negro, Cigüeña negra, Halcón peregrino"
aerogenerador,9553705688,https://www.openstreetmap.org/node/9553705688,36.0515461,-5.5652813,colision_aerogenerador,eolico,,3 MW,,,91.19847585269217,46.23942422692349,nov,"Buitre negro, Águila perdicera, Milano real"
aerogenerador,9553705687,https://www.openstreetmap.org/node/9553705687,36.0532035,-5.5655784,colision_aerogenerador,eolico,,3 MW,,,91.19847585269217,46.23942422692349,nov,"Buitre negro, Águila perdicera, Milano real"
apoyo,6573343365,https://www.openstreetmap.org/node/6573343365,36.220873,-5.790927,electrocucion,distribucion,66000.0,tower,,1.0,91.05085578456679,54.99386810894507,oct,"Cigüeña blanca, Águila imperial ibérica, Cigüeña negra"
apoyo,3455539580,https://www.openstreetmap.org/node/3455539580,36.2233883,-5.7921917,electrocucion,distribucion,66000.0,tower,,1.0,91.05085578456679,54.99386810894507,oct,"Cigüeña blanca, Águila imperial ibérica, Cigüeña negra"
apoyo,3455539581,https://www.openstreetmap.org/node/3455539581,36.2248826,-5.7949926,electrocucion,distribucion,66000.0,tower,,1.0,91.05085578456679,54.99386810894507,oct,"Cigüeña blanca, Águila imperial ibérica, Cigüeña negra"
apoyo,12218053032,https://www.openstreetmap.org/node/12218053032,36.1498539,-5.8077173,electrocucion,distribucion,20000.0,tower,,1.0,90.58825528389852,46.89053115447706,nov,"Buitre negro, Halcón peregrino, Águila perdicera"
apoyo,12218053033,https://www.openstreetmap.org/node/12218053033,36.1481284,-5.8068176,electrocucion,distribucion,20000.0,tower,,1.0,90.58825528389852,46.89053115447706,nov,"Buitre negro, Halcón peregrino, Águila perdicera"
apoyo,12218053034,https://www.openstreetmap.org/node/12218053034,36.1464347,-5.8059743,electrocucion,distribucion,20000.0,tower,,1.0,90.58825528389852,46.89053115447706,nov,"Buitre negro, Halcón peregrino, Águila perdicera"
apoyo,1133912088,https://www.openstreetmap.org/node/1133912088,36.1472607,-5.8095592,electrocucion,distribucion,66000.0,tower,,1.0,90.58825528389852,46.89053115447706,nov,"Buitre negro, Halcón peregrino, Águila perdicera"
apoyo,1133912090,https://www.openstreetmap.org/node/1133912090,36.1499684,-5.8086829,electrocucion,distribucion,66000.0,tower,,1.0,90.58825528389852,46.89053115447706,nov,"Buitre negro, Halcón peregrino, Águila perdicera"
apoyo,12218053035,https://www.openstreetmap.org/node/12218053035,36.14528,-5.8057238,electrocucion,distribucion,20000.0,tower,,1.0,90.58825528389852,46.89053115447706,nov,"Buitre negro, Halcón peregrino, Águila perdicera"
apoyo,1133912048,https://www.openstreetmap.org/node/1133912048,36.1472122,-5.8093386,electrocucion,distribucion,66000.0,tower,,1.0,90.58825528389852,46.89053115447706,nov,"Buitre negro, Halcón peregrino, Águila perdicera"
apoyo,1133912079,https://www.openstreetmap.org/node/1133912079,36.1497873,-5.8085092,electrocucion,distribucion,66000.0,tower,,1.0,90.58825528389852,46.89053115447706,nov,"Buitre negro, Halcón peregrino, Águila perdicera"
apoyo,4038091175,https://www.openstreetmap.org/node/4038091175,36.1132083,-5.4783584,electrocucion,distribucion,66000.0,tower,,1.0,90.00608994512551,30.167582533143843,oct,"Cigüeña negra, Águila real, Águila perdicera"
apoyo,12229331472,https://www.openstreetmap.org/node/12229331472,36.1116309,-5.4767307,electrocucion,distribucion,66000.0,tower,,1.0,90.00608994512551,30.167582533143843,oct,"Cigüeña negra, Águila real, Águila perdicera"
apoyo,4038091174,https://www.openstreetmap.org/node/4038091174,36.1104767,-5.4755589,electrocucion,distribucion,66000.0,tower,,1.0,90.00608994512551,30.167582533143843,oct,"Cigüeña negra, Águila real, Águila perdicera"
apoyo,4038091176,https://www.openstreetmap.org/node/4038091176,36.1136428,-5.4792227,electrocucion,distribucion,66000.0,tower,,1.0,90.00608994512551,30.167582533143843,oct,"Cigüeña negra, Águila real, Águila perdicera"
apoyo,1133912050,https://www.openstreetmap.org/node/1133912050,36.1565747,-5.8065332,electrocucion,distribucion,66000.0,tower,,1.3,89.70826955870902,47.52967403331426,nov,"Buitre negro, Halcón peregrino, Águila perdicera"
apoyo,1123196947,https://www.openstreetmap.org/node/1123196947,36.0499982,-5.5773827,electrocucion,distribucion,66000.0,tower,,1.0,89.29044334296874,43.16463608661642,oct,"Cigüeña negra, Águila perdicera, Milano real"
apoyo,1123196964,https://www.openstreetmap.org/node/1123196964,36.0465127,-5.5757173,electrocucion,distribucion,66000.0,tower,,1.0,89.29044334296874,43.16463608661642,oct,"Cigüeña negra, Águila perdicera, Milano real"
apoyo,6394097620,https://www.openstreetmap.org/node/6394097620,36.0586677,-5.533746,electrocucion,distribucion,66000.0,tower,,1.0,89.04612573877962,36.79160214116732,nov,"Buitre negro, Milano real, Águila perdicera"
apoyo,6394097661,https://www.openstreetmap.org/node/6394097661,36.1022771,-5.4630093,electrocucion,distribucion,66000.0,tower,,1.0,88.97291666423783,31.631516638365344,oct,"Cigüeña negra, Halcón peregrino, Águila perdicera"
apoyo,6394097662,https://www.openstreetmap.org/node/6394097662,36.1036391,-5.462029,electrocucion,distribucion,66000.0,tower,,1.0,88.97291666423783,31.631516638365344,oct,"Cigüeña negra, Halcón peregrino, Águila perdicera"
aerogenerador,1968242278,https://www.openstreetmap.org/node/1968242278,36.0904453,-5.6581842,colision_aerogenerador,eolico,,2 MW,,,88.73303049115458,55.43042281490482,sep,"Cigüeña negra, Alimoche, Abejero europeo"
aerogenerador,1968242276,https://www.openstreetmap.org/node/1968242276,36.094773,-5.6580889,colision_aerogenerador,eolico,,2 MW,,,88.73303049115458,55.43042281490482,sep,"Cigüeña negra, Alimoche, Abejero europeo"
aerogenerador,1968242273,https://www.openstreetmap.org/node/1968242273,36.0932525,-5.6582754,colision_aerogenerador,eolico,,2 MW,,,88.73303049115458,55.43042281490482,sep,"Cigüeña negra, Alimoche, Abejero europeo"
aerogenerador,1968242280,https://www.openstreetmap.org/node/1968242280,36.0919408,-5.6584671,colision_aerogenerador,eolico,,2 MW,,,88.73303049115458,55.43042281490482,sep,"Cigüeña negra, Alimoche, Abejero europeo"
apoyo,1133912035,https://www.openstreetmap.org/node/1133912035,36.153907,-5.8071741,electrocucion,distribucion,66000.0,tower,,1.0,87.06753268968022,45.100358141830014,nov,"Buitre negro, Halcón peregrino, Águila perdicera"
apoyo,1133912002,https://www.openstreetmap.org/node/1133912002,36.1540043,-5.8073667,electrocucion,distribucion,66000.0,tower,,1.0,87.06753268968022,45.100358141830014,nov,"Buitre negro, Halcón peregrino, Águila perdicera"
apoyo,1133912023,https://www.openstreetmap.org/node/1133912023,36.151242,-5.8080352,electrocucion,distribucion,66000.0,tower,,1.0,87.06753268968022,45.100358141830014,nov,"Buitre negro, Halcón peregrino, Águila perdicera"
apoyo,12218053020,https://www.openstreetmap.org/node/12218053020,36.15157,-5.8088016,electrocucion,distribucion,20000.0,tower,,1.0,87.06753268968022,45.100358141830014,nov,"Buitre negro, Halcón peregrino, Águila perdicera"
apoyo,12218053021,https://www.openstreetmap.org/node/12218053021,36.1527366,-5.8097394,electrocucion,distribucion,20000.0,tower,,1.0,87.06753268968022,45.100358141830014,nov,"Buitre negro, Halcón peregrino, Águila perdicera"
apoyo,1133912123,https://www.openstreetmap.org/node/1133912123,36.1512882,-5.808246,electrocucion,distribucion,66000.0,tower,,1.0,87.06753268968022,45.100358141830014,nov,"Buitre negro, Halcón peregrino, Águila perdicera"
apoyo,3455539585,https://www.openstreetmap.org/node/3455539585,36.2399619,-5.8231301,electrocucion,distribucion,66000.0,tower,,1.3,83.10071764239878,55.92414980438406,nov,"Grulla común, Águila perdicera, Águila imperial ibérica"
apoyo,9702213623,https://www.openstreetmap.org/node/9702213623,36.0383192,-5.6190884,electrocucion,distribucion,20000.0,tower,,1.3,82.94779127119256,37.402536567503894,sep,"Milano negro, Cigüeña negra, Halcón peregrino"
apoyo,2318258317,https://www.openstreetmap.org/node/2318258317,36.3598333,-5.9324035,electrocucion,distribucion,66000.0,tower,,1.0,81.64946369724059,32.4189948998871,ene,"Milano real, Águila perdicera, Águila imperial ibérica"
apoyo,2318258314,https://www.openstreetmap.org/node/2318258314,36.3561843,-5.9343853,electrocucion,distribucion,66000.0,tower,,1.0,81.64946369724059,32.4189948998871,ene,"Milano real, Águila perdicera, Águila imperial ibérica"
apoyo,2318258315,https://www.openstreetmap.org/node/2318258315,36.3578041,-5.9335067,electrocucion,distribucion,66000.0,tower,,1.0,81.64946369724059,32.4189948998871,ene,"Milano real, Águila perdicera, Águila imperial ibérica"
apoyo,2318258312,https://www.openstreetmap.org/node/2318258312,36.3513048,-5.9370388,electrocucion,distribucion,66000.0,tower,,1.0,81.58085414000944,32.10681042005191,ene,"Milano real, Águila perdicera, Águila imperial ibérica"
apoyo,2318258313,https://www.openstreetmap.org/node/2318258313,36.3541193,-5.9355094,electrocucion,distribucion,66000.0,tower,,1.0,81.58085414000944,32.10681042005191,ene,"Milano real, Águila perdicera, Águila imperial ibérica"
apoyo,2318258384,https://www.openstreetmap.org/node/2318258384,36.4335647,-5.9156677,electrocucion,distribucion,66000.0,tower,,1.0,81.43365865791604,18.634307593033014,dic,"Águila imperial ibérica, Milano real, Águila perdicera"
apoyo,2318258383,https://www.openstreetmap.org/node/2318258383,36.4303771,-5.9159583,electrocucion,distribucion,66000.0,tower,,1.0,81.43365865791604,18.634307593033014,dic,"Águila imperial ibérica, Milano real, Águila perdicera"
linea,1321572049,https://www.openstreetmap.org/way/1321572049,36.1569642,-5.472785233333333,colision_linea,distribucion,66000.0,Línea de alta tensión Estrecho - Menacha,,,80.70787104757981,48.945168577859754,oct,"Águila calzada, Cigüeña blanca, Cigüeña negra"
apoyo,12218046394,https://www.openstreetmap.org/node/12218046394,36.1795003,-5.7577767,electrocucion,distribucion,20000.0,tower,,1.0,79.44654992230817,56.69765145026608,ago,"Cigüeña blanca, Culebrera europea, Halcón peregrino"
apoyo,12218046395,https://www.openstreetmap.org/node/12218046395,36.1793805,-5.7574515,electrocucion,distribucion,20000.0,tower,,1.0,79.44654992230817,56.69765145026608,ago,"Cigüeña blanca, Culebrera europea, Halcón peregrino"
apoyo,12218046396,https://www.openstreetmap.org/node/12218046396,36.1792543,-5.757109,electrocucion,distribucion,20000.0,tower,,1.0,79.44654992230817,56.69765145026608,ago,"Cigüeña blanca, Culebrera europea, Halcón peregrino"
apoyo,1135616688,https://www.openstreetmap.org/node/1135616688,36.1756535,-5.7556722,electrocucion,distribucion,66000.0,tower,,1.0,79.44654992230817,56.69765145026608,ago,"Cigüeña blanca, Culebrera europea, Halcón peregrino"
apoyo,1136181078,https://www.openstreetmap.org/node/1136181078,36.1795551,-5.7579255,electrocucion,distribucion,20000.0,tower,,1.0,79.44654992230817,56.69765145026608,ago,"Cigüeña blanca, Culebrera europea, Halcón peregrino"
apoyo,1135616827,https://www.openstreetmap.org/node/1135616827,36.1764858,-5.7579256,electrocucion,distribucion,66000.0,tower,,1.0,79.44654992230817,56.69765145026608,ago,"Cigüeña blanca, Culebrera europea, Halcón peregrino"
apoyo,1135616722,https://www.openstreetmap.org/node/1135616722,36.1781778,-5.7584987,electrocucion,distribucion,20000.0,tower,,1.0,79.44654992230817,56.69765145026608,ago,"Cigüeña blanca, Culebrera europea, Halcón peregrino"
apoyo,1135616862,https://www.openstreetmap.org/node/1135616862,36.1771862,-5.7598189,electrocucion,distribucion,66000.0,tower,,1.0,79.44654992230817,56.69765145026608,ago,"Cigüeña blanca, Culebrera europea, Halcón peregrino"
apoyo,6457699884,https://www.openstreetmap.org/node/6457699884,36.0919421,-5.7869303,electrocucion,distribucion,20000.0,tower,,1.0,79.1726412174865,38.62281565720055,sep,"Halcón peregrino, Abejero europeo, Águila calzada"
apoyo,6457699885,https://www.openstreetmap.org/node/6457699885,36.0916181,-5.7887676,electrocucion,distribucion,20000.0,tower,,1.0,79.1726412174865,38.62281565720055,sep,"Halcón peregrino, Abejero europeo, Águila calzada"
linea,1262727174,https://www.openstreetmap.org/way/1262727174,36.2137381,-5.4526179,colision_linea,transporte,220000.0,line,Red Eléctrica de España,,78.99401221940406,56.41314377643479,may,"Cigüeña blanca, Águila calzada, Milano negro"
linea,1262727180,https://www.openstreetmap.org/way/1262727180,36.213849950000004,-5.452515683333334,colision_linea,transporte,220000.0,line,,,78.99401221940406,56.41314377643479,may,"Cigüeña blanca, Águila calzada, Milano negro"
linea,1262727178,https://www.openstreetmap.org/way/1262727178,36.213813933333334,-5.452265633333333,colision_linea,transporte,220000.0,line,Red Eléctrica de España,,78.99401221940406,56.41314377643479,may,"Cigüeña blanca, Águila calzada, Milano negro"
linea,1262727176,https://www.openstreetmap.org/way/1262727176,36.21367866,-5.45245652,colision_linea,transporte,220000.0,line,Red Eléctrica de España,,78.99401221940406,56.41314377643479,may,"Cigüeña blanca, Águila calzada, Milano negro"
linea,1262727177,https://www.openstreetmap.org/way/1262727177,36.21418490000001,-5.45226735,colision_linea,transporte,220000.0,Línea de alta tensión Cañuelo - Pinar del Rey,Red Eléctrica de España,,78.99401221940406,56.41314377643479,may,"Cigüeña blanca, Águila calzada, Milano negro"
linea,1262727179,https://www.openstreetmap.org/way/1262727179,36.213662633333335,-5.452543033333334,colision_linea,transporte,220000.0,line,,,78.99401221940406,56.41314377643479,may,"Cigüeña blanca, Águila calzada, Milano negro"
linea,1262727170,https://www.openstreetmap.org/way/1262727170,36.212817599999994,-5.45262,colision_linea,transporte,220000.0,Línea de alta tensión Cañuelo - Los Barrios 1,Red Eléctrica de España,,78.99401221940406,56.41314377643479,may,"Cigüeña blanca, Águila calzada, Milano negro"
linea,1262727175,https://www.openstreetmap.org/way/1262727175,36.214176800000004,-5.45218575,colision_linea,transporte,220000.0,Línea de alta tensión Cañuelo - Pinar del Rey,Red Eléctrica de España,,78.99401221940406,56.41314377643479,may,"Cigüeña blanca, Águila calzada, Milano negro"
linea,1262727173,https://www.openstreetmap.org/way/1262727173,36.2142871,-5.4526733499999995,colision_linea,transporte,220000.0,line,Red Eléctrica de España,,78.99401221940406,56.41314377643479,may,"Cigüeña blanca, Águila calzada, Milano negro"
linea,1321572042,https://www.openstreetmap.org/way/1321572042,36.214006366666666,-5.452490683333334,colision_linea,transporte,220000.0,line,,,78.99401221940406,56.41314377643479,may,"Cigüeña blanca, Águila calzada, Milano negro"
linea,1321572043,https://www.openstreetmap.org/way/1321572043,36.2138653,-5.452766833333334,colision_linea,transporte,220000.0,line,Red Eléctrica de España,,78.99401221940406,56.41314377643479,may,"Cigüeña blanca, Águila calzada, Milano negro"
linea,1321572044,https://www.openstreetmap.org/way/1321572044,36.214269650000006,-5.4525058,colision_linea,transporte,220000.0,line,Red Eléctrica de España,,78.99401221940406,56.41314377643479,may,"Cigüeña blanca, Águila calzada, Milano negro"
linea,1321572041,https://www.openstreetmap.org/way/1321572041,36.21339885,-5.452583325000001,colision_linea,transporte,220000.0,line,,,78.99401221940406,56.41314377643479,may,"Cigüeña blanca, Águila calzada, Milano negro"
apoyo,2318258387,https://www.openstreetmap.org/node/2318258387,36.4364353,-5.9154025,electrocucion,distribucion,66000.0,tower,,1.0,78.46855952002521,17.058196217326195,dic,"Águila imperial ibérica, Milano real, Águila perdicera"
apoyo,2318258389,https://www.openstreetmap.org/node/2318258389,36.4397799,-5.9150944,electrocucion,distribucion,66000.0,tower,,1.0,78.46855952002521,17.058196217326195,dic,"Águila imperial ibérica, Milano real, Águila perdicera"
apoyo,1123197000,https://www.openstreetmap.org/node/1123197000,36.0616516,-5.5861649,electrocucion,distribucion,66000.0,tower,,1.3,78.3998127527688,48.110924680227704,oct,"Águila real, Cigüeña negra, Águila perdicera"
apoyo,2640940953,https://www.openstreetmap.org/node/2640940953,36.0652108,-5.5272758,electrocucion,distribucion,20000.0,tower,,1.0,78.05260021277411,34.15711867390649,nov,"Buitre negro, Águila perdicera, Milano real"
apoyo,6394097621,https://www.openstreetmap.org/node/6394097621,36.0574801,-5.528546,electrocucion,distribucion,66000.0,tower,,1.0,77.92815325279503,32.278294563501596,nov,"Buitre negro, Milano real, Halcón peregrino"
aerogenerador,1133862139,https://www.openstreetmap.org/node/1133862139,36.1529356,-5.7858411,colision_aerogenerador,eolico,,300 kW,,,76.95170531753999,51.445565305388875,nov,"Buitre negro, Águila real, Halcón peregrino"
aerogenerador,1133861880,https://www.openstreetmap.org/node/1133861880,36.1535193,-5.7863295,colision_aerogenerador,eolico,,300 kW,,,76.95170531753999,51.445565305388875,nov,"Buitre negro, Águila real, Halcón peregrino"
aerogenerador,1133861860,https://www.openstreetmap.org/node/1133861860,36.1523894,-5.7853817,colision_aerogenerador,eolico,,300 kW,,,76.95170531753999,51.445565305388875,nov,"Buitre negro, Águila real, Halcón peregrino"
aerogenerador,1133861915,https://www.openstreetmap.org/node/1133861915,36.1515062,-5.7892567,colision_aerogenerador,eolico,,300 kW,,,76.95170531753999,51.445565305388875,nov,"Buitre negro, Águila real, Halcón peregrino"
aerogenerador,1133862093,https://www.openstreetmap.org/node/1133862093,36.1504375,-5.7898168,colision_aerogenerador,eolico,,300 kW,,,76.95170531753999,51.445565305388875,nov,"Buitre negro, Águila real, Halcón peregrino"
aerogenerador,1133862378,https://www.openstreetmap.org/node/1133862378,36.1546326,-5.7852149,colision_aerogenerador,eolico,,300 kW,,,76.95170531753999,51.445565305388875,nov,"Buitre negro, Águila real, Halcón peregrino"
aerogenerador,1133862048,https://www.openstreetmap.org/node/1133862048,36.1509944,-5.7895474,colision_aerogenerador,eolico,,300 kW,,,76.95170531753999,51.445565305388875,nov,"Buitre negro, Águila real, Halcón peregrino"
aerogenerador,1133862081,https://www.openstreetmap.org/node/1133862081,36.1521532,-5.7892794,colision_aerogenerador,eolico,,300 kW,,,76.95170531753999,51.445565305388875,nov,"Buitre negro, Águila real, Halcón peregrino"
aerogenerador,1135616700,https://www.openstreetmap.org/node/1135616700,36.1466233,-5.7643784,colision_aerogenerador,eolico,,300 kW,,,76.07478463572565,45.12036025494506,ago,"Cigüeña blanca, Alimoche, Culebrera europea"
aerogenerador,1135616712,https://www.openstreetmap.org/node/1135616712,36.1497855,-5.7601069,colision_aerogenerador,eolico,,300 kW,,,76.07478463572565,45.12036025494506,ago,"Cigüeña blanca, Alimoche, Culebrera europea"
aerogenerador,1135616806,https://www.openstreetmap.org/node/1135616806,36.146714,-5.7610834,colision_aerogenerador,eolico,,300 kW,,,76.07478463572565,45.12036025494506,ago,"Cigüeña blanca, Alimoche, Culebrera europea"
aerogenerador,1135616939,https://www.openstreetmap.org/node/1135616939,36.1473724,-5.7612527,colision_aerogenerador,eolico,,300 kW,,,76.07478463572565,45.12036025494506,ago,"Cigüeña blanca, Alimoche, Culebrera europea"
aerogenerador,1135616578,https://www.openstreetmap.org/node/1135616578,36.1480017,-5.7612132,colision_aerogenerador,eolico,,300 kW,,,76.07478463572565,45.12036025494506,ago,"Cigüeña blanca, Alimoche, Culebrera europea"
aerogenerador,1135616724,https://www.openstreetmap.org/node/1135616724,36.1474647,-5.764809,colision_aerogenerador,eolico,,300 kW,,,76.07478463572565,45.12036025494506,ago,"Cigüeña blanca, Alimoche, Culebrera europea"
aerogenerador,1135616864,https://www.openstreetmap.org/node/1135616864,36.1458986,-5.7638833,colision_aerogenerador,eolico,,300 kW,,,76.07478463572565,45.12036025494506,ago,"Cigüeña blanca, Alimoche, Culebrera europea"
aerogenerador,1135616674,https://www.openstreetmap.org/node/1135616674,36.1488099,-5.7606359,colision_aerogenerador,eolico,,300 kW,,,76.07478463572565,45.12036025494506,ago,"Cigüeña blanca, Alimoche, Culebrera europea"
linea,683932391,https://www.openstreetmap.org/way/683932391,36.069988875,-5.5290619,colision_linea,distribucion,20000.0,minor_line,,,75.86485295683731,36.19518920921527,nov,"Buitre negro, Águila perdicera, Halcón peregrino"
apoyo,6646383366,https://www.openstreetmap.org/node/6646383366,36.2475179,-5.8515662,electrocucion,distribucion,66000.0,tower,,1.0,75.55093939669277,46.663434876995126,nov,"Grulla común, Águila perdicera, Águila imperial ibérica"
apoyo,3455539589,https://www.openstreetmap.org/node/3455539589,36.2473674,-5.8437734,electrocucion,distribucion,66000.0,tower,,1.0,75.5170017574382,46.000517230689105,oct,"Cigüeña blanca, Águila perdicera, Cigüeña negra"
aerogenerador,4226781846,https://www.openstreetmap.org/node/4226781846,36.0563964,-5.5151689,colision_aerogenerador,eolico,,500 kW,,,75.4139232594751,32.82873136315161,nov,"Buitre negro, Águila perdicera, Halcón peregrino"
aerogenerador,4226781869,https://www.openstreetmap.org/node/4226781869,36.0569819,-5.5152051,colision_aerogenerador,eolico,,500 kW,,,75.4139232594751,32.82873136315161,nov,"Buitre negro, Águila perdicera, Halcón peregrino"
aerogenerador,1968239223,https://www.openstreetmap.org/node/1968239223,36.0857677,-5.6621525,colision_aerogenerador,eolico,,600 kW,,,75.1894442429047,41.68622080482142,sep,"Cigüeña negra, Abejero europeo, Alimoche"
aerogenerador,1968239193,https://www.openstreetmap.org/node/1968239193,36.0863822,-5.6619419,colision_aerogenerador,eolico,,600 kW,,,75.1894442429047,41.68622080482142,sep,"Cigüeña negra, Abejero europeo, Alimoche"
aerogenerador,1968239246,https://www.openstreetmap.org/node/1968239246,36.0851586,-5.662363,colision_aerogenerador,eolico,,600 kW,,,75.1894442429047,41.68622080482142,sep,"Cigüeña negra, Abejero europeo, Alimoche"
apoyo,6394097609,https://www.openstreetmap.org/node/6394097609,36.0612617,-5.5353525,electrocucion,distribucion,20000.0,tower,,1.3,74.78664730483933,31.569774839771583,nov,"Buitre negro, Águila perdicera, Milano real"
apoyo,6394097627,https://www.openstreetmap.org/node/6394097627,36.0683408,-5.5165744,electrocucion,distribucion,66000.0,tower,,1.0,74.63126642275772,37.40942792665347,nov,"Buitre negro, Milano real, Halcón peregrino"
apoyo,2640941015,https://www.openstreetmap.org/node/2640941015,36.069306,-5.5185883,electrocucion,distribucion,20000.0,tower,,1.0,74.63126642275772,37.40942792665347,nov,"Buitre negro, Milano real, Halcón peregrino"
apoyo,2318258308,https://www.openstreetmap.org/node/2318258308,36.3491265,-5.9382237,electrocucion,distribucion,66000.0,tower,,1.0,74.17968016012489,29.49388654765174,ene,"Milano real, Águila perdicera, Águila imperial ibérica"
apoyo,2318258305,https://www.openstreetmap.org/node/2318258305,36.347253,-5.9390393,electrocucion,distribucion,66000.0,tower,,1.0,74.17968016012489,29.49388654765174,ene,"Milano real, Águila perdicera, Águila imperial ibérica"
apoyo,6171518487,https://www.openstreetmap.org/node/6171518487,36.3079106,-5.4525514,electrocucion,distribucion,15000.0,tower,,1.0,74.11357324017585,20.283187187033185,sep,"Buitre leonado, Águila calzada, Abejero europeo"
apoyo,6171518488,https://www.openstreetmap.org/node/6171518488,36.307953,-5.4534536,electrocucion,distribucion,15000.0,tower,,1.0,74.11357324017585,20.283187187033185,sep,"Buitre leonado, Águila calzada, Abejero europeo"
apoyo,6171518489,https://www.openstreetmap.org/node/6171518489,36.308013,-5.4543183,electrocucion,distribucion,15000.0,tower,,1.0,74.11357324017585,20.283187187033185,sep,"Buitre leonado, Águila calzada, Abejero europeo"
apoyo,6171518485,https://www.openstreetmap.org/node/6171518485,36.3077787,-5.4506725,electrocucion,distribucion,15000.0,tower,,1.0,74.11357324017585,20.283187187033185,sep,"Buitre leonado, Águila calzada, Abejero europeo"
apoyo,6171518486,https://www.openstreetmap.org/node/6171518486,36.3078457,-5.4516381,electrocucion,distribucion,15000.0,tower,,1.0,74.11357324017585,20.283187187033185,sep,"Buitre leonado, Águila calzada, Abejero europeo"
apoyo,1133912110,https://www.openstreetmap.org/node/1133912110,36.1416716,-5.8111407,electrocucion,distribucion,66000.0,tower,,1.0,73.96207734595323,37.21039756761605,nov,"Buitre negro, Águila perdicera, Halcón peregrino"
apoyo,1133912036,https://www.openstreetmap.org/node/1133912036,36.1417186,-5.8113676,electrocucion,distribucion,66000.0,tower,,1.0,73.96207734595323,37.21039756761605,nov,"Buitre negro, Águila perdicera, Halcón peregrino"
apoyo,1133912049,https://www.openstreetmap.org/node/1133912049,36.14442,-5.8104867,electrocucion,distribucion,66000.0,tower,,1.0,73.96207734595323,37.21039756761605,nov,"Buitre negro, Águila perdicera, Halcón peregrino"
apoyo,1133912034,https://www.openstreetmap.org/node/1133912034,36.144375,-5.810262,electrocucion,distribucion,66000.0,tower,,1.0,73.96207734595323,37.21039756761605,nov,"Buitre negro, Águila perdicera, Halcón peregrino"
apoyo,6457699890,https://www.openstreetmap.org/node/6457699890,36.1023559,-5.8044679,electrocucion,distribucion,20000.0,tower,,1.0,73.78487424353672,35.294035245130814,sep,"Halcón peregrino, Abejero europeo, Buitre leonado"
apoyo,6457699892,https://www.openstreetmap.org/node/6457699892,36.1004184,-5.802239,electrocucion,distribucion,20000.0,tower,,1.0,73.78487424353672,35.294035245130814,sep,"Halcón peregrino, Abejero europeo, Buitre leonado"
apoyo,6457699891,https://www.openstreetmap.org/node/6457699891,36.1013167,-5.8032703,electrocucion,distribucion,20000.0,tower,,1.0,73.78487424353672,35.294035245130814,sep,"Halcón peregrino, Abejero europeo, Buitre leonado"
aerogenerador,1133862038,https://www.openstreetmap.org/node/1133862038,36.1589317,-5.7959362,colision_aerogenerador,eolico,,300 kW,,,73.45575602919217,44.51256831276763,nov,"Buitre negro, Halcón peregrino, Águila perdicera"
aerogenerador,1133862164,https://www.openstreetmap.org/node/1133862164,36.1563093,-5.7956704,colision_aerogenerador,eolico,,300 kW,,,73.45575602919217,44.51256831276763,nov,"Buitre negro, Halcón peregrino, Águila perdicera"
aerogenerador,1133862112,https://www.openstreetmap.org/node/1133862112,36.1568811,-5.7961033,colision_aerogenerador,eolico,,300 kW,,,73.45575602919217,44.51256831276763,nov,"Buitre negro, Halcón peregrino, Águila perdicera"
aerogenerador,1133861770,https://www.openstreetmap.org/node/1133861770,36.1556547,-5.7951029,colision_aerogenerador,eolico,,300 kW,,,73.45575602919217,44.51256831276763,nov,"Buitre negro, Halcón peregrino, Águila perdicera"
aerogenerador,1133861940,https://www.openstreetmap.org/node/1133861940,36.1578052,-5.7962095,colision_aerogenerador,eolico,,300 kW,,,73.45575602919217,44.51256831276763,nov,"Buitre negro, Halcón peregrino, Águila perdicera"
aerogenerador,1133862275,https://www.openstreetmap.org/node/1133862275,36.1583882,-5.796034,colision_aerogenerador,eolico,,300 kW,,,73.45575602919217,44.51256831276763,nov,"Buitre negro, Halcón peregrino, Águila perdicera"
aerogenerador,1133861990,https://www.openstreetmap.org/node/1133861990,36.159549,-5.7957833,colision_aerogenerador,eolico,,300 kW,,,73.45575602919217,44.51256831276763,nov,"Buitre negro, Halcón peregrino, Águila perdicera"
apoyo,12229331407,https://www.openstreetmap.org/node/12229331407,36.1562452,-5.47296,electrocucion,distribucion,66000.0,tower,,1.0,72.24023464469924,41.909558475760186,oct,"Águila calzada, Cigüeña blanca, Halcón peregrino"
apoyo,12229331406,https://www.openstreetmap.org/node/12229331406,36.1564188,-5.4738743,electrocucion,distribucion,66000.0,tower,,1.0,72.24023464469924,41.909558475760186,oct,"Águila calzada, Cigüeña blanca, Halcón peregrino"
apoyo,4038091708,https://www.openstreetmap.org/node/4038091708,36.1592914,-5.4706148,electrocucion,distribucion,66000.0,tower,,1.0,72.24023464469924,41.909558475760186,oct,"Águila calzada, Cigüeña blanca, Halcón peregrino"
apoyo,6171518382,https://www.openstreetmap.org/node/6171518382,36.3075831,-5.447934,electrocucion,distribucion,15000.0,tower,,1.0,71.48718411828357,19.875326314072627,sep,"Buitre leonado, Águila calzada, Abejero europeo"
apoyo,6171518383,https://www.openstreetmap.org/node/6171518383,36.3076577,-5.4489881,electrocucion,distribucion,15000.0,tower,,1.0,71.48718411828357,19.875326314072627,sep,"Buitre leonado, Águila calzada, Abejero europeo"
apoyo,6171518380,https://www.openstreetmap.org/node/6171518380,36.307394,-5.4452893,electrocucion,distribucion,15000.0,tower,,1.0,71.48718411828357,19.875326314072627,sep,"Buitre leonado, Águila calzada, Abejero europeo"
apoyo,6171518381,https://www.openstreetmap.org/node/6171518381,36.3074664,-5.4464628,electrocucion,distribucion,15000.0,tower,,1.0,71.48718411828357,19.875326314072627,sep,"Buitre leonado, Águila calzada, Abejero europeo"
apoyo,6171518384,https://www.openstreetmap.org/node/6171518384,36.3077258,-5.4499832,electrocucion,distribucion,15000.0,tower,,1.0,71.48718411828357,19.875326314072627,sep,"Buitre leonado, Águila calzada, Abejero europeo"
aerogenerador,1133862098,https://www.openstreetmap.org/node/1133862098,36.1473989,-5.7839232,colision_aerogenerador,eolico,,300 kW,,,71.26997667695308,47.98470624685482,nov,"Buitre negro, Águila real, Búho real"
aerogenerador,1133862135,https://www.openstreetmap.org/node/1133862135,36.145293,-5.7828049,colision_aerogenerador,eolico,,300 kW,,,71.26997667695308,47.98470624685482,nov,"Buitre negro, Águila real, Búho real"
aerogenerador,1133861928,https://www.openstreetmap.org/node/1133861928,36.146954,-5.783563,colision_aerogenerador,eolico,,300 kW,,,71.26997667695308,47.98470624685482,nov,"Buitre negro, Águila real, Búho real"
aerogenerador,1133861891,https://www.openstreetmap.org/node/1133861891,36.1463388,-5.7831142,colision_aerogenerador,eolico,,300 kW,,,71.26997667695308,47.98470624685482,nov,"Buitre negro, Águila real, Búho real"
aerogenerador,1133862341,https://www.openstreetmap.org/node/1133862341,36.1458326,-5.7829041,colision_aerogenerador,eolico,,300 kW,,,71.26997667695308,47.98470624685482,nov,"Buitre negro, Águila real, Búho real"
aerogenerador,1133862054,https://www.openstreetmap.org/node/1133862054,36.1492204,-5.7842615,colision_aerogenerador,eolico,,300 kW,,,71.26997667695308,47.98470624685482,nov,"Buitre negro, Águila real, Búho real"
aerogenerador,1133862006,https://www.openstreetmap.org/node/1133862006,36.1487665,-5.7841698,colision_aerogenerador,eolico,,300 kW,,,71.26997667695308,47.98470624685482,nov,"Buitre negro, Águila real, Búho real"
aerogenerador,1133861843,https://www.openstreetmap.org/node/1133861843,36.1479325,-5.7843493,colision_aerogenerador,eolico,,300 kW,,,71.26997667695308,47.98470624685482,nov,"Buitre negro, Águila real, Búho real"
linea,688601307,https://www.openstreetmap.org/way/688601307,36.09557326551724,-5.7887471999999995,colision_linea,distribucion,20000.0,minor_line,,,71.1412132390869,34.596476748653,sep,"Halcón peregrino, Abejero europeo, Águila calzada"
apoyo,6394097655,https://www.openstreetmap.org/node/6394097655,36.0886096,-5.4741081,electrocucion,distribucion,66000.0,tower,,1.0,71.05775735631485,21.564942855659435,oct,"Cigüeña negra, Águila perdicera, Halcón peregrino"
apoyo,6394097654,https://www.openstreetmap.org/node/6394097654,36.0873133,-5.4748326,electrocucion,distribucion,66000.0,tower,,1.0,71.05775735631485,21.564942855659435,oct,"Cigüeña negra, Águila perdicera, Halcón peregrino"
aerogenerador,1341150156,https://www.openstreetmap.org/node/1341150156,36.4319186,-5.7624347,colision_aerogenerador,eolico,,2 MW,,,70.87254987742847,22.619627272724262,nov,"Milano real, Águila imperial ibérica, Buitre negro"
aerogenerador,1341150143,https://www.openstreetmap.org/node/1341150143,36.4301945,-5.7609187,colision_aerogenerador,eolico,,2 MW,,,70.87254987742847,22.619627272724262,nov,"Milano real, Águila imperial ibérica, Buitre negro"
aerogenerador,1341150170,https://www.openstreetmap.org/node/1341150170,36.4338719,-5.7624249,colision_aerogenerador,eolico,,2 MW,,,70.87254987742847,22.619627272724262,nov,"Milano real, Águila imperial ibérica, Buitre negro"
linea,1316644498,https://www.openstreetmap.org/way/1316644498,36.073466825000004,-5.61466225,colision_linea,transporte,220000.0,line,,,70.6399535238613,40.479582830445146,sep,"Milano negro, Águila real, Cigüeña negra"
linea,1316644500,https://www.openstreetmap.org/way/1316644500,36.074245833333336,-5.6144214,colision_linea,transporte,220000.0,line,,,70.6399535238613,40.479582830445146,sep,"Milano negro, Águila real, Cigüeña negra"
linea,96928923,https://www.openstreetmap.org/way/96928923,36.0707316,-5.6125482,colision_linea,transporte,400000.0,line,Red Eléctrica de España,,70.6399535238613,40.479582830445146,sep,"Milano negro, Águila real, Cigüeña negra"
linea,1316644521,https://www.openstreetmap.org/way/1316644521,36.071757483333336,-5.614629399999999,colision_linea,transporte,400000.0,line,,,70.6399535238613,40.479582830445146,sep,"Milano negro, Águila real, Cigüeña negra"
linea,1316644515,https://www.openstreetmap.org/way/1316644515,36.071740950000006,-5.61404075,colision_linea,transporte,400000.0,line,,,70.6399535238613,40.479582830445146,sep,"Milano negro, Águila real, Cigüeña negra"
linea,1316644514,https://www.openstreetmap.org/way/1316644514,36.07166135,-5.61409715,colision_linea,transporte,400000.0,line,,,70.6399535238613,40.479582830445146,sep,"Milano negro, Águila real, Cigüeña negra"
linea,1316644501,https://www.openstreetmap.org/way/1316644501,36.073383074999995,-5.614241075000001,colision_linea,transporte,220000.0,line,,,70.6399535238613,40.479582830445146,sep,"Milano negro, Águila real, Cigüeña negra"
linea,1316644502,https://www.openstreetmap.org/way/1316644502,36.07348223333333,-5.614401266666667,colision_linea,transporte,220000.0,line,,,70.6399535238613,40.479582830445146,sep,"Milano negro, Águila real, Cigüeña negra"
linea,1316644503,https://www.openstreetmap.org/way/1316644503,36.07335513333334,-5.614440166666667,colision_linea,transporte,220000.0,line,,,70.6399535238613,40.479582830445146,sep,"Milano negro, Águila real, Cigüeña negra"
linea,1316644504,https://www.openstreetmap.org/way/1316644504,36.07433305000001,-5.61439995,colision_linea,transporte,220000.0,line,,,70.6399535238613,40.479582830445146,sep,"Milano negro, Águila real, Cigüeña negra"
linea,96923826,https://www.openstreetmap.org/way/96923826,36.07091815,-5.61249475,colision_linea,transporte,400000.0,line,Red Eléctrica de España,,70.6399535238613,40.479582830445146,sep,"Milano negro, Águila real, Cigüeña negra"
linea,1316644506,https://www.openstreetmap.org/way/1316644506,36.07259656666667,-5.614865833333333,colision_linea,transporte,220000.0,line,,,70.6399535238613,40.479582830445146,sep,"Milano negro, Águila real, Cigüeña negra"
linea,1316644512,https://www.openstreetmap.org/way/1316644512,36.07131105,-5.6142666000000006,colision_linea,transporte,400000.0,line,,,70.6399535238613,40.479582830445146,sep,"Milano negro, Águila real, Cigüeña negra"
linea,1316644513,https://www.openstreetmap.org/way/1316644513,36.0713942,-5.6142077,colision_linea,transporte,400000.0,line,,,70.6399535238613,40.479582830445146,sep,"Milano negro, Águila real, Cigüeña negra"
linea,1316644499,https://www.openstreetmap.org/way/1316644499,36.07370472,-5.614266840000001,colision_linea,transporte,220000.0,line,,,70.6399535238613,40.479582830445146,sep,"Milano negro, Águila real, Cigüeña negra"
apoyo,6457699880,https://www.openstreetmap.org/node/6457699880,36.0960558,-5.7769337,electrocucion,distribucion,20000.0,tower,,1.0,70.48876360492238,34.15601713297597,sep,"Halcón peregrino, Águila perdicera, Abejero europeo"
apoyo,6457699879,https://www.openstreetmap.org/node/6457699879,36.095774,-5.7757857,electrocucion,distribucion,20000.0,tower,,1.0,70.48876360492238,34.15601713297597,sep,"Halcón peregrino, Águila perdicera, Abejero europeo"
linea,688601273,https://www.openstreetmap.org/way/688601273,36.08633724285715,-5.794902428571428,colision_linea,distribucion,20000.0,minor_line,,,70.07542054413932,34.256817205196434,sep,"Halcón peregrino, Abejero europeo, Águila calzada"
apoyo,6396319949,https://www.openstreetmap.org/node/6396319949,36.0845335,-5.4896866,electrocucion,distribucion,20000.0,tower,,1.0,70.07525656735487,23.573322875005044,oct,"Cigüeña negra, Halcón peregrino, Milano real"
apoyo,6394097649,https://www.openstreetmap.org/node/6394097649,36.08014,-5.4861909,electrocucion,distribucion,66000.0,tower,,1.0,70.07525656735487,23.573322875005044,oct,"Cigüeña negra, Halcón peregrino, Milano real"
apoyo,2640941076,https://www.openstreetmap.org/node/2640941076,36.0720038,-5.5123023,electrocucion,distribucion,20000.0,tower,,1.0,69.93757076203524,44.4239078465279,nov,"Buitre negro, Halcón peregrino, Águila perdicera"
apoyo,6394097629,https://www.openstreetmap.org/node/6394097629,36.0703137,-5.5117732,electrocucion,distribucion,66000.0,tower,,1.0,69.93757076203524,44.4239078465279,nov,"Buitre negro, Halcón peregrino, Águila perdicera"
apoyo,6394097630,https://www.openstreetmap.org/node/6394097630,36.0722994,-5.5110169,electrocucion,distribucion,66000.0,tower,,1.0,69.93757076203524,44.4239078465279,nov,"Buitre negro, Halcón peregrino, Águila perdicera"
apoyo,6394097606,https://www.openstreetmap.org/node/6394097606,36.0715871,-5.5132677,electrocucion,distribucion,20000.0,tower,,1.0,69.93757076203524,44.4239078465279,nov,"Buitre negro, Halcón peregrino, Águila perdicera"
apoyo,6394097605,https://www.openstreetmap.org/node/6394097605,36.0731754,-5.51018,electrocucion,distribucion,20000.0,tower,,1.0,69.93757076203524,44.4239078465279,nov,"Buitre negro, Halcón peregrino, Águila perdicera"
apoyo,6646383363,https://www.openstreetmap.org/node/6646383363,36.2474374,-5.8477092,electrocucion,distribucion,66000.0,tower,,1.0,69.80710557158778,43.20678454435262,oct,"Cigüeña blanca, Águila perdicera, Cigüeña negra"
apoyo,2318258382,https://www.openstreetmap.org/node/2318258382,36.4273683,-5.9162307,electrocucion,distribucion,66000.0,tower,,1.0,69.48928804183143,17.89116958146568,dic,"Águila imperial ibérica, Milano real, Águila perdicera"
apoyo,1133912076,https://www.openstreetmap.org/node/1133912076,36.1565958,-5.8063024,electrocucion,distribucion,66000.0,tower,,1.0,69.00636119900693,36.56128771793404,nov,"Buitre negro, Halcón peregrino, Águila perdicera"
apoyo,3455539561,https://www.openstreetmap.org/node/3455539561,36.1596607,-5.8056444,electrocucion,distribucion,66000.0,tower,,1.0,69.00636119900693,36.56128771793404,nov,"Buitre negro, Halcón peregrino, Águila perdicera"
apoyo,1133912022,https://www.openstreetmap.org/node/1133912022,36.1626998,-5.8023903,electrocucion,distribucion,66000.0,tower,,1.0,68.81850160855437,42.93968168734552,nov,"Buitre negro, Halcón peregrino, Águila real"
apoyo,1133912007,https://www.openstreetmap.org/node/1133912007,36.161585,-5.8031056,electrocucion,distribucion,66000.0,tower,,1.0,68.81850160855437,42.93968168734552,nov,"Buitre negro, Halcón peregrino, Águila real"
apoyo,3455539562,https://www.openstreetmap.org/node/3455539562,36.1626874,-5.8046477,electrocucion,distribucion,66000.0,tower,,1.0,68.81850160855437,42.93968168734552,nov,"Buitre negro, Halcón peregrino, Águila real"
apoyo,1133912081,https://www.openstreetmap.org/node/1133912081,36.1616425,-5.8032513,electrocucion,distribucion,66000.0,tower,,1.0,68.81850160855437,42.93968168734552,nov,"Buitre negro, Halcón peregrino, Águila real"
apoyo,1133911994,https://www.openstreetmap.org/node/1133911994,36.1628347,-5.8024777,electrocucion,distribucion,66000.0,tower,,1.0,68.81850160855437,42.93968168734552,nov,"Buitre negro, Halcón peregrino, Águila real"
apoyo,6457699345,https://www.openstreetmap.org/node/6457699345,36.0870512,-5.7950279,electrocucion,distribucion,20000.0,pole,,1.0,68.7986614441208,33.618711908178675,sep,"Halcón peregrino, Águila calzada, Abejero europeo"
apoyo,6457699343,https://www.openstreetmap.org/node/6457699343,36.0851014,-5.7952908,electrocucion,distribucion,20000.0,pole,,1.0,68.7986614441208,33.618711908178675,sep,"Halcón peregrino, Águila calzada, Abejero europeo"
apoyo,6457699344,https://www.openstreetmap.org/node/6457699344,36.0862481,-5.7951258,electrocucion,distribucion,20000.0,pole,,1.0,68.7986614441208,33.618711908178675,sep,"Halcón peregrino, Águila calzada, Abejero europeo"
aerogenerador,1341149784,https://www.openstreetmap.org/node/1341149784,36.4207033,-5.7629708,colision_aerogenerador,eolico,,2 MW,,,68.78910718548507,25.912877427399746,nov,"Milano real, Águila imperial ibérica, Águila real"
aerogenerador,1341149818,https://www.openstreetmap.org/node/1341149818,36.4227596,-5.7626429,colision_aerogenerador,eolico,,2 MW,,,68.78910718548507,25.912877427399746,nov,"Milano real, Águila imperial ibérica, Águila real"
aerogenerador,1341149868,https://www.openstreetmap.org/node/1341149868,36.4247423,-5.7628151,colision_aerogenerador,eolico,,2 MW,,,68.78910718548507,25.912877427399746,nov,"Milano real, Águila imperial ibérica, Águila real"
apoyo,6394097648,https://www.openstreetmap.org/node/6394097648,36.078733,-5.4879078,electrocucion,distribucion,66000.0,tower,,1.0,68.67063556512667,26.512645989671412,oct,"Cigüeña negra, Halcón peregrino, Milano real"
aerogenerador,9553705684,https://www.openstreetmap.org/node/9553705684,36.0497392,-5.5568297,colision_aerogenerador,eolico,,1.5 MW,,,68.65082485800531,32.703910156819994,nov,"Buitre negro, Águila perdicera, Milano real"
linea,1320320227,https://www.openstreetmap.org/way/1320320227,36.14560818333333,-5.71777755,colision_linea,transporte,220000.0,line,,,68.5557350272309,47.160422569440044,sep,"Culebrera europea, Alimoche, Águila calzada"
linea,1320320218,https://www.openstreetmap.org/way/1320320218,36.1453331,-5.71752734,colision_linea,distribucion,66000.0,line,,,68.5557350272309,47.160422569440044,sep,"Culebrera europea, Alimoche, Águila calzada"
linea,1320320217,https://www.openstreetmap.org/way/1320320217,36.14552088333333,-5.717726516666666,colision_linea,transporte,220000.0,line,,,68.5557350272309,47.160422569440044,sep,"Culebrera europea, Alimoche, Águila calzada"
linea,1320320236,https://www.openstreetmap.org/way/1320320236,36.14556353333334,-5.7180152333333325,colision_linea,transporte,220000.0,line,,,68.5557350272309,47.160422569440044,sep,"Culebrera europea, Alimoche, Águila calzada"
linea,1320320216,https://www.openstreetmap.org/way/1320320216,36.14572189999999,-5.7181128,colision_linea,transporte,220000.0,line,,,68.5557350272309,47.160422569440044,sep,"Culebrera europea, Alimoche, Águila calzada"
linea,1320320226,https://www.openstreetmap.org/way/1320320226,36.1454081,-5.71757505,colision_linea,transporte,220000.0,line,,,68.5557350272309,47.160422569440044,sep,"Culebrera europea, Alimoche, Águila calzada"
linea,1320320232,https://www.openstreetmap.org/way/1320320232,36.1454629,-5.7174288749999995,colision_linea,transporte,220000.0,line,,,68.5557350272309,47.160422569440044,sep,"Culebrera europea, Alimoche, Águila calzada"
linea,1320320225,https://www.openstreetmap.org/way/1320320225,36.145351675,-5.717725375,colision_linea,transporte,220000.0,line,,,68.5557350272309,47.160422569440044,sep,"Culebrera europea, Alimoche, Águila calzada"
linea,694568263,https://www.openstreetmap.org/way/694568263,36.14515,-5.7172509,colision_linea,distribucion,66000.0,line,,,68.5557350272309,47.160422569440044,sep,"Culebrera europea, Alimoche, Águila calzada"
apoyo,6396319961,https://www.openstreetmap.org/node/6396319961,36.1021511,-5.4700072,electrocucion,distribucion,20000.0,tower,,1.0,68.33912816756444,20.178160232314603,oct,"Cigüeña negra, Águila perdicera, Halcón peregrino"
apoyo,6396319960,https://www.openstreetmap.org/node/6396319960,36.1005864,-5.4708092,electrocucion,distribucion,20000.0,tower,,1.0,68.33912816756444,20.178160232314603,oct,"Cigüeña negra, Águila perdicera, Halcón peregrino"
apoyo,6394097637,https://www.openstreetmap.org/node/6394097637,36.0774246,-5.4911936,electrocucion,distribucion,66000.0,tower,,1.0,68.28774538345587,28.232431236160508,oct,"Cigüeña negra, Milano real, Halcón peregrino"
apoyo,6394097636,https://www.openstreetmap.org/node/6394097636,36.077568,-5.4940191,electrocucion,distribucion,66000.0,tower,,1.0,68.28774538345587,28.232431236160508,oct,"Cigüeña negra, Milano real, Halcón peregrino"
apoyo,6516943121,https://www.openstreetmap.org/node/6516943121,36.2459068,-5.8181434,electrocucion,distribucion,66000.0,tower,,1.0,68.13580635054576,45.37392071542572,nov,"Grulla común, Águila imperial ibérica, Águila perdicera"
apoyo,6516943119,https://www.openstreetmap.org/node/6516943119,36.2486298,-5.8159545,electrocucion,distribucion,66000.0,tower,,1.0,68.13580635054576,45.37392071542572,nov,"Grulla común, Águila imperial ibérica, Águila perdicera"
apoyo,3455539584,https://www.openstreetmap.org/node/3455539584,36.2371566,-5.817895,electrocucion,distribucion,66000.0,tower,,1.0,68.13053183457815,46.722759594114514,feb,"Grulla común, Águila imperial ibérica, Águila perdicera"
apoyo,12218053038,https://www.openstreetmap.org/node/12218053038,36.2356535,-5.8150923,electrocucion,distribucion,66000.0,tower,,1.0,68.13053183457815,46.722759594114514,feb,"Grulla común, Águila imperial ibérica, Águila perdicera"
apoyo,12218053043,https://www.openstreetmap.org/node/12218053043,36.2378274,-5.818226,electrocucion,distribucion,20000.0,tower,,1.0,68.13053183457815,46.722759594114514,feb,"Grulla común, Águila imperial ibérica, Águila perdicera"
apoyo,12218053042,https://www.openstreetmap.org/node/12218053042,36.2386257,-5.8197218,electrocucion,distribucion,20000.0,tower,,1.0,68.13053183457815,46.722759594114514,feb,"Grulla común, Águila imperial ibérica, Águila perdicera"
aerogenerador,9553705682,https://www.openstreetmap.org/node/9553705682,36.0547685,-5.5539744,colision_aerogenerador,eolico,,1.5 MW,,,67.83629159009512,29.78664466936902,nov,"Buitre negro, Águila perdicera, Milano real"
apoyo,6418344270,https://www.openstreetmap.org/node/6418344270,36.0180797,-5.5981551,electrocucion,distribucion,20000.0,tower,,1.3,66.99077322184783,28.906005943335074,sep,"Cigüeña negra, Milano negro, Alimoche"
apoyo,6516399941,https://www.openstreetmap.org/node/6516399941,36.0821643,-5.7404758,electrocucion,distribucion,20000.0,pole,,1.0,66.84388832258816,38.4895887026773,ago,"Cigüeña blanca, Milano negro, Alimoche"
apoyo,6516399940,https://www.openstreetmap.org/node/6516399940,36.0823258,-5.7403618,electrocucion,distribucion,20000.0,pole,,1.0,66.84388832258816,38.4895887026773,ago,"Cigüeña blanca, Milano negro, Alimoche"
apoyo,2613220411,https://www.openstreetmap.org/node/2613220411,36.0823041,-5.7449568,electrocucion,distribucion,20000.0,tower,,1.0,66.84388832258816,38.4895887026773,ago,"Cigüeña blanca, Milano negro, Alimoche"
apoyo,2613220403,https://www.openstreetmap.org/node/2613220403,36.0812908,-5.7411893,electrocucion,distribucion,20000.0,tower,,1.0,66.84388832258816,38.4895887026773,ago,"Cigüeña blanca, Milano negro, Alimoche"
apoyo,6516399939,https://www.openstreetmap.org/node/6516399939,36.0825382,-5.740158,electrocucion,distribucion,20000.0,pole,,1.0,66.84388832258816,38.4895887026773,ago,"Cigüeña blanca, Milano negro, Alimoche"
apoyo,2613220407,https://www.openstreetmap.org/node/2613220407,36.0818929,-5.7433809,electrocucion,distribucion,20000.0,tower,,1.0,66.84388832258816,38.4895887026773,ago,"Cigüeña blanca, Milano negro, Alimoche"
apoyo,6516399942,https://www.openstreetmap.org/node/6516399942,36.0814695,-5.7410096,electrocucion,distribucion,20000.0,pole,,1.0,66.84388832258816,38.4895887026773,ago,"Cigüeña blanca, Milano negro, Alimoche"
apoyo,6573343266,https://www.openstreetmap.org/node/6573343266,36.226392,-5.7978096,electrocucion,distribucion,66000.0,tower,,1.0,66.82315758963185,41.00914736387623,oct,"Cigüeña blanca, Águila imperial ibérica, Cigüeña negra"
linea,1334231060,https://www.openstreetmap.org/way/1334231060,36.301873900000004,-5.30442755,colision_linea,desconocida,,line,,,66.80484671674829,17.652687025493233,sep,"Cigüeña negra, Águila calzada, Culebrera europea"
linea,1334679539,https://www.openstreetmap.org/way/1334679539,36.3028739,-5.304244466666667,colision_linea,distribucion,,minor_line,,,66.80484671674829,17.652687025493233,sep,"Cigüeña negra, Águila calzada, Culebrera europea"
apoyo,6418393504,https://www.openstreetmap.org/node/6418393504,36.025436,-5.5982597,electrocucion,distribucion,20000.0,tower,,1.43,66.37015783758414,28.725770946300305,sep,"Milano negro, Cigüeña negra, Alimoche"
linea,181674233,https://www.openstreetmap.org/way/181674233,36.06536185,-5.593554119999999,colision_linea,transporte,400000.0,line,Red Eléctrica de España,,66.03989729133568,42.98420492679054,oct,"Cigüeña negra, Águila perdicera, Águila real"
apoyo,6418393502,https://www.openstreetmap.org/node/6418393502,36.0277657,-5.6027634,electrocucion,distribucion,20000.0,tower,,1.1,65.95558698377678,28.44259897292595,sep,"Milano negro, Cigüeña negra, Alimoche"
apoyo,6418393503,https://www.openstreetmap.org/node/6418393503,36.0265813,-5.6004759,electrocucion,distribucion,20000.0,tower,,1.1,65.95558698377678,28.44259897292595,sep,"Milano negro, Cigüeña negra, Alimoche"
apoyo,2318258323,https://www.openstreetmap.org/node/2318258323,36.3634448,-5.9304486,electrocucion,distribucion,66000.0,tower,,1.0,65.78332735998055,27.400160559520558,ene,"Milano real, Águila perdicera, Águila imperial ibérica"
linea,97976499,https://www.openstreetmap.org/way/97976499,36.138236737499994,-5.81315790625,colision_linea,distribucion,66000.0,"Línea de alta tensión Atlanterra - Lomas, Atlanterra - Tahivilla y Atlanterra - Vejer de la Frontera",,,65.51165168406715,34.273380880719465,nov,"Buitre negro, Halcón peregrino, Águila perdicera"
apoyo,12347854172,https://www.openstreetmap.org/node/12347854172,36.3047955,-5.3026549,electrocucion,distribucion,,tower,,1.0,65.44541336346713,20.997644714424563,sep,"Cigüeña negra, Águila calzada, Culebrera europea"
apoyo,6140748394,https://www.openstreetmap.org/node/6140748394,36.3015124,-5.3010964,electrocucion,distribucion,,tower,,1.0,65.44541336346713,20.997644714424563,sep,"Cigüeña negra, Águila calzada, Culebrera europea"
apoyo,12343777447,https://www.openstreetmap.org/node/12343777447,36.3028237,-5.3023388,electrocucion,desconocida,,tower,,1.0,65.44541336346713,20.997644714424563,sep,"Cigüeña negra, Águila calzada, Culebrera europea"
apoyo,12347854171,https://www.openstreetmap.org/node/12347854171,36.3040546,-5.3027246,electrocucion,distribucion,,tower,,1.0,65.44541336346713,20.997644714424563,sep,"Cigüeña negra, Águila calzada, Culebrera europea"
apoyo,12347854169,https://www.openstreetmap.org/node/12347854169,36.3027652,-5.3032628,electrocucion,distribucion,,tower,,1.0,65.44541336346713,20.997644714424563,sep,"Cigüeña negra, Águila calzada, Culebrera europea"
apoyo,12343777446,https://www.openstreetmap.org/node/12343777446,36.3023918,-5.3033021,electrocucion,desconocida,,tower,,1.0,65.44541336346713,20.997644714424563,sep,"Cigüeña negra, Águila calzada, Culebrera europea"
apoyo,6537298353,https://www.openstreetmap.org/node/6537298353,36.1324884,-5.7107502,electrocucion,distribucion,20000.0,pole,,1.1,65.38659725377076,37.768387072231285,sep,"Culebrera europea, Águila perdicera, Alimoche"
apoyo,6537298354,https://www.openstreetmap.org/node/6537298354,36.1323465,-5.7114074,electrocucion,distribucion,20000.0,pole,,1.1,65.38659725377076,37.768387072231285,sep,"Culebrera europea, Águila perdicera, Alimoche"
apoyo,6537298355,https://www.openstreetmap.org/node/6537298355,36.1322263,-5.7119451,electrocucion,distribucion,20000.0,pole,,1.1,65.38659725377076,37.768387072231285,sep,"Culebrera europea, Águila perdicera, Alimoche"
apoyo,6537298352,https://www.openstreetmap.org/node/6537298352,36.1325891,-5.710305,electrocucion,distribucion,20000.0,pole,,1.1,65.38659725377076,37.768387072231285,sep,"Culebrera europea, Águila perdicera, Alimoche"
apoyo,1133912120,https://www.openstreetmap.org/node/1133912120,36.1391059,-5.8122202,electrocucion,distribucion,66000.0,tower,,1.0,65.1782647412935,33.63727987581216,nov,"Buitre negro, Águila perdicera, Halcón peregrino"
apoyo,1133912121,https://www.openstreetmap.org/node/1133912121,36.1368769,-5.8126933,electrocucion,distribucion,66000.0,tower,,1.0,65.1782647412935,33.63727987581216,nov,"Buitre negro, Águila perdicera, Halcón peregrino"
apoyo,1133912062,https://www.openstreetmap.org/node/1133912062,36.1369258,-5.8129266,electrocucion,distribucion,66000.0,tower,,1.0,65.1782647412935,33.63727987581216,nov,"Buitre negro, Águila perdicera, Halcón peregrino"
apoyo,1133912037,https://www.openstreetmap.org/node/1133912037,36.1388788,-5.8120488,electrocucion,distribucion,66000.0,tower,,1.0,65.1782647412935,33.63727987581216,nov,"Buitre negro, Águila perdicera, Halcón peregrino"
apoyo,1123196996,https://www.openstreetmap.org/node/1123196996,36.0587822,-5.5822569,electrocucion,distribucion,66000.0,tower,,1.0,64.4170134128914,35.95315113514693,oct,"Cigüeña negra, Águila perdicera, Águila real"
apoyo,1123196973,https://www.openstreetmap.org/node/1123196973,36.056426,-5.5804419,electrocucion,distribucion,66000.0,tower,,1.0,64.4170134128914,35.95315113514693,oct,"Cigüeña negra, Águila perdicera, Águila real"
linea,683932393,https://www.openstreetmap.org/way/683932393,36.06740205,-5.5301296,colision_linea,distribucion,20000.0,minor_line,,,64.36651114990975,28.242023911459118,nov,"Buitre negro, Águila perdicera, Halcón peregrino"
apoyo,6171518365,https://www.openstreetmap.org/node/6171518365,36.3095511,-5.4332837,electrocucion,distribucion,15000.0,pole,,1.0,64.15801203015961,21.126822538441726,sep,"Águila calzada, Abejero europeo, Buitre leonado"
apoyo,6171518363,https://www.openstreetmap.org/node/6171518363,36.30635,-5.4306659,electrocucion,distribucion,15000.0,tower,,1.0,64.15801203015961,21.126822538441726,sep,"Águila calzada, Abejero europeo, Buitre leonado"
apoyo,6171518366,https://www.openstreetmap.org/node/6171518366,36.3076879,-5.4333642,electrocucion,distribucion,15000.0,pole,,1.0,64.15801203015961,21.126822538441726,sep,"Águila calzada, Abejero europeo, Buitre leonado"
apoyo,6171518367,https://www.openstreetmap.org/node/6171518367,36.306591,-5.4335077,electrocucion,distribucion,15000.0,pole,,1.0,64.15801203015961,21.126822538441726,sep,"Águila calzada, Abejero europeo, Buitre leonado"
apoyo,6171518368,https://www.openstreetmap.org/node/6171518368,36.3064127,-5.4317831,electrocucion,distribucion,15000.0,tower,,1.0,64.15801203015961,21.126822538441726,sep,"Águila calzada, Abejero europeo, Buitre leonado"
apoyo,6171518370,https://www.openstreetmap.org/node/6171518370,36.3065629,-5.4338256,electrocucion,distribucion,15000.0,tower,,1.0,64.15801203015961,21.126822538441726,sep,"Águila calzada, Abejero europeo, Buitre leonado"
apoyo,6171518369,https://www.openstreetmap.org/node/6171518369,36.3064808,-5.4327554,electrocucion,distribucion,15000.0,tower,,1.0,64.15801203015961,21.126822538441726,sep,"Águila calzada, Abejero europeo, Buitre leonado"
apoyo,6171518371,https://www.openstreetmap.org/node/6171518371,36.3066331,-5.4347965,electrocucion,distribucion,15000.0,tower,,1.0,64.15801203015961,21.126822538441726,sep,"Águila calzada, Abejero europeo, Buitre leonado"
linea,258768178,https://www.openstreetmap.org/way/258768178,36.065887000000004,-5.5295238,colision_linea,distribucion,20000.0,minor_line,,,64.1358781937596,27.98881477692746,nov,"Buitre negro, Águila perdicera, Halcón peregrino"
linea,1316644527,https://www.openstreetmap.org/way/1316644527,36.065588610000006,-5.60023239,colision_linea,distribucion,66000.0,Línea de alta tensión Pesur - Puerto de la Cruz,,,64.10374727364697,41.08919705126225,ago,"Milano negro, Alimoche, Abejero europeo"
apoyo,12218053039,https://www.openstreetmap.org/node/12218053039,36.2386699,-5.8207256,electrocucion,distribucion,66000.0,tower,,1.0,63.92362895569137,43.01857677260312,nov,"Grulla común, Águila perdicera, Águila imperial ibérica"
apoyo,12218053041,https://www.openstreetmap.org/node/12218053041,36.2394443,-5.8212597,electrocucion,distribucion,20000.0,tower,,1.0,63.92362895569137,43.01857677260312,nov,"Grulla común, Águila perdicera, Águila imperial ibérica"
linea,1321572050,https://www.openstreetmap.org/way/1321572050,36.167031720000004,-5.4738828999999996,colision_linea,distribucion,66000.0,Línea de alta tensión Estrecho - Fresno y Getares - Mercancías,,,63.67116772545564,39.26439401406529,sep,"Águila calzada, Abejero europeo, Cigüeña blanca"
linea,1334231057,https://www.openstreetmap.org/way/1334231057,36.2991417,-5.3077212,colision_linea,desconocida,,line,,,63.54598519514308,17.970790882811283,sep,"Cigüeña negra, Águila calzada, Culebrera europea"
linea,1334231056,https://www.openstreetmap.org/way/1334231056,36.2975175,-5.3069802,colision_linea,desconocida,,line,,,63.54598519514308,17.970790882811283,sep,"Cigüeña negra, Águila calzada, Culebrera europea"
aerogenerador,9553705683,https://www.openstreetmap.org/node/9553705683,36.0525459,-5.5559331,colision_aerogenerador,eolico,,1.5 MW,,,63.52960328371202,29.028133405796513,nov,"Buitre negro, Águila perdicera, Milano real"
apoyo,6413823121,https://www.openstreetmap.org/node/6413823121,36.0626104,-5.5906342,electrocucion,distribucion,66000.0,tower,,1.0,63.20755306091782,40.883662320658956,oct,"Águila real, Cigüeña negra, Águila perdicera"
apoyo,3455539541,https://www.openstreetmap.org/node/3455539541,36.0621054,-5.59445,electrocucion,distribucion,66000.0,tower,,1.0,63.20755306091782,40.883662320658956,oct,"Águila real, Cigüeña negra, Águila perdicera"
apoyo,3455539543,https://www.openstreetmap.org/node/3455539543,36.0635899,-5.5937022,electrocucion,distribucion,66000.0,tower,,1.0,63.20755306091782,40.883662320658956,oct,"Águila real, Cigüeña negra, Águila perdicera"
apoyo,3455539542,https://www.openstreetmap.org/node/3455539542,36.0634208,-5.593808,electrocucion,distribucion,66000.0,tower,,1.0,63.20755306091782,40.883662320658956,oct,"Águila real, Cigüeña negra, Águila perdicera"
apoyo,6413823120,https://www.openstreetmap.org/node/6413823120,36.0625279,-5.5910271,electrocucion,distribucion,66000.0,tower,,1.0,63.20755306091782,40.883662320658956,oct,"Águila real, Cigüeña negra, Águila perdicera"
apoyo,6434174470,https://www.openstreetmap.org/node/6434174470,36.0367934,-5.6169668,electrocucion,distribucion,20000.0,tower,,0.99,63.16793335267741,28.483470155252963,sep,"Milano negro, Cigüeña negra, Halcón peregrino"
apoyo,6540690564,https://www.openstreetmap.org/node/6540690564,36.1720383,-5.7428321,electrocucion,distribucion,20000.0,tower,,1.0,62.95904051792098,43.69010814885002,ago,"Culebrera europea, Cigüeña blanca, Halcón peregrino"
apoyo,6540690563,https://www.openstreetmap.org/node/6540690563,36.1711376,-5.7405683,electrocucion,distribucion,20000.0,tower,,1.0,62.95904051792098,43.69010814885002,ago,"Culebrera europea, Cigüeña blanca, Halcón peregrino"
apoyo,6540690566,https://www.openstreetmap.org/node/6540690566,36.1743313,-5.7448116,electrocucion,distribucion,20000.0,tower,,1.0,62.95904051792098,43.69010814885002,ago,"Culebrera europea, Cigüeña blanca, Halcón peregrino"
apoyo,6540690565,https://www.openstreetmap.org/node/6540690565,36.1732508,-5.7438755,electrocucion,distribucion,20000.0,tower,,1.0,62.95904051792098,43.69010814885002,ago,"Culebrera europea, Cigüeña blanca, Halcón peregrino"
apoyo,1135616783,https://www.openstreetmap.org/node/1135616783,36.1710556,-5.7432258,electrocucion,distribucion,66000.0,tower,,1.0,62.95904051792098,43.69010814885002,ago,"Culebrera europea, Cigüeña blanca, Halcón peregrino"
aerogenerador,1135611136,https://www.openstreetmap.org/node/1135611136,36.1638278,-5.7384544,colision_aerogenerador,eolico,,800 kW,,,62.694690115906724,41.12258074683324,ago,"Culebrera europea, Cigüeña blanca, Alimoche"
aerogenerador,1135611002,https://www.openstreetmap.org/node/1135611002,36.1630479,-5.7379135,colision_aerogenerador,eolico,,800 kW,,,62.694690115906724,41.12258074683324,ago,"Culebrera europea, Cigüeña blanca, Alimoche"
aerogenerador,1135610571,https://www.openstreetmap.org/node/1135610571,36.1622563,-5.7373628,colision_aerogenerador,eolico,,800 kW,,,62.694690115906724,41.12258074683324,ago,"Culebrera europea, Cigüeña blanca, Alimoche"
aerogenerador,1135610497,https://www.openstreetmap.org/node/1135610497,36.1614387,-5.736889,colision_aerogenerador,eolico,,800 kW,,,62.694690115906724,41.12258074683324,ago,"Culebrera europea, Cigüeña blanca, Alimoche"
aerogenerador,1135610299,https://www.openstreetmap.org/node/1135610299,36.1646331,-5.7388157,colision_aerogenerador,eolico,,800 kW,,,62.694690115906724,41.12258074683324,ago,"Culebrera europea, Cigüeña blanca, Alimoche"
aerogenerador,1135610204,https://www.openstreetmap.org/node/1135610204,36.1605737,-5.7365943,colision_aerogenerador,eolico,,800 kW,,,62.694690115906724,41.12258074683324,ago,"Culebrera europea, Cigüeña blanca, Alimoche"
linea,1334231062,https://www.openstreetmap.org/way/1334231062,36.3033837,-5.3011029999999995,colision_linea,desconocida,,line,,,62.64020362024922,16.342869143063343,sep,"Cigüeña negra, Águila calzada, Culebrera europea"
linea,655417196,https://www.openstreetmap.org/way/655417196,36.30115575,-5.30000745,colision_linea,distribucion,,minor_line,,,62.64020362024922,16.342869143063343,sep,"Cigüeña negra, Águila calzada, Culebrera europea"
linea,97199644,https://www.openstreetmap.org/way/97199644,36.2487232,-5.4107883,colision_linea,transporte,400000.0,line,Red Eléctrica de España,,62.4150319195289,29.965246317267916,may,"Águila calzada, Cigüeña blanca, Águila real"
linea,1262731207,https://www.openstreetmap.org/way/1262731207,36.25015656666667,-5.412273566666666,colision_linea,transporte,400000.0,line,Red Eléctrica de España,,62.4150319195289,29.965246317267916,may,"Águila calzada, Cigüeña blanca, Águila real"
aerogenerador,9553705681,https://www.openstreetmap.org/node/9553705681,36.0583865,-5.5599618,colision_aerogenerador,eolico,,3 MW,,,62.34801919280898,27.8058772531556,nov,"Buitre negro, Águila perdicera, Halcón peregrino"
apoyo,3455539579,https://www.openstreetmap.org/node/3455539579,36.2182446,-5.7896088,electrocucion,distribucion,66000.0,tower,,1.0,62.263841475338765,37.74100628932946,oct,"Cigüeña blanca, Águila imperial ibérica, Cigüeña negra"
apoyo,3455539578,https://www.openstreetmap.org/node/3455539578,36.2155586,-5.7882517,electrocucion,distribucion,66000.0,tower,,1.0,62.263841475338765,37.74100628932946,oct,"Cigüeña blanca, Águila imperial ibérica, Cigüeña negra"
linea,1320320238,https://www.openstreetmap.org/way/1320320238,36.17942255,-5.757565675,colision_linea,distribucion,20000.0,minor_line,,,62.242638573813636,47.48236762469048,feb,"Grulla común, Águila real, Halcón peregrino"
linea,1320320237,https://www.openstreetmap.org/way/1320320237,36.17830636666667,-5.7587477,colision_linea,distribucion,20000.0,minor_line,,,62.242638573813636,47.48236762469048,feb,"Grulla común, Águila real, Halcón peregrino"
apoyo,6538188624,https://www.openstreetmap.org/node/6538188624,36.1580823,-5.7321757,electrocucion,distribucion,20000.0,tower,,1.0,62.18584144686905,42.886668678056964,jul,"Culebrera europea, Cigüeña blanca, Alimoche"
apoyo,6540690554,https://www.openstreetmap.org/node/6540690554,36.1599209,-5.7334404,electrocucion,distribucion,20000.0,tower,,1.0,62.18584144686905,42.886668678056964,jul,"Culebrera europea, Cigüeña blanca, Alimoche"
apoyo,6538188623,https://www.openstreetmap.org/node/6538188623,36.1589052,-5.7329562,electrocucion,distribucion,20000.0,tower,,1.0,62.18584144686905,42.886668678056964,jul,"Culebrera europea, Cigüeña blanca, Alimoche"
apoyo,1135610417,https://www.openstreetmap.org/node/1135610417,36.1560763,-5.7321758,electrocucion,distribucion,66000.0,tower,,1.0,62.18584144686905,42.886668678056964,jul,"Culebrera europea, Cigüeña blanca, Alimoche"
apoyo,1135610473,https://www.openstreetmap.org/node/1135610473,36.1577295,-5.7343062,electrocucion,distribucion,66000.0,tower,,1.0,62.18584144686905,42.886668678056964,jul,"Culebrera europea, Cigüeña blanca, Alimoche"
apoyo,6538188626,https://www.openstreetmap.org/node/6538188626,36.1565664,-5.73073,electrocucion,distribucion,20000.0,tower,,1.0,62.18584144686905,42.886668678056964,jul,"Culebrera europea, Cigüeña blanca, Alimoche"
apoyo,6538188625,https://www.openstreetmap.org/node/6538188625,36.1573785,-5.7315052,electrocucion,distribucion,20000.0,tower,,1.0,62.18584144686905,42.886668678056964,jul,"Culebrera europea, Cigüeña blanca, Alimoche"
apoyo,6450601894,https://www.openstreetmap.org/node/6450601894,36.0741998,-5.6962086,electrocucion,distribucion,20000.0,tower,,1.0,62.047972057319654,26.607350431131163,sep,"Cigüeña negra, Abejero europeo, Águila calzada"
apoyo,6450601895,https://www.openstreetmap.org/node/6450601895,36.0749607,-5.6973633,electrocucion,distribucion,20000.0,tower,,1.0,62.047972057319654,26.607350431131163,sep,"Cigüeña negra, Abejero europeo, Águila calzada"
apoyo,6451372973,https://www.openstreetmap.org/node/6451372973,36.0709023,-5.6972453,electrocucion,distribucion,20000.0,pole,,1.0,62.047972057319654,26.607350431131163,sep,"Cigüeña negra, Abejero europeo, Águila calzada"
apoyo,6451372958,https://www.openstreetmap.org/node/6451372958,36.0723337,-5.6950285,electrocucion,distribucion,20000.0,pole,,1.0,62.047972057319654,26.607350431131163,sep,"Cigüeña negra, Abejero europeo, Águila calzada"
apoyo,6451372959,https://www.openstreetmap.org/node/6451372959,36.0704113,-5.6981021,electrocucion,distribucion,20000.0,pole,,1.0,62.047972057319654,26.607350431131163,sep,"Cigüeña negra, Abejero europeo, Águila calzada"
apoyo,6451372974,https://www.openstreetmap.org/node/6451372974,36.0714638,-5.6962784,electrocucion,distribucion,20000.0,pole,,1.0,62.047972057319654,26.607350431131163,sep,"Cigüeña negra, Abejero europeo, Águila calzada"
aerogenerador,1133862349,https://www.openstreetmap.org/node/1133862349,36.1611061,-5.7914046,colision_aerogenerador,eolico,,300 kW,,,62.01818616122,41.946065510737824,feb,"Águila real, Grulla común, Búho real"
aerogenerador,1133862148,https://www.openstreetmap.org/node/1133862148,36.1641386,-5.7920618,colision_aerogenerador,eolico,,300 kW,,,62.01818616122,41.946065510737824,feb,"Águila real, Grulla común, Búho real"
aerogenerador,1133861901,https://www.openstreetmap.org/node/1133861901,36.1629874,-5.7927582,colision_aerogenerador,eolico,,300 kW,,,62.01818616122,41.946065510737824,feb,"Águila real, Grulla común, Búho real"
aerogenerador,1133861976,https://www.openstreetmap.org/node/1133861976,36.1635615,-5.7926592,colision_aerogenerador,eolico,,300 kW,,,62.01818616122,41.946065510737824,feb,"Águila real, Grulla común, Búho real"
aerogenerador,1133862073,https://www.openstreetmap.org/node/1133862073,36.1604944,-5.7911827,colision_aerogenerador,eolico,,300 kW,,,62.01818616122,41.946065510737824,feb,"Águila real, Grulla común, Búho real"
aerogenerador,1133862066,https://www.openstreetmap.org/node/1133862066,36.1623645,-5.7926182,colision_aerogenerador,eolico,,300 kW,,,62.01818616122,41.946065510737824,feb,"Águila real, Grulla común, Búho real"
aerogenerador,1133862104,https://www.openstreetmap.org/node/1133862104,36.1617917,-5.7920501,colision_aerogenerador,eolico,,300 kW,,,62.01818616122,41.946065510737824,feb,"Águila real, Grulla común, Búho real"
linea,181674239,https://www.openstreetmap.org/way/181674239,36.24702165,-5.414586549999999,colision_linea,transporte,220000.0,line,,,61.85542877195667,29.343785436497907,may,"Águila calzada, Cigüeña blanca, Águila real"
linea,666476451,https://www.openstreetmap.org/way/666476451,36.2471251,-5.414581699999999,colision_linea,transporte,220000.0,line,Red Eléctrica de España,,61.85542877195667,29.343785436497907,may,"Águila calzada, Cigüeña blanca, Águila real"
aerogenerador,1968239118,https://www.openstreetmap.org/node/1968239118,36.0832468,-5.6549588,colision_aerogenerador,eolico,,2 MW,,,61.71801815071154,29.989756622660533,sep,"Cigüeña negra, Abejero europeo, Águila calzada"
aerogenerador,1968239155,https://www.openstreetmap.org/node/1968239155,36.0845127,-5.6539007,colision_aerogenerador,eolico,,2 MW,,,61.71801815071154,29.989756622660533,sep,"Cigüeña negra, Abejero europeo, Águila calzada"
linea,181677162,https://www.openstreetmap.org/way/181677162,36.24532773333333,-5.409883733333333,colision_linea,transporte,220000.0,Línea de alta tensión Algeciras - Pinar del Rey 1 y Algeciras - Pinar del Rey 2,Red Eléctrica de España,,61.506120870188454,30.187102546245793,may,"Águila calzada, Cigüeña blanca, Águila real"
linea,181677161,https://www.openstreetmap.org/way/181677161,36.2447935,-5.410140450000001,colision_linea,distribucion,66000.0,Línea de alta tensión Alcaides - Pinar del Rey y Las Mesas - Pinar del Rey,,,61.506120870188454,30.187102546245793,may,"Águila calzada, Cigüeña blanca, Águila real"
apoyo,6418344276,https://www.openstreetmap.org/node/6418344276,36.0238372,-5.5885327,electrocucion,distribucion,20000.0,tower,,1.0,61.27679215237192,27.005477662201063,sep,"Cigüeña negra, Alimoche, Milano negro"
apoyo,6418344277,https://www.openstreetmap.org/node/6418344277,36.0246474,-5.5869958,electrocucion,distribucion,20000.0,tower,,1.0,61.27679215237192,27.005477662201063,sep,"Cigüeña negra, Alimoche, Milano negro"
apoyo,12229331484,https://www.openstreetmap.org/node/12229331484,36.110299,-5.460811,electrocucion,distribucion,20000.0,tower,,1.0,60.88562064416661,26.628902702981495,oct,"Águila real, Cigüeña negra, Halcón peregrino"
apoyo,12229331486,https://www.openstreetmap.org/node/12229331486,36.1130335,-5.4621044,electrocucion,distribucion,20000.0,tower,,1.0,60.88562064416661,26.628902702981495,oct,"Águila real, Cigüeña negra, Halcón peregrino"
apoyo,12229331483,https://www.openstreetmap.org/node/12229331483,36.1101088,-5.4604609,electrocucion,distribucion,20000.0,tower,,1.0,60.88562064416661,26.628902702981495,oct,"Águila real, Cigüeña negra, Halcón peregrino"
apoyo,12229331487,https://www.openstreetmap.org/node/12229331487,36.114614,-5.4619898,electrocucion,distribucion,20000.0,tower,,1.0,60.88562064416661,26.628902702981495,oct,"Águila real, Cigüeña negra, Halcón peregrino"
apoyo,12229331485,https://www.openstreetmap.org/node/12229331485,36.1123464,-5.4610061,electrocucion,distribucion,20000.0,tower,,1.0,60.88562064416661,26.628902702981495,oct,"Águila real, Cigüeña negra, Halcón peregrino"
aerogenerador,1135616565,https://www.openstreetmap.org/node/1135616565,36.154074,-5.7661862,colision_aerogenerador,eolico,,300 kW,,,60.49210985567248,39.89818687308905,ago,"Cigüeña blanca, Culebrera europea, Águila imperial ibérica"
aerogenerador,1135616639,https://www.openstreetmap.org/node/1135616639,36.1516773,-5.7668478,colision_aerogenerador,eolico,,300 kW,,,60.49210985567248,39.89818687308905,ago,"Cigüeña blanca, Culebrera europea, Águila imperial ibérica"
aerogenerador,1135616657,https://www.openstreetmap.org/node/1135616657,36.1545982,-5.7657371,colision_aerogenerador,eolico,,300 kW,,,60.49210985567248,39.89818687308905,ago,"Cigüeña blanca, Culebrera europea, Águila imperial ibérica"
aerogenerador,1135616759,https://www.openstreetmap.org/node/1135616759,36.1522451,-5.7663982,colision_aerogenerador,eolico,,300 kW,,,60.49210985567248,39.89818687308905,ago,"Cigüeña blanca, Culebrera europea, Águila imperial ibérica"
aerogenerador,1135616929,https://www.openstreetmap.org/node/1135616929,36.1535123,-5.7664138,colision_aerogenerador,eolico,,300 kW,,,60.49210985567248,39.89818687308905,ago,"Cigüeña blanca, Culebrera europea, Águila imperial ibérica"
aerogenerador,1135616793,https://www.openstreetmap.org/node/1135616793,36.1528868,-5.7662432,colision_aerogenerador,eolico,,300 kW,,,60.49210985567248,39.89818687308905,ago,"Cigüeña blanca, Culebrera europea, Águila imperial ibérica"
aerogenerador,1135616618,https://www.openstreetmap.org/node/1135616618,36.1511611,-5.7672726,colision_aerogenerador,eolico,,300 kW,,,60.49210985567248,39.89818687308905,ago,"Cigüeña blanca, Culebrera europea, Águila imperial ibérica"
apoyo,4038091179,https://www.openstreetmap.org/node/4038091179,36.1176227,-5.4842967,electrocucion,distribucion,66000.0,tower,,1.0,60.37032451416623,23.145013466418916,oct,"Águila real, Cigüeña negra, Águila perdicera"
apoyo,4038091178,https://www.openstreetmap.org/node/4038091178,36.1156588,-5.4831914,electrocucion,distribucion,66000.0,tower,,1.0,60.37032451416623,23.145013466418916,oct,"Águila real, Cigüeña negra, Águila perdicera"
apoyo,1123196985,https://www.openstreetmap.org/node/1123196985,36.0620363,-5.5888069,electrocucion,distribucion,66000.0,tower,,1.0,60.30754827136061,37.00840360017515,oct,"Águila real, Cigüeña negra, Águila perdicera"
apoyo,3455539540,https://www.openstreetmap.org/node/3455539540,36.0616643,-5.5882889,electrocucion,distribucion,66000.0,tower,,1.0,60.30754827136061,37.00840360017515,oct,"Águila real, Cigüeña negra, Águila perdicera"
apoyo,1123196952,https://www.openstreetmap.org/node/1123196952,36.0620009,-5.5876026,electrocucion,distribucion,66000.0,tower,,1.0,60.30754827136061,37.00840360017515,oct,"Águila real, Cigüeña negra, Águila perdicera"
apoyo,3455539539,https://www.openstreetmap.org/node/3455539539,36.061114,-5.5865431,electrocucion,distribucion,66000.0,tower,,1.0,60.30754827136061,37.00840360017515,oct,"Águila real, Cigüeña negra, Águila perdicera"
apoyo,6394097631,https://www.openstreetmap.org/node/6394097631,36.0737405,-5.5084543,electrocucion,distribucion,66000.0,tower,,1.0,59.982715244744824,39.437446786460704,oct,"Águila real, Culebrera europea, Águila calzada"
apoyo,2640941113,https://www.openstreetmap.org/node/2640941113,36.0746175,-5.5075643,electrocucion,distribucion,20000.0,tower,,1.0,59.982715244744824,39.437446786460704,oct,"Águila real, Culebrera europea, Águila calzada"
apoyo,9702213625,https://www.openstreetmap.org/node/9702213625,36.0287429,-5.6046541,electrocucion,distribucion,20000.0,tower,,1.0,59.95962453070616,25.8569081572054,sep,"Milano negro, Cigüeña negra, Alimoche"
linea,1320320219,https://www.openstreetmap.org/way/1320320219,36.145073000000004,-5.71737914,colision_linea,distribucion,66000.0,line,,,59.91307084009368,39.51913758263601,sep,"Culebrera europea, Alimoche, Águila calzada"
linea,1320320233,https://www.openstreetmap.org/way/1320320233,36.1450444,-5.71719085,colision_linea,distribucion,66000.0,line,,,59.91307084009368,39.51913758263601,sep,"Culebrera europea, Alimoche, Águila calzada"
linea,1320320220,https://www.openstreetmap.org/way/1320320220,36.144845325,-5.717454816666667,colision_linea,distribucion,66000.0,line,,,59.91307084009368,39.51913758263601,sep,"Culebrera europea, Alimoche, Águila calzada"
linea,1320320228,https://www.openstreetmap.org/way/1320320228,36.14472475,-5.717003249999999,colision_linea,distribucion,66000.0,line,,,59.91307084009368,39.51913758263601,sep,"Culebrera europea, Alimoche, Águila calzada"
linea,1320320235,https://www.openstreetmap.org/way/1320320235,36.1449759,-5.7175091333333325,colision_linea,distribucion,66000.0,line,,,59.91307084009368,39.51913758263601,sep,"Culebrera europea, Alimoche, Águila calzada"
linea,1320320234,https://www.openstreetmap.org/way/1320320234,36.14503253333333,-5.717359433333333,colision_linea,distribucion,66000.0,line,,,59.91307084009368,39.51913758263601,sep,"Culebrera europea, Alimoche, Águila calzada"
apoyo,6457699888,https://www.openstreetmap.org/node/6457699888,36.1029312,-5.8070938,electrocucion,distribucion,20000.0,tower,,1.0,59.60961884748668,28.783872721171917,sep,"Halcón peregrino, Abejero europeo, Buitre leonado"
apoyo,6457699889,https://www.openstreetmap.org/node/6457699889,36.1030959,-5.8053008,electrocucion,distribucion,20000.0,tower,,1.0,59.60961884748668,28.783872721171917,sep,"Halcón peregrino, Abejero europeo, Buitre leonado"
apoyo,6457699887,https://www.openstreetmap.org/node/6457699887,36.1026994,-5.8096164,electrocucion,distribucion,20000.0,tower,,1.0,59.60961884748668,28.783872721171917,sep,"Halcón peregrino, Abejero europeo, Buitre leonado"
apoyo,4038091160,https://www.openstreetmap.org/node/4038091160,36.107071,-5.4607445,electrocucion,distribucion,66000.0,tower,,1.0,59.59121828349214,22.934490038086853,oct,"Cigüeña negra, Águila real, Halcón peregrino"
apoyo,6406806929,https://www.openstreetmap.org/node/6406806929,36.0705066,-5.5288133,electrocucion,distribucion,20000.0,pole,,1.1,59.42087547911957,27.396970667279508,nov,"Buitre negro, Águila perdicera, Halcón peregrino"
apoyo,6406806928,https://www.openstreetmap.org/node/6406806928,36.0710844,-5.5270001,electrocucion,distribucion,20000.0,pole,,1.1,59.42087547911957,27.396970667279508,nov,"Buitre negro, Águila perdicera, Halcón peregrino"
linea,338472953,https://www.openstreetmap.org/way/338472953,36.049961163636354,-5.599117445454545,colision_linea,distribucion,66000.0,Línea de alta tensión Cubillo - Getares y Cubillo - Pesur,,,59.02659407514007,34.150385700210265,ago,"Milano negro, Alimoche, Abejero europeo"
linea,684998098,https://www.openstreetmap.org/way/684998098,36.028284299999996,-5.603796633333334,colision_linea,distribucion,20000.0,minor_line,,,59.017489721709886,24.79340802182509,sep,"Milano negro, Cigüeña negra, Alimoche"
aerogenerador,1133862175,https://www.openstreetmap.org/node/1133862175,36.1486689,-5.7912149,colision_aerogenerador,eolico,,300 kW,,,58.67971163439769,33.90900404686236,nov,"Buitre negro, Águila perdicera, Grulla común"
aerogenerador,1133862288,https://www.openstreetmap.org/node/1133862288,36.148114,-5.7913511,colision_aerogenerador,eolico,,300 kW,,,58.67971163439769,33.90900404686236,nov,"Buitre negro, Águila perdicera, Grulla común"
aerogenerador,1133862339,https://www.openstreetmap.org/node/1133862339,36.1499295,-5.7901384,colision_aerogenerador,eolico,,300 kW,,,58.67971163439769,33.90900404686236,nov,"Buitre negro, Águila perdicera, Grulla común"
aerogenerador,1133862206,https://www.openstreetmap.org/node/1133862206,36.1469229,-5.7916482,colision_aerogenerador,eolico,,300 kW,,,58.67971163439769,33.90900404686236,nov,"Buitre negro, Águila perdicera, Grulla común"
aerogenerador,1133861999,https://www.openstreetmap.org/node/1133861999,36.1492568,-5.790964,colision_aerogenerador,eolico,,300 kW,,,58.67971163439769,33.90900404686236,nov,"Buitre negro, Águila perdicera, Grulla común"
aerogenerador,1133861837,https://www.openstreetmap.org/node/1133861837,36.1475777,-5.7915018,colision_aerogenerador,eolico,,300 kW,,,58.67971163439769,33.90900404686236,nov,"Buitre negro, Águila perdicera, Grulla común"
linea,181674247,https://www.openstreetmap.org/way/181674247,36.15900688985507,-5.4813297579710145,colision_linea,transporte,400000.0,line,Red Eléctrica de España,,58.35164214791942,34.15055397702245,oct,"Cigüeña negra, Águila perdicera, Halcón peregrino"
linea,401373748,https://www.openstreetmap.org/way/401373748,36.146646399999995,-5.47357266,colision_linea,distribucion,66000.0,"Línea de alta tensión Estrecho - Fresno, Estrecho - Menacha y Getares - Mercancías",,,58.221966318972,35.898485833212256,mar,"Cigüeña blanca, Milano negro, Culebrera europea"
apoyo,12183779454,https://www.openstreetmap.org/node/12183779454,36.3902227,-5.3088058,electrocucion,distribucion,66000.0,tower,,1.0,57.97731682757221,30.013969827454105,oct,"Halcón peregrino, Águila real, Cigüeña negra"
apoyo,12183779455,https://www.openstreetmap.org/node/12183779455,36.3912886,-5.3076826,electrocucion,distribucion,66000.0,tower,,1.0,57.97731682757221,30.013969827454105,oct,"Halcón peregrino, Águila real, Cigüeña negra"
apoyo,12183779456,https://www.openstreetmap.org/node/12183779456,36.3936131,-5.3066145,electrocucion,distribucion,66000.0,tower,,1.0,57.97731682757221,30.013969827454105,oct,"Halcón peregrino, Águila real, Cigüeña negra"
linea,401373783,https://www.openstreetmap.org/way/401373783,36.11996045862068,-5.473877375862069,colision_linea,distribucion,66000.0,Línea de alta tensión Estrecho - Getares y Getares - Mercancías,,,57.913945605890696,23.811574948646765,oct,"Cigüeña negra, Águila perdicera, Halcón peregrino"
apoyo,6450602962,https://www.openstreetmap.org/node/6450602962,36.0881295,-5.7128249,electrocucion,distribucion,20000.0,pole,,1.0,57.83779982368994,30.93054101865211,sep,"Cigüeña negra, Abejero europeo, Águila calzada"
apoyo,6450602961,https://www.openstreetmap.org/node/6450602961,36.0881263,-5.7126412,electrocucion,distribucion,20000.0,pole,,1.0,57.83779982368994,30.93054101865211,sep,"Cigüeña negra, Abejero europeo, Águila calzada"
apoyo,6449377489,https://www.openstreetmap.org/node/6449377489,36.0882834,-5.7102419,electrocucion,distribucion,20000.0,pole,,1.0,57.83779982368994,30.93054101865211,sep,"Cigüeña negra, Abejero europeo, Águila calzada"
apoyo,6450602963,https://www.openstreetmap.org/node/6450602963,36.0881219,-5.714099,electrocucion,distribucion,20000.0,pole,,1.0,57.83779982368994,30.93054101865211,sep,"Cigüeña negra, Abejero europeo, Águila calzada"
apoyo,6449377487,https://www.openstreetmap.org/node/6449377487,36.089288,-5.7124145,electrocucion,distribucion,20000.0,tower,,1.0,57.83779982368994,30.93054101865211,sep,"Cigüeña negra, Abejero europeo, Águila calzada"
apoyo,6449377488,https://www.openstreetmap.org/node/6449377488,36.0891298,-5.712267,electrocucion,distribucion,20000.0,pole,,1.0,57.83779982368994,30.93054101865211,sep,"Cigüeña negra, Abejero europeo, Águila calzada"
apoyo,6345476986,https://www.openstreetmap.org/node/6345476986,36.2261266,-5.437089,electrocucion,distribucion,15000.0,pole,,1.0,57.75463595628365,36.309845278991496,may,"Cigüeña blanca, Águila calzada, Milano negro"
apoyo,6345477005,https://www.openstreetmap.org/node/6345477005,36.2296379,-5.4370956,electrocucion,distribucion,15000.0,pole,,1.0,57.75463595628365,36.309845278991496,may,"Cigüeña blanca, Águila calzada, Milano negro"
apoyo,6345476997,https://www.openstreetmap.org/node/6345476997,36.228281,-5.4376263,electrocucion,distribucion,15000.0,pole,,1.0,57.75463595628365,36.309845278991496,may,"Cigüeña blanca, Águila calzada, Milano negro"
apoyo,6345477004,https://www.openstreetmap.org/node/6345477004,36.2287338,-5.4370107,electrocucion,distribucion,15000.0,pole,,1.0,57.75463595628365,36.309845278991496,may,"Cigüeña blanca, Águila calzada, Milano negro"
apoyo,6345477006,https://www.openstreetmap.org/node/6345477006,36.2297959,-5.4370956,electrocucion,distribucion,15000.0,pole,,1.0,57.75463595628365,36.309845278991496,may,"Cigüeña blanca, Águila calzada, Milano negro"
apoyo,6345477008,https://www.openstreetmap.org/node/6345477008,36.2274617,-5.4394752,electrocucion,distribucion,,pole,,1.0,57.75463595628365,36.309845278991496,may,"Cigüeña blanca, Águila calzada, Milano negro"
apoyo,6345476985,https://www.openstreetmap.org/node/6345476985,36.226233,-5.4366572,electrocucion,distribucion,15000.0,pole,,1.0,57.75463595628365,36.309845278991496,may,"Cigüeña blanca, Águila calzada, Milano negro"
apoyo,6345476987,https://www.openstreetmap.org/node/6345476987,36.225759,-5.438632,electrocucion,distribucion,15000.0,pole,,1.0,57.75463595628365,36.309845278991496,may,"Cigüeña blanca, Águila calzada, Milano negro"
apoyo,6345476994,https://www.openstreetmap.org/node/6345476994,36.2264219,-5.4365635,electrocucion,distribucion,15000.0,pole,,1.0,57.75463595628365,36.309845278991496,may,"Cigüeña blanca, Águila calzada, Milano negro"
apoyo,6345476995,https://www.openstreetmap.org/node/6345476995,36.2265796,-5.4376236,electrocucion,distribucion,15000.0,pole,,1.0,57.75463595628365,36.309845278991496,may,"Cigüeña blanca, Águila calzada, Milano negro"
apoyo,6345476996,https://www.openstreetmap.org/node/6345476996,36.2273815,-5.4376153,electrocucion,distribucion,15000.0,pole,,1.0,57.75463595628365,36.309845278991496,may,"Cigüeña blanca, Águila calzada, Milano negro"
apoyo,6345477007,https://www.openstreetmap.org/node/6345477007,36.2287062,-5.4356363,electrocucion,distribucion,,pole,,1.0,57.75463595628365,36.309845278991496,may,"Cigüeña blanca, Águila calzada, Milano negro"
apoyo,6396319945,https://www.openstreetmap.org/node/6396319945,36.0807092,-5.4967475,electrocucion,distribucion,20000.0,tower,,1.0,57.657710777260775,22.35451950704433,oct,"Cigüeña negra, Halcón peregrino, Milano real"
apoyo,6394097599,https://www.openstreetmap.org/node/6394097599,36.0800009,-5.4978861,electrocucion,distribucion,20000.0,tower,,1.0,57.657710777260775,22.35451950704433,oct,"Cigüeña negra, Halcón peregrino, Milano real"
apoyo,6646383347,https://www.openstreetmap.org/node/6646383347,36.2444679,-5.8307281,electrocucion,distribucion,20000.0,tower,,1.0,57.58913508500252,36.127608729851765,oct,"Cigüeña blanca, Águila perdicera, Cigüeña negra"
apoyo,3455539586,https://www.openstreetmap.org/node/3455539586,36.2447555,-5.8320902,electrocucion,distribucion,66000.0,tower,,1.0,57.58913508500252,36.127608729851765,oct,"Cigüeña blanca, Águila perdicera, Cigüeña negra"
apoyo,9702213624,https://www.openstreetmap.org/node/9702213624,36.0377607,-5.6182878,electrocucion,distribucion,20000.0,tower,,0.9,57.42539395697946,25.894063777502694,sep,"Milano negro, Cigüeña negra, Halcón peregrino"
apoyo,6573343268,https://www.openstreetmap.org/node/6573343268,36.2278981,-5.8006284,electrocucion,distribucion,66000.0,tower,,1.0,57.40635371896518,36.94891589985608,oct,"Cigüeña blanca, Águila imperial ibérica, Cigüeña negra"
apoyo,6573343267,https://www.openstreetmap.org/node/6573343267,36.2293867,-5.8033857,electrocucion,distribucion,66000.0,tower,,1.0,57.40635371896518,36.94891589985608,oct,"Cigüeña blanca, Águila imperial ibérica, Cigüeña negra"
aerogenerador,1126004146,https://www.openstreetmap.org/node/1126004146,36.2526907,-5.4935649,colision_aerogenerador,eolico,,1.8 MW,,,57.25346414503933,37.852091746393114,nov,"Buitre leonado, Buitre negro, Milano real"
aerogenerador,1126004438,https://www.openstreetmap.org/node/1126004438,36.2546076,-5.4916611,colision_aerogenerador,eolico,,1.8 MW,,,57.25346414503933,37.852091746393114,nov,"Buitre leonado, Buitre negro, Milano real"
apoyo,9605244619,https://www.openstreetmap.org/node/9605244619,36.1780303,-5.4719934,electrocucion,distribucion,66000.0,tower,,1.3,57.246471483623914,35.847337964957724,sep,"Águila calzada, Abejero europeo, Cigüeña blanca"
apoyo,6171518493,https://www.openstreetmap.org/node/6171518493,36.3080132,-5.4576945,electrocucion,distribucion,15000.0,tower,,1.0,56.7707483016189,15.518531085436058,sep,"Buitre leonado, Abejero europeo, Águila calzada"
apoyo,6171518491,https://www.openstreetmap.org/node/6171518491,36.3081786,-5.4561389,electrocucion,distribucion,15000.0,tower,,1.0,56.7707483016189,15.518531085436058,sep,"Buitre leonado, Abejero europeo, Águila calzada"
apoyo,6171518490,https://www.openstreetmap.org/node/6171518490,36.3080912,-5.4551778,electrocucion,distribucion,15000.0,tower,,1.0,56.7707483016189,15.518531085436058,sep,"Buitre leonado, Abejero europeo, Águila calzada"
apoyo,6171518492,https://www.openstreetmap.org/node/6171518492,36.3082748,-5.457197,electrocucion,distribucion,15000.0,tower,,1.0,56.7707483016189,15.518531085436058,sep,"Buitre leonado, Abejero europeo, Águila calzada"
apoyo,6540690562,https://www.openstreetmap.org/node/6540690562,36.1696371,-5.7394874,electrocucion,distribucion,20000.0,tower,,1.0,56.682220853373565,39.30459782795105,ago,"Culebrera europea, Cigüeña blanca, Milano negro"
apoyo,1135611254,https://www.openstreetmap.org/node/1135611254,36.1651856,-5.7381959,electrocucion,distribucion,66000.0,tower,,1.0,56.682220853373565,39.30459782795105,ago,"Culebrera europea, Cigüeña blanca, Milano negro"
apoyo,6540690561,https://www.openstreetmap.org/node/6540690561,36.1684722,-5.7386734,electrocucion,distribucion,20000.0,tower,,1.0,56.682220853373565,39.30459782795105,ago,"Culebrera europea, Cigüeña blanca, Milano negro"
apoyo,6540690560,https://www.openstreetmap.org/node/6540690560,36.1671762,-5.737748,electrocucion,distribucion,20000.0,tower,,1.0,56.682220853373565,39.30459782795105,ago,"Culebrera europea, Cigüeña blanca, Milano negro"
apoyo,6540690559,https://www.openstreetmap.org/node/6540690559,36.1661856,-5.7370573,electrocucion,distribucion,20000.0,tower,,1.0,56.682220853373565,39.30459782795105,ago,"Culebrera europea, Cigüeña blanca, Milano negro"
apoyo,6540690558,https://www.openstreetmap.org/node/6540690558,36.1652934,-5.7364216,electrocucion,distribucion,20000.0,tower,,1.0,56.682220853373565,39.30459782795105,ago,"Culebrera europea, Cigüeña blanca, Milano negro"
apoyo,3455539582,https://www.openstreetmap.org/node/3455539582,36.2309688,-5.8063499,electrocucion,distribucion,66000.0,tower,,1.0,56.12495643517824,37.753657142381265,oct,"Cigüeña blanca, Águila imperial ibérica, Cigüeña negra"
apoyo,12218053037,https://www.openstreetmap.org/node/12218053037,36.2325344,-5.8092732,electrocucion,distribucion,66000.0,tower,,1.0,56.12495643517824,37.753657142381265,oct,"Cigüeña blanca, Águila imperial ibérica, Cigüeña negra"
linea,691036112,https://www.openstreetmap.org/way/691036112,36.07325998,-5.61624194,colision_linea,distribucion,66000.0,Línea de alta tensión Energía Eólica del Estrecho - Puerto de la Cruz y Pesur - Puerto de la Cruz,,,55.94007561023788,28.644246023394746,sep,"Milano negro, Cigüeña negra, Águila real"
apoyo,6406806921,https://www.openstreetmap.org/node/6406806921,36.0758658,-5.5217215,electrocucion,distribucion,20000.0,pole,,1.0,55.64395168476781,30.090667603282835,nov,"Buitre negro, Águila perdicera, Halcón peregrino"
apoyo,6406806919,https://www.openstreetmap.org/node/6406806919,36.0778114,-5.5209048,electrocucion,distribucion,20000.0,pole,,1.0,55.64395168476781,30.090667603282835,nov,"Buitre negro, Águila perdicera, Halcón peregrino"
apoyo,6406806920,https://www.openstreetmap.org/node/6406806920,36.0768688,-5.5213098,electrocucion,distribucion,20000.0,pole,,1.0,55.64395168476781,30.090667603282835,nov,"Buitre negro, Águila perdicera, Halcón peregrino"
apoyo,6406806918,https://www.openstreetmap.org/node/6406806918,36.0797841,-5.5200747,electrocucion,distribucion,20000.0,pole,,1.0,55.64395168476781,30.090667603282835,nov,"Buitre negro, Águila perdicera, Halcón peregrino"
apoyo,6396319963,https://www.openstreetmap.org/node/6396319963,36.1045826,-5.4687573,electrocucion,distribucion,20000.0,tower,,1.0,55.5992527620082,17.601652812709712,oct,"Cigüeña negra, Halcón peregrino, Águila perdicera"
apoyo,6396319962,https://www.openstreetmap.org/node/6396319962,36.1034308,-5.4693434,electrocucion,distribucion,20000.0,tower,,1.0,55.5992527620082,17.601652812709712,oct,"Cigüeña negra, Halcón peregrino, Águila perdicera"
linea,1321572068,https://www.openstreetmap.org/way/1321572068,36.112176733333335,-5.460826711111111,colision_linea,distribucion,20000.0,minor_line,,,55.52890209538729,25.856336549011615,oct,"Halcón peregrino, Águila real, Cigüeña negra"
apoyo,3455539576,https://www.openstreetmap.org/node/3455539576,36.2114954,-5.7862087,electrocucion,distribucion,66000.0,tower,,1.0,55.429046744958924,34.700844894010764,oct,"Cigüeña blanca, Águila imperial ibérica, Grulla común"
apoyo,3455539577,https://www.openstreetmap.org/node/3455539577,36.2137043,-5.7873203,electrocucion,distribucion,66000.0,tower,,1.0,55.429046744958924,34.700844894010764,oct,"Cigüeña blanca, Águila imperial ibérica, Grulla común"
aerogenerador,1126003750,https://www.openstreetmap.org/node/1126003750,36.2599023,-5.4801491,colision_aerogenerador,eolico,,1.8 MW,,,55.27110334069001,38.47926739769057,nov,"Buitre leonado, Buitre negro, Milano real"
aerogenerador,1126003760,https://www.openstreetmap.org/node/1126003760,36.256411,-5.4811953,colision_aerogenerador,eolico,,3 MW,,,55.27110334069001,38.47926739769057,nov,"Buitre leonado, Buitre negro, Milano real"
apoyo,6239877387,https://www.openstreetmap.org/node/6239877387,36.167322,-5.4716785,electrocucion,distribucion,66000.0,tower,,1.0,55.06875007025912,32.94470746455653,oct,"Águila calzada, Cigüeña blanca, Halcón peregrino"
apoyo,6239877388,https://www.openstreetmap.org/node/6239877388,36.1698482,-5.4715079,electrocucion,distribucion,66000.0,tower,,1.0,55.06875007025912,32.94470746455653,oct,"Águila calzada, Cigüeña blanca, Halcón peregrino"
apoyo,1123260008,https://www.openstreetmap.org/node/1123260008,36.1690117,-5.4743216,electrocucion,distribucion,66000.0,tower,,1.0,55.06875007025912,32.94470746455653,oct,"Águila calzada, Cigüeña blanca, Halcón peregrino"
aerogenerador,1133894891,https://www.openstreetmap.org/node/1133894891,36.1395451,-5.795615,colision_aerogenerador,eolico,,2 MW,,,54.727852552314495,30.617569393013497,oct,"Águila perdicera, Cigüeña negra, Halcón peregrino"
aerogenerador,1133895095,https://www.openstreetmap.org/node/1133895095,36.1372448,-5.7982763,colision_aerogenerador,eolico,,2 MW,,,54.727852552314495,30.617569393013497,oct,"Águila perdicera, Cigüeña negra, Halcón peregrino"
aerogenerador,1133895705,https://www.openstreetmap.org/node/1133895705,36.1356122,-5.7973024,colision_aerogenerador,eolico,,2 MW,,,54.727852552314495,30.617569393013497,oct,"Águila perdicera, Cigüeña negra, Halcón peregrino"
aerogenerador,1133895575,https://www.openstreetmap.org/node/1133895575,36.1388479,-5.7986199,colision_aerogenerador,eolico,,2 MW,,,54.727852552314495,30.617569393013497,oct,"Águila perdicera, Cigüeña negra, Halcón peregrino"
apoyo,6451372957,https://www.openstreetmap.org/node/6451372957,36.072951,-5.6948219,electrocucion,distribucion,20000.0,pole,,1.0,54.45151647237472,22.47481294618571,sep,"Cigüeña negra, Abejero europeo, Águila calzada"
apoyo,6450601893,https://www.openstreetmap.org/node/6450601893,36.0735743,-5.6947173,electrocucion,distribucion,20000.0,tower,,1.0,54.45151647237472,22.47481294618571,sep,"Cigüeña negra, Abejero europeo, Águila calzada"
apoyo,6450601891,https://www.openstreetmap.org/node/6450601891,36.0733272,-5.6937732,electrocucion,distribucion,20000.0,tower,,1.0,54.45151647237472,22.47481294618571,sep,"Cigüeña negra, Abejero europeo, Águila calzada"
apoyo,6450601890,https://www.openstreetmap.org/node/6450601890,36.0728015,-5.6917991,electrocucion,distribucion,20000.0,tower,,1.0,54.45151647237472,22.47481294618571,sep,"Cigüeña negra, Abejero europeo, Águila calzada"
apoyo,6450601892,https://www.openstreetmap.org/node/6450601892,36.0734681,-5.6946945,electrocucion,distribucion,20000.0,tower,,1.0,54.45151647237472,22.47481294618571,sep,"Cigüeña negra, Abejero europeo, Águila calzada"
apoyo,4038091180,https://www.openstreetmap.org/node/4038091180,36.1195068,-5.4836149,electrocucion,distribucion,66000.0,tower,,0.9,54.33329206274961,20.83051211977703,oct,"Águila real, Cigüeña negra, Águila perdicera"
aerogenerador,1133862250,https://www.openstreetmap.org/node/1133862250,36.1576128,-5.7889726,colision_aerogenerador,eolico,,300 kW,,,54.02452493925484,36.37317383353496,feb,"Águila real, Búho real, Águila perdicera"
aerogenerador,1133861908,https://www.openstreetmap.org/node/1133861908,36.1585047,-5.7893836,colision_aerogenerador,eolico,,300 kW,,,54.02452493925484,36.37317383353496,feb,"Águila real, Búho real, Águila perdicera"
aerogenerador,1133861934,https://www.openstreetmap.org/node/1133861934,36.1562635,-5.7864794,colision_aerogenerador,eolico,,300 kW,,,54.02452493925484,36.37317383353496,feb,"Águila real, Búho real, Águila perdicera"
aerogenerador,1133861805,https://www.openstreetmap.org/node/1133861805,36.1551963,-5.7855466,colision_aerogenerador,eolico,,300 kW,,,54.02452493925484,36.37317383353496,feb,"Águila real, Búho real, Águila perdicera"
aerogenerador,1133861964,https://www.openstreetmap.org/node/1133861964,36.1557356,-5.7859831,colision_aerogenerador,eolico,,300 kW,,,54.02452493925484,36.37317383353496,feb,"Águila real, Búho real, Águila perdicera"
aerogenerador,1133861758,https://www.openstreetmap.org/node/1133861758,36.1568543,-5.7866472,colision_aerogenerador,eolico,,300 kW,,,54.02452493925484,36.37317383353496,feb,"Águila real, Búho real, Águila perdicera"
apoyo,2640940951,https://www.openstreetmap.org/node/2640940951,36.0644197,-5.5289336,electrocucion,distribucion,20000.0,tower,,1.0,53.95569190182429,22.776516065462445,nov,"Buitre negro, Milano real, Águila perdicera"
apoyo,4038091161,https://www.openstreetmap.org/node/4038091161,36.1076115,-5.4648265,electrocucion,distribucion,66000.0,tower,,0.9,53.63209645514293,20.641041034278167,oct,"Cigüeña negra, Águila real, Halcón peregrino"
apoyo,6538188637,https://www.openstreetmap.org/node/6538188637,36.1543921,-5.7268623,electrocucion,distribucion,20000.0,tower,,1.0,53.42906445406431,35.825161105384375,jul,"Culebrera europea, Cigüeña blanca, Alimoche"
apoyo,6538188636,https://www.openstreetmap.org/node/6538188636,36.1533807,-5.7250571,electrocucion,distribucion,20000.0,tower,,1.0,53.42906445406431,35.825161105384375,jul,"Culebrera europea, Cigüeña blanca, Alimoche"
apoyo,1135610731,https://www.openstreetmap.org/node/1135610731,36.154345,-5.7299462,electrocucion,distribucion,66000.0,tower,,1.0,53.42906445406431,35.825161105384375,jul,"Culebrera europea, Cigüeña blanca, Alimoche"
apoyo,1135611044,https://www.openstreetmap.org/node/1135611044,36.1509728,-5.7255844,electrocucion,distribucion,66000.0,tower,,1.0,53.42906445406431,35.825161105384375,jul,"Culebrera europea, Cigüeña blanca, Alimoche"
apoyo,2245253541,https://www.openstreetmap.org/node/2245253541,36.1521466,-5.7271088,electrocucion,distribucion,66000.0,tower,,1.0,53.42906445406431,35.825161105384375,jul,"Culebrera europea, Cigüeña blanca, Alimoche"
apoyo,2613334185,https://www.openstreetmap.org/node/2613334185,36.0705464,-5.6157978,electrocucion,distribucion,66000.0,tower,,1.3,53.427450008196566,29.689212985151016,sep,"Milano negro, Águila real, Cigüeña negra"
apoyo,11732369409,https://www.openstreetmap.org/node/11732369409,36.247003,-5.4124858,electrocucion,distribucion,66000.0,portal,,1.3,53.1702093990315,27.420883198064942,feb,"Águila real, Águila perdicera, Buitre negro"
apoyo,1920912213,https://www.openstreetmap.org/node/1920912213,36.2464076,-5.4126227,electrocucion,distribucion,66000.0,tower,,1.3,53.1702093990315,27.420883198064942,feb,"Águila real, Águila perdicera, Buitre negro"
apoyo,6170070471,https://www.openstreetmap.org/node/6170070471,36.2464299,-5.4134782,electrocucion,distribucion,66000.0,portal,,1.3,53.1702093990315,27.420883198064942,feb,"Águila real, Águila perdicera, Buitre negro"
apoyo,4038091939,https://www.openstreetmap.org/node/4038091939,36.2465781,-5.41316,electrocucion,distribucion,66000.0,portal,,1.3,53.1702093990315,27.420883198064942,feb,"Águila real, Águila perdicera, Buitre negro"
apoyo,4038091938,https://www.openstreetmap.org/node/4038091938,36.2465493,-5.413222,electrocucion,distribucion,66000.0,portal,,1.3,53.1702093990315,27.420883198064942,feb,"Águila real, Águila perdicera, Buitre negro"
apoyo,4038091937,https://www.openstreetmap.org/node/4038091937,36.2465204,-5.4132841,electrocucion,distribucion,66000.0,portal,,1.3,53.1702093990315,27.420883198064942,feb,"Águila real, Águila perdicera, Buitre negro"
apoyo,6239873560,https://www.openstreetmap.org/node/6239873560,36.2468506,-5.4129378,electrocucion,distribucion,66000.0,portal,,1.3,53.1702093990315,27.420883198064942,feb,"Águila real, Águila perdicera, Buitre negro"
apoyo,6239873559,https://www.openstreetmap.org/node/6239873559,36.2469049,-5.41281,electrocucion,distribucion,66000.0,portal,,1.3,53.1702093990315,27.420883198064942,feb,"Águila real, Águila perdicera, Buitre negro"
apoyo,6239873558,https://www.openstreetmap.org/node/6239873558,36.2469723,-5.4126848,electrocucion,distribucion,66000.0,portal,,1.3,53.1702093990315,27.420883198064942,feb,"Águila real, Águila perdicera, Buitre negro"
apoyo,4038091943,https://www.openstreetmap.org/node/4038091943,36.2467511,-5.4127886,electrocucion,distribucion,66000.0,portal,,1.3,53.1702093990315,27.420883198064942,feb,"Águila real, Águila perdicera, Buitre negro"
apoyo,4038091944,https://www.openstreetmap.org/node/4038091944,36.2468119,-5.4126581,electrocucion,distribucion,66000.0,portal,,1.3,53.1702093990315,27.420883198064942,feb,"Águila real, Águila perdicera, Buitre negro"
apoyo,11732369407,https://www.openstreetmap.org/node/11732369407,36.2469343,-5.412451,electrocucion,distribucion,66000.0,portal,,1.3,53.1702093990315,27.420883198064942,feb,"Águila real, Águila perdicera, Buitre negro"
apoyo,4038091946,https://www.openstreetmap.org/node/4038091946,36.2468695,-5.4125343,electrocucion,distribucion,66000.0,portal,,1.3,53.1702093990315,27.420883198064942,feb,"Águila real, Águila perdicera, Buitre negro"
apoyo,4038091936,https://www.openstreetmap.org/node/4038091936,36.2464937,-5.4133414,electrocucion,distribucion,66000.0,portal,,1.3,53.1702093990315,27.420883198064942,feb,"Águila real, Águila perdicera, Buitre negro"
apoyo,4038091933,https://www.openstreetmap.org/node/4038091933,36.2462096,-5.4130321,electrocucion,distribucion,66000.0,tower,,1.3,53.1702093990315,27.420883198064942,feb,"Águila real, Águila perdicera, Buitre negro"
apoyo,4038091934,https://www.openstreetmap.org/node/4038091934,36.2462761,-5.4129015,electrocucion,distribucion,66000.0,tower,,1.3,53.1702093990315,27.420883198064942,feb,"Águila real, Águila perdicera, Buitre negro"
apoyo,4038091935,https://www.openstreetmap.org/node/4038091935,36.2464636,-5.413406,electrocucion,distribucion,66000.0,portal,,1.3,53.1702093990315,27.420883198064942,feb,"Águila real, Águila perdicera, Buitre negro"
apoyo,4038091942,https://www.openstreetmap.org/node/4038091942,36.2466928,-5.4129138,electrocucion,distribucion,66000.0,portal,,1.3,53.1702093990315,27.420883198064942,feb,"Águila real, Águila perdicera, Buitre negro"
apoyo,4038091940,https://www.openstreetmap.org/node/4038091940,36.2466105,-5.4130905,electrocucion,distribucion,66000.0,portal,,1.3,53.1702093990315,27.420883198064942,feb,"Águila real, Águila perdicera, Buitre negro"
apoyo,11732369410,https://www.openstreetmap.org/node/11732369410,36.2464181,-5.4137466,electrocucion,distribucion,66000.0,portal,,1.3,53.1702093990315,27.420883198064942,feb,"Águila real, Águila perdicera, Buitre negro"
apoyo,11732369408,https://www.openstreetmap.org/node/11732369408,36.2463494,-5.4137118,electrocucion,distribucion,66000.0,portal,,1.3,53.1702093990315,27.420883198064942,feb,"Águila real, Águila perdicera, Buitre negro"
apoyo,1920879544,https://www.openstreetmap.org/node/1920879544,36.2461772,-5.4131608,electrocucion,distribucion,66000.0,tower,,1.3,53.1702093990315,27.420883198064942,feb,"Águila real, Águila perdicera, Buitre negro"
apoyo,1920879546,https://www.openstreetmap.org/node/1920879546,36.2463438,-5.4136593,electrocucion,distribucion,66000.0,portal,,1.3,53.1702093990315,27.420883198064942,feb,"Águila real, Águila perdicera, Buitre negro"
apoyo,1920912215,https://www.openstreetmap.org/node/1920912215,36.2465244,-5.4123616,electrocucion,distribucion,66000.0,tower,,1.3,53.1702093990315,27.420883198064942,feb,"Águila real, Águila perdicera, Buitre negro"
apoyo,1135610386,https://www.openstreetmap.org/node/1135610386,36.1444461,-5.7169744,electrocucion,distribucion,66000.0,tower,,1.0,53.152462753977915,33.537171087733334,sep,"Culebrera europea, Alimoche, Águila calzada"
apoyo,1135610505,https://www.openstreetmap.org/node/1135610505,36.1442753,-5.7185703,electrocucion,distribucion,66000.0,tower,,1.0,53.152462753977915,33.537171087733334,sep,"Culebrera europea, Alimoche, Águila calzada"
aerogenerador,2245259453,https://www.openstreetmap.org/node/2245259453,36.1534463,-5.7780321,colision_aerogenerador,eolico,,300 kW,,,52.96145994107471,36.29247313500215,feb,"Búho real, Águila real, Águila perdicera"
aerogenerador,2245259450,https://www.openstreetmap.org/node/2245259450,36.1525645,-5.7779758,colision_aerogenerador,eolico,,300 kW,,,52.96145994107471,36.29247313500215,feb,"Búho real, Águila real, Águila perdicera"
aerogenerador,2245259442,https://www.openstreetmap.org/node/2245259442,36.1509972,-5.7762998,colision_aerogenerador,eolico,,300 kW,,,52.96145994107471,36.29247313500215,feb,"Búho real, Águila real, Águila perdicera"
aerogenerador,2245259444,https://www.openstreetmap.org/node/2245259444,36.1514972,-5.7769764,colision_aerogenerador,eolico,,300 kW,,,52.96145994107471,36.29247313500215,feb,"Búho real, Águila real, Águila perdicera"
aerogenerador,2245259447,https://www.openstreetmap.org/node/2245259447,36.1519394,-5.7776339,colision_aerogenerador,eolico,,300 kW,,,52.96145994107471,36.29247313500215,feb,"Búho real, Águila real, Águila perdicera"
aerogenerador,2245259438,https://www.openstreetmap.org/node/2245259438,36.1502095,-5.7757244,colision_aerogenerador,eolico,,300 kW,,,52.96145994107471,36.29247313500215,feb,"Búho real, Águila real, Águila perdicera"
apoyo,6239877389,https://www.openstreetmap.org/node/6239877389,36.1726684,-5.4713175,electrocucion,distribucion,66000.0,tower,,1.0,52.654567008893814,32.32549897370989,sep,"Águila calzada, Abejero europeo, Cigüeña blanca"
apoyo,4038091716,https://www.openstreetmap.org/node/4038091716,36.1742962,-5.4729635,electrocucion,distribucion,66000.0,tower,,1.0,52.654567008893814,32.32549897370989,sep,"Águila calzada, Abejero europeo, Cigüeña blanca"
apoyo,4038091715,https://www.openstreetmap.org/node/4038091715,36.1717836,-5.4736106,electrocucion,distribucion,66000.0,tower,,1.0,52.654567008893814,32.32549897370989,sep,"Águila calzada, Abejero europeo, Cigüeña blanca"
apoyo,1133911999,https://www.openstreetmap.org/node/1133911999,36.1318258,-5.8143287,electrocucion,distribucion,66000.0,tower,,1.0,52.414671839518135,28.27398126512548,nov,"Buitre negro, Águila perdicera, Culebrera europea"
apoyo,1133912119,https://www.openstreetmap.org/node/1133912119,36.1318818,-5.8145689,electrocucion,distribucion,66000.0,tower,,1.0,52.414671839518135,28.27398126512548,nov,"Buitre negro, Águila perdicera, Culebrera europea"
apoyo,1133912108,https://www.openstreetmap.org/node/1133912108,36.1337697,-5.8136939,electrocucion,distribucion,66000.0,tower,,1.0,52.414671839518135,28.27398126512548,nov,"Buitre negro, Águila perdicera, Culebrera europea"
apoyo,1133912019,https://www.openstreetmap.org/node/1133912019,36.1338179,-5.8139322,electrocucion,distribucion,66000.0,tower,,1.0,52.414671839518135,28.27398126512548,nov,"Buitre negro, Águila perdicera, Culebrera europea"
apoyo,12183779458,https://www.openstreetmap.org/node/12183779458,36.3980322,-5.3015875,electrocucion,distribucion,66000.0,tower,,1.0,52.354253911729664,27.945203007468454,oct,"Halcón peregrino, Águila real, Cigüeña negra"
apoyo,12183779457,https://www.openstreetmap.org/node/12183779457,36.3964648,-5.3033755,electrocucion,distribucion,66000.0,tower,,1.0,52.354253911729664,27.945203007468454,oct,"Halcón peregrino, Águila real, Cigüeña negra"
apoyo,2318258334,https://www.openstreetmap.org/node/2318258334,36.3775358,-5.9227851,electrocucion,distribucion,66000.0,tower,,1.0,52.31598370912005,24.791568410086683,oct,"Águila imperial ibérica, Milano real, Águila real"
apoyo,2318258330,https://www.openstreetmap.org/node/2318258330,36.3688868,-5.9274827,electrocucion,distribucion,66000.0,tower,,1.0,51.866458350712854,24.55375503348363,ene,"Águila perdicera, Milano real, Águila imperial ibérica"
apoyo,2318258327,https://www.openstreetmap.org/node/2318258327,36.3661813,-5.9289535,electrocucion,distribucion,66000.0,tower,,1.0,51.866458350712854,24.55375503348363,ene,"Águila perdicera, Milano real, Águila imperial ibérica"
aerogenerador,1135611061,https://www.openstreetmap.org/node/1135611061,36.1578919,-5.7363311,colision_aerogenerador,eolico,,800 kW,,,51.805385680901985,32.58300962398537,ago,"Culebrera europea, Cigüeña blanca, Alimoche"
aerogenerador,1135610901,https://www.openstreetmap.org/node/1135610901,36.1587967,-5.7363086,colision_aerogenerador,eolico,,800 kW,,,51.805385680901985,32.58300962398537,ago,"Culebrera europea, Cigüeña blanca, Alimoche"
aerogenerador,1135610810,https://www.openstreetmap.org/node/1135610810,36.1570074,-5.7361142,colision_aerogenerador,eolico,,800 kW,,,51.805385680901985,32.58300962398537,ago,"Culebrera europea, Cigüeña blanca, Alimoche"
aerogenerador,1135610323,https://www.openstreetmap.org/node/1135610323,36.1553728,-5.7366356,colision_aerogenerador,eolico,,2 MW,,,51.805385680901985,32.58300962398537,ago,"Culebrera europea, Cigüeña blanca, Alimoche"
aerogenerador,1135610088,https://www.openstreetmap.org/node/1135610088,36.1596955,-5.7363834,colision_aerogenerador,eolico,,800 kW,,,51.805385680901985,32.58300962398537,ago,"Culebrera europea, Cigüeña blanca, Alimoche"
linea,1321572059,https://www.openstreetmap.org/way/1321572059,36.146173463636366,-5.477204381818182,colision_linea,distribucion,66000.0,Línea de alta tensión Cañuelo - Isla Verde 1 y Cañuelo - Isla Verde 2,,,51.79542486317505,32.32499640814893,mar,"Cigüeña blanca, Milano negro, Culebrera europea"
aerogenerador,1133868870,https://www.openstreetmap.org/node/1133868870,36.1996834,-5.7790223,colision_aerogenerador,eolico,,800 kW,,,51.57190940941759,39.93666040254295,jul,"Cigüeña blanca, Culebrera europea, Águila imperial ibérica"
aerogenerador,1133869083,https://www.openstreetmap.org/node/1133869083,36.1978903,-5.7788203,colision_aerogenerador,eolico,,800 kW,,,51.57190940941759,39.93666040254295,jul,"Cigüeña blanca, Culebrera europea, Águila imperial ibérica"
aerogenerador,1133869038,https://www.openstreetmap.org/node/1133869038,36.1987854,-5.778862,colision_aerogenerador,eolico,,800 kW,,,51.57190940941759,39.93666040254295,jul,"Cigüeña blanca, Culebrera europea, Águila imperial ibérica"
aerogenerador,1133869262,https://www.openstreetmap.org/node/1133869262,36.196987,-5.7788462,colision_aerogenerador,eolico,,800 kW,,,51.57190940941759,39.93666040254295,jul,"Cigüeña blanca, Culebrera europea, Águila imperial ibérica"
aerogenerador,1133869235,https://www.openstreetmap.org/node/1133869235,36.1951889,-5.7787333,colision_aerogenerador,eolico,,800 kW,,,51.57190940941759,39.93666040254295,jul,"Cigüeña blanca, Culebrera europea, Águila imperial ibérica"
aerogenerador,1133869053,https://www.openstreetmap.org/node/1133869053,36.1960894,-5.7788459,colision_aerogenerador,eolico,,800 kW,,,51.57190940941759,39.93666040254295,jul,"Cigüeña blanca, Culebrera europea, Águila imperial ibérica"
apoyo,6418344271,https://www.openstreetmap.org/node/6418344271,36.0194345,-5.5957411,electrocucion,distribucion,20000.0,tower,,1.0,51.53136401680602,22.235389187180818,sep,"Cigüeña negra, Milano negro, Alimoche"
apoyo,12185918099,https://www.openstreetmap.org/node/12185918099,36.0830908,-5.6474519,electrocucion,distribucion,66000.0,tower,,1.0,51.51212790930491,24.48913107488538,sep,"Cigüeña negra, Milano negro, Águila calzada"
apoyo,2613334221,https://www.openstreetmap.org/node/2613334221,36.0837322,-5.6490893,electrocucion,distribucion,66000.0,tower,,1.0,51.51212790930491,24.48913107488538,sep,"Cigüeña negra, Milano negro, Águila calzada"
apoyo,2613334220,https://www.openstreetmap.org/node/2613334220,36.0823807,-5.645959,electrocucion,distribucion,66000.0,tower,,1.0,51.51212790930491,24.48913107488538,sep,"Cigüeña negra, Milano negro, Águila calzada"
apoyo,12185918100,https://www.openstreetmap.org/node/12185918100,36.0840419,-5.6498028,electrocucion,distribucion,66000.0,tower,,1.0,51.51212790930491,24.48913107488538,sep,"Cigüeña negra, Milano negro, Águila calzada"
apoyo,3455539590,https://www.openstreetmap.org/node/3455539590,36.2477656,-5.8636152,electrocucion,distribucion,66000.0,tower,,1.0,51.45234749323886,30.80074705305094,nov,"Grulla común, Águila imperial ibérica, Águila perdicera"
aerogenerador,1341149969,https://www.openstreetmap.org/node/1341149969,36.4267354,-5.7630249,colision_aerogenerador,eolico,,2 MW,,,51.41067447544593,17.519496027903205,nov,"Milano real, Águila imperial ibérica, Buitre negro"
aerogenerador,1341150078,https://www.openstreetmap.org/node/1341150078,36.4282249,-5.7613833,colision_aerogenerador,eolico,,2 MW,,,51.41067447544593,17.519496027903205,nov,"Milano real, Águila imperial ibérica, Buitre negro"
linea,1320320222,https://www.openstreetmap.org/way/1320320222,36.14479565,-5.71792525,colision_linea,distribucion,66000.0,line,,,51.27040665295647,31.87785259583201,sep,"Culebrera europea, Alimoche, Cigüeña negra"
linea,1320320229,https://www.openstreetmap.org/way/1320320229,36.14471375,-5.71703265,colision_linea,distribucion,66000.0,line,,,51.27040665295647,31.87785259583201,sep,"Culebrera europea, Alimoche, Cigüeña negra"
linea,1320320230,https://www.openstreetmap.org/way/1320320230,36.14470385,-5.7170591,colision_linea,distribucion,66000.0,line,,,51.27040665295647,31.87785259583201,sep,"Culebrera europea, Alimoche, Cigüeña negra"
linea,1320320224,https://www.openstreetmap.org/way/1320320224,36.1448577,-5.7177605499999995,colision_linea,distribucion,66000.0,line,,,51.27040665295647,31.87785259583201,sep,"Culebrera europea, Alimoche, Cigüeña negra"
linea,1320320221,https://www.openstreetmap.org/way/1320320221,36.144759300000004,-5.7180218499999995,colision_linea,distribucion,66000.0,line,,,51.27040665295647,31.87785259583201,sep,"Culebrera europea, Alimoche, Cigüeña negra"
linea,1320320231,https://www.openstreetmap.org/way/1320320231,36.1446939,-5.7170857,colision_linea,distribucion,66000.0,line,,,51.27040665295647,31.87785259583201,sep,"Culebrera europea, Alimoche, Cigüeña negra"
linea,1320320223,https://www.openstreetmap.org/way/1320320223,36.14483,-5.717834,colision_linea,distribucion,66000.0,line,,,51.27040665295647,31.87785259583201,sep,"Culebrera europea, Alimoche, Cigüeña negra"
apoyo,2318258381,https://www.openstreetmap.org/node/2318258381,36.4249952,-5.9164462,electrocucion,distribucion,66000.0,tower,,1.0,51.11825759710439,15.787473373550968,dic,"Águila imperial ibérica, Milano real, Águila perdicera"
apoyo,2318258362,https://www.openstreetmap.org/node/2318258362,36.4220249,-5.9167154,electrocucion,distribucion,66000.0,tower,,1.0,51.11825759710439,15.787473373550968,dic,"Águila imperial ibérica, Milano real, Águila perdicera"
aerogenerador,1133878036,https://www.openstreetmap.org/node/1133878036,36.2047495,-5.7765575,colision_aerogenerador,eolico,,800 kW,,,51.02787171020699,37.54253266790071,oct,"Cigüeña blanca, Águila imperial ibérica, Grulla común"
aerogenerador,1133878104,https://www.openstreetmap.org/node/1133878104,36.2029569,-5.776828,colision_aerogenerador,eolico,,800 kW,,,51.02787171020699,37.54253266790071,oct,"Cigüeña blanca, Águila imperial ibérica, Grulla común"
aerogenerador,1133878287,https://www.openstreetmap.org/node/1133878287,36.2011066,-5.7753191,colision_aerogenerador,eolico,,800 kW,,,51.02787171020699,37.54253266790071,oct,"Cigüeña blanca, Águila imperial ibérica, Grulla común"
aerogenerador,1133878314,https://www.openstreetmap.org/node/1133878314,36.2020905,-5.7764622,colision_aerogenerador,eolico,,800 kW,,,51.02787171020699,37.54253266790071,oct,"Cigüeña blanca, Águila imperial ibérica, Grulla común"
aerogenerador,1133878258,https://www.openstreetmap.org/node/1133878258,36.2038689,-5.7767837,colision_aerogenerador,eolico,,800 kW,,,51.02787171020699,37.54253266790071,oct,"Cigüeña blanca, Águila imperial ibérica, Grulla común"
apoyo,6171518378,https://www.openstreetmap.org/node/6171518378,36.3072373,-5.4430202,electrocucion,distribucion,15000.0,tower,,1.0,50.95524432503743,14.63029634079581,sep,"Buitre leonado, Águila calzada, Abejero europeo"
apoyo,6171518377,https://www.openstreetmap.org/node/6171518377,36.30714,-5.4417743,electrocucion,distribucion,15000.0,tower,,1.0,50.95524432503743,14.63029634079581,sep,"Buitre leonado, Águila calzada, Abejero europeo"
apoyo,6171518379,https://www.openstreetmap.org/node/6171518379,36.3073064,-5.4441762,electrocucion,distribucion,15000.0,tower,,1.0,50.95524432503743,14.63029634079581,sep,"Buitre leonado, Águila calzada, Abejero europeo"
apoyo,6171518376,https://www.openstreetmap.org/node/6171518376,36.3070546,-5.4406424,electrocucion,distribucion,15000.0,tower,,1.0,50.95524432503743,14.63029634079581,sep,"Buitre leonado, Águila calzada, Abejero europeo"
linea,688102622,https://www.openstreetmap.org/way/688102622,36.07320955,-5.6947582,colision_linea,distribucion,20000.0,minor_line,,,50.84471520739442,18.26666736307685,sep,"Cigüeña negra, Abejero europeo, Águila calzada"
linea,688102623,https://www.openstreetmap.org/way/688102623,36.07349085,-5.6946288,colision_linea,distribucion,20000.0,minor_line,,,50.84471520739442,18.26666736307685,sep,"Cigüeña negra, Abejero europeo, Águila calzada"
apoyo,6457699346,https://www.openstreetmap.org/node/6457699346,36.0879724,-5.7948965,electrocucion,distribucion,20000.0,pole,,1.0,50.692006180025786,25.037231209916342,sep,"Halcón peregrino, Águila calzada, Abejero europeo"
aerogenerador,1126004226,https://www.openstreetmap.org/node/1126004226,36.2569181,-5.4906372,colision_aerogenerador,eolico,,1.8 MW,,,50.31599611110145,35.34253756378511,nov,"Buitre leonado, Buitre negro, Milano real"
aerogenerador,1126003765,https://www.openstreetmap.org/node/1126003765,36.259328,-5.4912085,colision_aerogenerador,eolico,,1.8 MW,,,50.31599611110145,35.34253756378511,nov,"Buitre leonado, Buitre negro, Milano real"
aerogenerador,9032507602,https://www.openstreetmap.org/node/9032507602,36.344514,-5.916251,colision_aerogenerador,eolico,,3 MW,,,50.22119863242146,21.696690206425668,ene,"Milano real, Águila perdicera, Águila imperial ibérica"
aerogenerador,9032507778,https://www.openstreetmap.org/node/9032507778,36.3423799,-5.9179563,colision_aerogenerador,eolico,,3 MW,,,50.22119863242146,21.696690206425668,ene,"Milano real, Águila perdicera, Águila imperial ibérica"
aerogenerador,1341150248,https://www.openstreetmap.org/node/1341150248,36.4382256,-5.7620225,colision_aerogenerador,eolico,,2 MW,,,50.21935268317159,15.712698146724529,nov,"Milano real, Águila imperial ibérica, Buitre negro"
aerogenerador,1341150191,https://www.openstreetmap.org/node/1341150191,36.4356845,-5.7605299,colision_aerogenerador,eolico,,2 MW,,,50.21935268317159,15.712698146724529,nov,"Milano real, Águila imperial ibérica, Buitre negro"
apoyo,6616065556,https://www.openstreetmap.org/node/6616065556,36.2579413,-5.9499639,electrocucion,distribucion,20000.0,tower,,1.0,49.19098554278813,21.000416755481712,abr,"Águila real, Búho real, Cigüeña blanca"
apoyo,3455539904,https://www.openstreetmap.org/node/3455539904,36.2577901,-5.9456034,electrocucion,distribucion,66000.0,tower,,1.0,49.19098554278813,21.000416755481712,abr,"Águila real, Búho real, Cigüeña blanca"
apoyo,3455539912,https://www.openstreetmap.org/node/3455539912,36.2592505,-5.9478671,electrocucion,distribucion,66000.0,tower,,1.0,49.19098554278813,21.000416755481712,abr,"Águila real, Búho real, Cigüeña blanca"
apoyo,6616065557,https://www.openstreetmap.org/node/6616065557,36.2591985,-5.949416,electrocucion,distribucion,20000.0,tower,,1.0,49.19098554278813,21.000416755481712,abr,"Águila real, Búho real, Cigüeña blanca"
apoyo,6616118974,https://www.openstreetmap.org/node/6616118974,36.2597193,-5.9485622,electrocucion,distribucion,20000.0,tower,,1.0,49.19098554278813,21.000416755481712,abr,"Águila real, Búho real, Cigüeña blanca"
apoyo,6616118973,https://www.openstreetmap.org/node/6616118973,36.2580289,-5.948005,electrocucion,distribucion,20000.0,tower,,1.0,49.19098554278813,21.000416755481712,abr,"Águila real, Búho real, Cigüeña blanca"
aerogenerador,1341150354,https://www.openstreetmap.org/node/1341150354,36.4427315,-5.7630394,colision_aerogenerador,eolico,,2 MW,,,49.170801904320044,15.944213499052113,nov,"Milano real, Águila imperial ibérica, Buitre negro"
aerogenerador,1341150313,https://www.openstreetmap.org/node/1341150313,36.4405483,-5.7627517,colision_aerogenerador,eolico,,2 MW,,,49.170801904320044,15.944213499052113,nov,"Milano real, Águila imperial ibérica, Buitre negro"
apoyo,1133912105,https://www.openstreetmap.org/node/1133912105,36.1289931,-5.8155045,electrocucion,distribucion,66000.0,tower,,1.0,49.105120643789654,27.99914926201792,nov,"Buitre negro, Águila perdicera, Culebrera europea"
apoyo,1133912075,https://www.openstreetmap.org/node/1133912075,36.1290153,-5.8152333,electrocucion,distribucion,66000.0,tower,,1.0,49.105120643789654,27.99914926201792,nov,"Buitre negro, Águila perdicera, Culebrera europea"
apoyo,1133912093,https://www.openstreetmap.org/node/1133912093,36.1263089,-5.816378,electrocucion,distribucion,66000.0,tower,,1.0,49.105120643789654,27.99914926201792,nov,"Buitre negro, Águila perdicera, Culebrera europea"
apoyo,1133912033,https://www.openstreetmap.org/node/1133912033,36.1263534,-5.8160964,electrocucion,distribucion,66000.0,tower,,1.0,49.105120643789654,27.99914926201792,nov,"Buitre negro, Águila perdicera, Culebrera europea"
apoyo,6457699877,https://www.openstreetmap.org/node/6457699877,36.0947109,-5.7713521,electrocucion,distribucion,20000.0,tower,,1.0,48.915470245145976,24.936278277661952,sep,"Halcón peregrino, Abejero europeo, Alimoche"
apoyo,6457699876,https://www.openstreetmap.org/node/6457699876,36.092782,-5.770082,electrocucion,distribucion,20000.0,tower,,1.0,48.915470245145976,24.936278277661952,sep,"Halcón peregrino, Abejero europeo, Alimoche"
apoyo,9559243961,https://www.openstreetmap.org/node/9559243961,36.0384699,-5.6059456,electrocucion,distribucion,66000.0,tower,,1.0,48.81622377961615,22.75164992865234,sep,"Milano negro, Cigüeña negra, Alimoche"
apoyo,3455539537,https://www.openstreetmap.org/node/3455539537,36.0355869,-5.6073525,electrocucion,distribucion,66000.0,tower,,1.0,48.81622377961615,22.75164992865234,sep,"Milano negro, Cigüeña negra, Alimoche"
apoyo,6542347591,https://www.openstreetmap.org/node/6542347591,36.1773471,-5.7600302,electrocucion,distribucion,20000.0,tower,,1.0,48.79736280312789,34.32287172934337,jul,"Culebrera europea, Cigüeña blanca, Alimoche"
apoyo,1135616622,https://www.openstreetmap.org/node/1135616622,36.1763369,-5.760945,electrocucion,distribucion,66000.0,tower,,1.0,48.79736280312789,34.32287172934337,jul,"Culebrera europea, Cigüeña blanca, Alimoche"
apoyo,12218046392,https://www.openstreetmap.org/node/12218046392,36.1780751,-5.7607178,electrocucion,distribucion,20000.0,tower,,1.0,48.79736280312789,34.32287172934337,jul,"Culebrera europea, Cigüeña blanca, Alimoche"
apoyo,12218046393,https://www.openstreetmap.org/node/12218046393,36.1795922,-5.762116,electrocucion,distribucion,20000.0,tower,,1.0,48.79736280312789,34.32287172934337,jul,"Culebrera europea, Cigüeña blanca, Alimoche"
apoyo,6542347590,https://www.openstreetmap.org/node/6542347590,36.1788303,-5.7614108,electrocucion,distribucion,20000.0,tower,,1.0,48.79736280312789,34.32287172934337,jul,"Culebrera europea, Cigüeña blanca, Alimoche"
linea,255662090,https://www.openstreetmap.org/way/255662090,36.07853962,-5.636937956,colision_linea,distribucion,66000.0,Línea de alta tensión Energía Eólica del Estrecho - Puerto de la Cruz,,,48.652657059762596,22.0672267806175,sep,"Milano negro, Cigüeña negra, Águila real"
apoyo,4038091700,https://www.openstreetmap.org/node/4038091700,36.1420743,-5.4714781,electrocucion,distribucion,66000.0,tower,,1.0,48.62508860292844,27.11972902102414,mar,"Milano negro, Culebrera europea, Águila calzada"
apoyo,6321208013,https://www.openstreetmap.org/node/6321208013,36.1405044,-5.4725057,electrocucion,desconocida,,tower,,1.0,48.62508860292844,27.11972902102414,mar,"Milano negro, Culebrera europea, Águila calzada"
apoyo,4038091702,https://www.openstreetmap.org/node/4038091702,36.1445336,-5.4748412,electrocucion,distribucion,66000.0,tower,,1.0,48.62508860292844,27.11972902102414,mar,"Milano negro, Culebrera europea, Águila calzada"
apoyo,12229331471,https://www.openstreetmap.org/node/12229331471,36.1401442,-5.4740025,electrocucion,distribucion,66000.0,tower,,1.0,48.62508860292844,27.11972902102414,mar,"Milano negro, Culebrera europea, Águila calzada"
apoyo,4038091701,https://www.openstreetmap.org/node/4038091701,36.1436144,-5.4735797,electrocucion,distribucion,66000.0,tower,,1.0,48.62508860292844,27.11972902102414,mar,"Milano negro, Culebrera europea, Águila calzada"
apoyo,4038091699,https://www.openstreetmap.org/node/4038091699,36.1409647,-5.4712777,electrocucion,distribucion,66000.0,tower,,1.0,48.62508860292844,27.11972902102414,mar,"Milano negro, Culebrera europea, Águila calzada"
apoyo,6321208014,https://www.openstreetmap.org/node/6321208014,36.1416394,-5.4731575,electrocucion,desconocida,,tower,,1.0,48.62508860292844,27.11972902102414,mar,"Milano negro, Culebrera europea, Águila calzada"
aerogenerador,1135674009,https://www.openstreetmap.org/node/1135674009,36.1595362,-5.7080178,colision_aerogenerador,eolico,,1.6 MW,,,48.42877669796074,31.071369838378427,jul,"Culebrera europea, Cigüeña blanca, Alimoche"
aerogenerador,1135674094,https://www.openstreetmap.org/node/1135674094,36.156621,-5.7079164,colision_aerogenerador,eolico,,1.6 MW,,,48.42877669796074,31.071369838378427,jul,"Culebrera europea, Cigüeña blanca, Alimoche"
aerogenerador,1135673928,https://www.openstreetmap.org/node/1135673928,36.1552299,-5.7078606,colision_aerogenerador,eolico,,1.6 MW,,,48.42877669796074,31.071369838378427,jul,"Culebrera europea, Cigüeña blanca, Alimoche"
aerogenerador,1135674324,https://www.openstreetmap.org/node/1135674324,36.1579443,-5.7079614,colision_aerogenerador,eolico,,1.6 MW,,,48.42877669796074,31.071369838378427,jul,"Culebrera europea, Cigüeña blanca, Alimoche"
aerogenerador,1133869287,https://www.openstreetmap.org/node/1133869287,36.194574,-5.7865837,colision_aerogenerador,eolico,,800 kW,,,48.38736911210243,32.627479477666334,jul,"Cigüeña blanca, Culebrera europea, Águila imperial ibérica"
aerogenerador,1133869115,https://www.openstreetmap.org/node/1133869115,36.193681,-5.786747,colision_aerogenerador,eolico,,800 kW,,,48.38736911210243,32.627479477666334,jul,"Cigüeña blanca, Culebrera europea, Águila imperial ibérica"
aerogenerador,1133869221,https://www.openstreetmap.org/node/1133869221,36.1918811,-5.7866692,colision_aerogenerador,eolico,,800 kW,,,48.38736911210243,32.627479477666334,jul,"Cigüeña blanca, Culebrera europea, Águila imperial ibérica"
aerogenerador,1133869162,https://www.openstreetmap.org/node/1133869162,36.190973,-5.7866533,colision_aerogenerador,eolico,,800 kW,,,48.38736911210243,32.627479477666334,jul,"Cigüeña blanca, Culebrera europea, Águila imperial ibérica"
aerogenerador,1133868986,https://www.openstreetmap.org/node/1133868986,36.1900733,-5.7867029,colision_aerogenerador,eolico,,800 kW,,,48.38736911210243,32.627479477666334,jul,"Cigüeña blanca, Culebrera europea, Águila imperial ibérica"
aerogenerador,1133868821,https://www.openstreetmap.org/node/1133868821,36.1927888,-5.7866023,colision_aerogenerador,eolico,,800 kW,,,48.38736911210243,32.627479477666334,jul,"Cigüeña blanca, Culebrera europea, Águila imperial ibérica"
aerogenerador,9553705685,https://www.openstreetmap.org/node/9553705685,36.0450957,-5.5623248,colision_aerogenerador,eolico,,1.5 MW,,,48.344234587444696,24.579664892260784,nov,"Buitre negro, Águila perdicera, Milano real"
apoyo,6537346846,https://www.openstreetmap.org/node/6537346846,36.1313587,-5.7082585,electrocucion,distribucion,20000.0,pole,,1.1,48.33973116772027,28.54343954455751,sep,"Culebrera europea, Águila calzada, Cigüeña negra"
apoyo,6537298350,https://www.openstreetmap.org/node/6537298350,36.1325956,-5.7092455,electrocucion,distribucion,20000.0,pole,,1.1,48.33973116772027,28.54343954455751,sep,"Culebrera europea, Águila calzada, Cigüeña negra"
apoyo,6537298351,https://www.openstreetmap.org/node/6537298351,36.1326682,-5.7096438,electrocucion,distribucion,20000.0,pole,,1.1,48.33973116772027,28.54343954455751,sep,"Culebrera europea, Águila calzada, Cigüeña negra"
apoyo,6516399936,https://www.openstreetmap.org/node/6516399936,36.0837705,-5.7392433,electrocucion,distribucion,20000.0,pole,,1.0,47.78591193889115,26.915122212734314,ago,"Cigüeña blanca, Alimoche, Milano negro"
apoyo,6516399938,https://www.openstreetmap.org/node/6516399938,36.0830866,-5.7397757,electrocucion,distribucion,20000.0,pole,,1.0,47.78591193889115,26.915122212734314,ago,"Cigüeña blanca, Alimoche, Milano negro"
apoyo,6516399937,https://www.openstreetmap.org/node/6516399937,36.0836881,-5.739301,electrocucion,distribucion,20000.0,pole,,1.0,47.78591193889115,26.915122212734314,ago,"Cigüeña blanca, Alimoche, Milano negro"
apoyo,7816210928,https://www.openstreetmap.org/node/7816210928,36.0801989,-5.7371531,electrocucion,distribucion,20000.0,tower,,1.0,47.78591193889115,26.915122212734314,ago,"Cigüeña blanca, Alimoche, Milano negro"
apoyo,2613220398,https://www.openstreetmap.org/node/2613220398,36.0807601,-5.7392294,electrocucion,distribucion,20000.0,tower,,1.0,47.78591193889115,26.915122212734314,ago,"Cigüeña blanca, Alimoche, Milano negro"
apoyo,6515532314,https://www.openstreetmap.org/node/6515532314,36.1510373,-5.6949547,electrocucion,distribucion,20000.0,tower,,1.0,47.77000669528743,29.356294154218048,abr,"Águila calzada, Buitre leonado, Culebrera europea"
apoyo,6515532317,https://www.openstreetmap.org/node/6515532317,36.1530472,-5.690572,electrocucion,distribucion,20000.0,tower,,1.0,47.77000669528743,29.356294154218048,abr,"Águila calzada, Buitre leonado, Culebrera europea"
apoyo,6515532316,https://www.openstreetmap.org/node/6515532316,36.1526357,-5.6926721,electrocucion,distribucion,20000.0,tower,,1.0,47.77000669528743,29.356294154218048,abr,"Águila calzada, Buitre leonado, Culebrera europea"
apoyo,6515532315,https://www.openstreetmap.org/node/6515532315,36.1520357,-5.6935653,electrocucion,distribucion,20000.0,tower,,1.0,47.77000669528743,29.356294154218048,abr,"Águila calzada, Buitre leonado, Culebrera europea"
apoyo,1135610219,https://www.openstreetmap.org/node/1135610219,36.1632429,-5.7371846,electrocucion,distribucion,66000.0,tower,,1.0,47.52808912651208,32.44649726573848,ago,"Culebrera europea, Cigüeña blanca, Alimoche"
apoyo,1135610446,https://www.openstreetmap.org/node/1135610446,36.1613825,-5.7362109,electrocucion,distribucion,66000.0,tower,,1.0,47.52808912651208,32.44649726573848,ago,"Culebrera europea, Cigüeña blanca, Alimoche"
apoyo,6540690557,https://www.openstreetmap.org/node/6540690557,36.1636228,-5.7352455,electrocucion,distribucion,20000.0,tower,,1.0,47.52808912651208,32.44649726573848,ago,"Culebrera europea, Cigüeña blanca, Alimoche"
aerogenerador,1133868909,https://www.openstreetmap.org/node/1133868909,36.198168,-5.7862721,colision_aerogenerador,eolico,,800 kW,,,47.42803567168822,36.64163808422776,jul,"Cigüeña blanca, Culebrera europea, Águila imperial ibérica"
aerogenerador,1133868935,https://www.openstreetmap.org/node/1133868935,36.1963744,-5.7864818,colision_aerogenerador,eolico,,800 kW,,,47.42803567168822,36.64163808422776,jul,"Cigüeña blanca, Culebrera europea, Águila imperial ibérica"
aerogenerador,1133868950,https://www.openstreetmap.org/node/1133868950,36.1999645,-5.7861382,colision_aerogenerador,eolico,,800 kW,,,47.42803567168822,36.64163808422776,jul,"Cigüeña blanca, Culebrera europea, Águila imperial ibérica"
aerogenerador,1133869317,https://www.openstreetmap.org/node/1133869317,36.1954734,-5.7865131,colision_aerogenerador,eolico,,800 kW,,,47.42803567168822,36.64163808422776,jul,"Cigüeña blanca, Culebrera europea, Águila imperial ibérica"
aerogenerador,1133869129,https://www.openstreetmap.org/node/1133869129,36.199071,-5.7862773,colision_aerogenerador,eolico,,800 kW,,,47.42803567168822,36.64163808422776,jul,"Cigüeña blanca, Culebrera europea, Águila imperial ibérica"
aerogenerador,1133869292,https://www.openstreetmap.org/node/1133869292,36.1972723,-5.7864015,colision_aerogenerador,eolico,,800 kW,,,47.42803567168822,36.64163808422776,jul,"Cigüeña blanca, Culebrera europea, Águila imperial ibérica"
apoyo,6538188635,https://www.openstreetmap.org/node/6538188635,36.1524559,-5.7234022,electrocucion,distribucion,20000.0,tower,,1.0,47.294718716205324,31.068736349271365,jul,"Culebrera europea, Cigüeña blanca, Alimoche"
apoyo,6538188633,https://www.openstreetmap.org/node/6538188633,36.1508684,-5.7205698,electrocucion,distribucion,20000.0,tower,,1.0,47.294718716205324,31.068736349271365,jul,"Culebrera europea, Cigüeña blanca, Alimoche"
apoyo,6538188634,https://www.openstreetmap.org/node/6538188634,36.1516806,-5.7220155,electrocucion,distribucion,20000.0,tower,,1.0,47.294718716205324,31.068736349271365,jul,"Culebrera europea, Cigüeña blanca, Alimoche"
linea,191212874,https://www.openstreetmap.org/way/191212874,36.393252881578945,-5.920870981578948,colision_linea,transporte,220000.0,Línea de alta tensión Gazules - Parralejo,Red Eléctrica de España,,46.77756131820216,22.10825949987371,dic,"Águila imperial ibérica, Milano real, Águila perdicera"
apoyo,3455539538,https://www.openstreetmap.org/node/3455539538,36.0484545,-5.6010919,electrocucion,distribucion,66000.0,tower,,1.0,46.65130040302895,23.852844611987283,ago,"Milano negro, Cigüeña blanca, Alimoche"
apoyo,9559243959,https://www.openstreetmap.org/node/9559243959,36.046592,-5.601992,electrocucion,distribucion,66000.0,tower,,1.0,46.65130040302895,23.852844611987283,ago,"Milano negro, Cigüeña blanca, Alimoche"
apoyo,2318258299,https://www.openstreetmap.org/node/2318258299,36.3377037,-5.943188,electrocucion,distribucion,66000.0,tower,,1.0,46.50746427469144,21.284578923093935,ene,"Milano real, Águila perdicera, Águila imperial ibérica"
apoyo,2318258296,https://www.openstreetmap.org/node/2318258296,36.3357943,-5.9440209,electrocucion,distribucion,66000.0,tower,,1.0,46.50746427469144,21.284578923093935,ene,"Milano real, Águila perdicera, Águila imperial ibérica"
apoyo,6345477013,https://www.openstreetmap.org/node/6345477013,36.2405179,-5.4356586,electrocucion,distribucion,15000.0,pole,,1.0,46.34924214101955,27.951968086706614,may,"Cigüeña blanca, Águila calzada, Abejero europeo"
apoyo,6345477016,https://www.openstreetmap.org/node/6345477016,36.2424444,-5.4365264,electrocucion,distribucion,15000.0,pole,,1.0,46.34924214101955,27.951968086706614,may,"Cigüeña blanca, Águila calzada, Abejero europeo"
apoyo,6345477014,https://www.openstreetmap.org/node/6345477014,36.2400471,-5.4351509,electrocucion,distribucion,15000.0,pole,,1.0,46.34924214101955,27.951968086706614,may,"Cigüeña blanca, Águila calzada, Abejero europeo"
apoyo,6345477027,https://www.openstreetmap.org/node/6345477027,36.244751,-5.4378711,electrocucion,distribucion,15000.0,pole,,1.0,46.34924214101955,27.951968086706614,may,"Cigüeña blanca, Águila calzada, Abejero europeo"
apoyo,6345477012,https://www.openstreetmap.org/node/6345477012,36.2415173,-5.4361863,electrocucion,distribucion,15000.0,pole,,1.0,46.34924214101955,27.951968086706614,may,"Cigüeña blanca, Águila calzada, Abejero europeo"
apoyo,6345477018,https://www.openstreetmap.org/node/6345477018,36.2403982,-5.4352143,electrocucion,distribucion,15000.0,pole,,1.0,46.34924214101955,27.951968086706614,may,"Cigüeña blanca, Águila calzada, Abejero europeo"
apoyo,6345477031,https://www.openstreetmap.org/node/6345477031,36.24355,-5.4371709,electrocucion,distribucion,15000.0,pole,,1.0,46.34924214101955,27.951968086706614,may,"Cigüeña blanca, Águila calzada, Abejero europeo"
apoyo,6345477010,https://www.openstreetmap.org/node/6345477010,36.2442384,-5.4376733,electrocucion,distribucion,15000.0,pole,,1.0,46.34924214101955,27.951968086706614,may,"Cigüeña blanca, Águila calzada, Abejero europeo"
apoyo,6345477017,https://www.openstreetmap.org/node/6345477017,36.240989,-5.4357941,electrocucion,distribucion,15000.0,pole,,1.0,46.34924214101955,27.951968086706614,may,"Cigüeña blanca, Águila calzada, Abejero europeo"
apoyo,6345477011,https://www.openstreetmap.org/node/6345477011,36.2427876,-5.4368459,electrocucion,distribucion,15000.0,pole,,1.0,46.34924214101955,27.951968086706614,may,"Cigüeña blanca, Águila calzada, Abejero europeo"
apoyo,4044267628,https://www.openstreetmap.org/node/4044267628,36.0443939,-5.5714703,electrocucion,distribucion,66000.0,tower,,1.0,46.22849386484278,21.23876857963593,oct,"Cigüeña negra, Águila perdicera, Milano real"
apoyo,6109122348,https://www.openstreetmap.org/node/6109122348,36.3787317,-5.3163421,electrocucion,distribucion,,tower,,1.0,46.107108595948695,26.35137072322334,oct,"Águila real, Halcón peregrino, Cigüeña negra"
apoyo,6110750937,https://www.openstreetmap.org/node/6110750937,36.3788304,-5.3151534,electrocucion,distribucion,,tower,,1.0,46.107108595948695,26.35137072322334,oct,"Águila real, Halcón peregrino, Cigüeña negra"
apoyo,6109122345,https://www.openstreetmap.org/node/6109122345,36.3788041,-5.3196278,electrocucion,distribucion,,tower,,1.0,46.107108595948695,26.35137072322334,oct,"Águila real, Halcón peregrino, Cigüeña negra"
apoyo,6109122341,https://www.openstreetmap.org/node/6109122341,36.3788149,-5.3153403,electrocucion,distribucion,,tower,,1.0,46.107108595948695,26.35137072322334,oct,"Águila real, Halcón peregrino, Cigüeña negra"
apoyo,6109122347,https://www.openstreetmap.org/node/6109122347,36.3787998,-5.3172983,electrocucion,distribucion,,tower,,1.0,46.107108595948695,26.35137072322334,oct,"Águila real, Halcón peregrino, Cigüeña negra"
apoyo,6109122346,https://www.openstreetmap.org/node/6109122346,36.3788073,-5.318327,electrocucion,distribucion,,tower,,1.0,46.107108595948695,26.35137072322334,oct,"Águila real, Halcón peregrino, Cigüeña negra"
apoyo,6457699875,https://www.openstreetmap.org/node/6457699875,36.0908161,-5.7688026,electrocucion,distribucion,20000.0,tower,,1.0,46.06334901279173,23.87604736773278,sep,"Águila perdicera, Alimoche, Halcón peregrino"
apoyo,9605244620,https://www.openstreetmap.org/node/9605244620,36.1617435,-5.4666748,electrocucion,distribucion,66000.0,tower,,1.69,45.90600129692351,26.753090360453953,oct,"Águila calzada, Cigüeña blanca, Halcón peregrino"
aerogenerador,1133869014,https://www.openstreetmap.org/node/1133869014,36.19281,-5.7711602,colision_aerogenerador,eolico,,800 kW,,,45.88498452484638,32.21730189538642,jul,"Cigüeña blanca, Culebrera europea, Águila imperial ibérica"
aerogenerador,1133868917,https://www.openstreetmap.org/node/1133868917,36.1947438,-5.7719636,colision_aerogenerador,eolico,,800 kW,,,45.88498452484638,32.21730189538642,jul,"Cigüeña blanca, Culebrera europea, Águila imperial ibérica"
aerogenerador,1133868964,https://www.openstreetmap.org/node/1133868964,36.19217,-5.7709682,colision_aerogenerador,eolico,,800 kW,,,45.88498452484638,32.21730189538642,jul,"Cigüeña blanca, Culebrera europea, Águila imperial ibérica"
aerogenerador,1133869336,https://www.openstreetmap.org/node/1133869336,36.1912818,-5.770841,colision_aerogenerador,eolico,,800 kW,,,45.88498452484638,32.21730189538642,jul,"Cigüeña blanca, Culebrera europea, Águila imperial ibérica"
aerogenerador,1133869199,https://www.openstreetmap.org/node/1133869199,36.1939275,-5.7715123,colision_aerogenerador,eolico,,800 kW,,,45.88498452484638,32.21730189538642,jul,"Cigüeña blanca, Culebrera europea, Águila imperial ibérica"
apoyo,2318258301,https://www.openstreetmap.org/node/2318258301,36.3404335,-5.9419999,electrocucion,distribucion,66000.0,tower,,1.0,45.83182541693772,19.493748711200244,ene,"Milano real, Águila perdicera, Águila imperial ibérica"
apoyo,2318258303,https://www.openstreetmap.org/node/2318258303,36.3428153,-5.9409646,electrocucion,distribucion,66000.0,tower,,1.0,45.83182541693772,19.493748711200244,ene,"Milano real, Águila perdicera, Águila imperial ibérica"
apoyo,2318258304,https://www.openstreetmap.org/node/2318258304,36.3445756,-5.9402021,electrocucion,distribucion,66000.0,tower,,1.0,45.83182541693772,19.493748711200244,ene,"Milano real, Águila perdicera, Águila imperial ibérica"
linea,401373821,https://www.openstreetmap.org/way/401373821,36.159447666666665,-5.4702788,colision_linea,distribucion,66000.0,Línea de alta tensión Estrecho - Menacha y Menacha - Pinar del Rey - San Roque,,,45.67916118538039,27.703220007008778,oct,"Águila calzada, Cigüeña blanca, Cigüeña negra"
apoyo,4038091694,https://www.openstreetmap.org/node/4038091694,36.1371509,-5.4617127,electrocucion,distribucion,66000.0,tower,,1.3,45.64527821381224,20.473769877185546,mar,"Halcón peregrino, Milano negro, Culebrera europea"
aerogenerador,1341150475,https://www.openstreetmap.org/node/1341150475,36.4472911,-5.7642361,colision_aerogenerador,eolico,,2 MW,,,45.54665085901833,15.400605176131341,oct,"Milano real, Culebrera europea, Águila perdicera"
aerogenerador,1341150416,https://www.openstreetmap.org/node/1341150416,36.4452908,-5.7645346,colision_aerogenerador,eolico,,2 MW,,,45.54665085901833,15.400605176131341,oct,"Milano real, Culebrera europea, Águila perdicera"
aerogenerador,9553705686,https://www.openstreetmap.org/node/9553705686,36.0549626,-5.5643848,colision_aerogenerador,eolico,,3 MW,,,45.52721788969572,21.817190757556734,nov,"Buitre negro, Águila perdicera, Milano real"
apoyo,6646383369,https://www.openstreetmap.org/node/6646383369,36.2475922,-5.8554849,electrocucion,distribucion,66000.0,tower,,1.0,45.51317098681519,27.57616832981149,nov,"Grulla común, Águila perdicera, Águila imperial ibérica"
apoyo,6579925990,https://www.openstreetmap.org/node/6579925990,36.2476681,-5.8594867,electrocucion,distribucion,66000.0,tower,,1.0,45.51317098681519,27.57616832981149,nov,"Grulla común, Águila perdicera, Águila imperial ibérica"
apoyo,12183779459,https://www.openstreetmap.org/node/12183779459,36.4019374,-5.3007662,electrocucion,distribucion,66000.0,tower,,1.0,45.464267303601865,24.76448568177804,oct,"Halcón peregrino, Águila real, Cigüeña negra"
aerogenerador,1135616723,https://www.openstreetmap.org/node/1135616723,36.1597233,-5.7737483,colision_aerogenerador,eolico,,300 kW,,,45.19728157518987,29.44220172852982,feb,"Águila real, Búho real, Grulla común"
aerogenerador,1135616705,https://www.openstreetmap.org/node/1135616705,36.1585878,-5.7727584,colision_aerogenerador,eolico,,300 kW,,,45.19728157518987,29.44220172852982,feb,"Águila real, Búho real, Grulla común"
aerogenerador,1135616730,https://www.openstreetmap.org/node/1135616730,36.1579806,-5.7722786,colision_aerogenerador,eolico,,300 kW,,,45.19728157518987,29.44220172852982,feb,"Águila real, Búho real, Grulla común"
aerogenerador,1135616890,https://www.openstreetmap.org/node/1135616890,36.1573603,-5.7717915,colision_aerogenerador,eolico,,300 kW,,,45.19728157518987,29.44220172852982,feb,"Águila real, Búho real, Grulla común"
aerogenerador,1135616606,https://www.openstreetmap.org/node/1135616606,36.1591516,-5.7732697,colision_aerogenerador,eolico,,300 kW,,,45.19728157518987,29.44220172852982,feb,"Águila real, Búho real, Grulla común"
apoyo,6482805326,https://www.openstreetmap.org/node/6482805326,36.1530136,-5.685984,electrocucion,distribucion,20000.0,tower,,1.0,45.104377901947394,27.85081406705335,mar,"Alimoche, Búho real, Culebrera europea"
apoyo,6515532318,https://www.openstreetmap.org/node/6515532318,36.1530623,-5.6895581,electrocucion,distribucion,20000.0,tower,,1.0,45.104377901947394,27.85081406705335,mar,"Alimoche, Búho real, Culebrera europea"
apoyo,6515532319,https://www.openstreetmap.org/node/6515532319,36.153071,-5.6884664,electrocucion,distribucion,20000.0,tower,,1.0,45.104377901947394,27.85081406705335,mar,"Alimoche, Búho real, Culebrera europea"
apoyo,6515532320,https://www.openstreetmap.org/node/6515532320,36.1530861,-5.687356,electrocucion,distribucion,20000.0,tower,,1.0,45.104377901947394,27.85081406705335,mar,"Alimoche, Búho real, Culebrera europea"
linea,677694059,https://www.openstreetmap.org/way/677694059,36.2413862,-5.436096333333334,colision_linea,distribucion,15000.0,minor_line,,,45.01949791182611,26.214929555111286,may,"Cigüeña blanca, Águila calzada, Abejero europeo"
apoyo,6515532337,https://www.openstreetmap.org/node/6515532337,36.153123,-5.6772226,electrocucion,distribucion,20000.0,tower,,1.0,44.93641403868509,24.329270709380435,mar,"Búho real, Alimoche, Cigüeña negra"
apoyo,6515532338,https://www.openstreetmap.org/node/6515532338,36.1531056,-5.6785101,electrocucion,distribucion,20000.0,tower,,1.0,44.93641403868509,24.329270709380435,mar,"Búho real, Alimoche, Cigüeña negra"
apoyo,6515532339,https://www.openstreetmap.org/node/6515532339,36.153084,-5.6799156,electrocucion,distribucion,20000.0,tower,,1.0,44.93641403868509,24.329270709380435,mar,"Búho real, Alimoche, Cigüeña negra"
apoyo,6515532336,https://www.openstreetmap.org/node/6515532336,36.1532182,-5.6758735,electrocucion,distribucion,20000.0,tower,,1.0,44.93641403868509,24.329270709380435,mar,"Búho real, Alimoche, Cigüeña negra"
linea,666460675,https://www.openstreetmap.org/way/666460675,36.19107344848484,-5.458539533333334,colision_linea,distribucion,66000.0,Línea de alta tensión Menacha - Pinar del Rey - San Roque,,,44.89218072543705,32.77036051198997,sep,"Águila calzada, Abejero europeo, Cigüeña blanca"
apoyo,12183779448,https://www.openstreetmap.org/node/12183779448,36.3865418,-5.3296861,electrocucion,distribucion,66000.0,tower,,1.0,44.88910694853171,22.731613142828255,oct,"Halcón peregrino, Águila real, Cigüeña negra"
apoyo,12183779450,https://www.openstreetmap.org/node/12183779450,36.3875124,-5.3198543,electrocucion,distribucion,66000.0,tower,,1.0,44.88227768646057,22.8054907292108,oct,"Halcón peregrino, Águila real, Cigüeña negra"
apoyo,12183779451,https://www.openstreetmap.org/node/12183779451,36.3883689,-5.3160499,electrocucion,distribucion,66000.0,tower,,1.0,44.88227768646057,22.8054907292108,oct,"Halcón peregrino, Águila real, Cigüeña negra"
aerogenerador,1133869296,https://www.openstreetmap.org/node/1133869296,36.177672,-5.789291,colision_aerogenerador,eolico,,800 kW,,,44.46500622687094,26.90591752227788,jul,"Culebrera europea, Alimoche, Cigüeña blanca"
aerogenerador,1133868953,https://www.openstreetmap.org/node/1133868953,36.1794465,-5.7889252,colision_aerogenerador,eolico,,800 kW,,,44.46500622687094,26.90591752227788,jul,"Culebrera europea, Alimoche, Cigüeña blanca"
aerogenerador,1133868914,https://www.openstreetmap.org/node/1133868914,36.1785114,-5.7888029,colision_aerogenerador,eolico,,800 kW,,,44.46500622687094,26.90591752227788,jul,"Culebrera europea, Alimoche, Cigüeña blanca"
aerogenerador,1133868840,https://www.openstreetmap.org/node/1133868840,36.1756579,-5.789842,colision_aerogenerador,eolico,,800 kW,,,44.46500622687094,26.90591752227788,jul,"Culebrera europea, Alimoche, Cigüeña blanca"
aerogenerador,1133869005,https://www.openstreetmap.org/node/1133869005,36.1765506,-5.7897046,colision_aerogenerador,eolico,,800 kW,,,44.46500622687094,26.90591752227788,jul,"Culebrera europea, Alimoche, Cigüeña blanca"
aerogenerador,1133868880,https://www.openstreetmap.org/node/1133868880,36.1933436,-5.7782544,colision_aerogenerador,eolico,,800 kW,,,44.408445797853204,30.958125973378845,jul,"Cigüeña blanca, Culebrera europea, Águila imperial ibérica"
aerogenerador,1133869273,https://www.openstreetmap.org/node/1133869273,36.194298,-5.7786119,colision_aerogenerador,eolico,,800 kW,,,44.408445797853204,30.958125973378845,jul,"Cigüeña blanca, Culebrera europea, Águila imperial ibérica"
aerogenerador,1133869328,https://www.openstreetmap.org/node/1133869328,36.1916065,-5.7776722,colision_aerogenerador,eolico,,800 kW,,,44.408445797853204,30.958125973378845,jul,"Cigüeña blanca, Culebrera europea, Águila imperial ibérica"
aerogenerador,1133868835,https://www.openstreetmap.org/node/1133868835,36.1907317,-5.7774073,colision_aerogenerador,eolico,,800 kW,,,44.408445797853204,30.958125973378845,jul,"Cigüeña blanca, Culebrera europea, Águila imperial ibérica"
aerogenerador,1133869183,https://www.openstreetmap.org/node/1133869183,36.1924785,-5.7779698,colision_aerogenerador,eolico,,800 kW,,,44.408445797853204,30.958125973378845,jul,"Cigüeña blanca, Culebrera europea, Águila imperial ibérica"
apoyo,6616118972,https://www.openstreetmap.org/node/6616118972,36.2558098,-5.9472768,electrocucion,distribucion,20000.0,tower,,0.9,44.271886988509316,18.90037507993354,abr,"Águila real, Búho real, Cigüeña blanca"
apoyo,4038091718,https://www.openstreetmap.org/node/4038091718,36.1793505,-5.4716532,electrocucion,distribucion,66000.0,tower,,1.0,44.03574729509532,27.57487535765979,sep,"Águila calzada, Abejero europeo, Cigüeña blanca"
apoyo,6239877391,https://www.openstreetmap.org/node/6239877391,36.1772899,-5.4710238,electrocucion,distribucion,66000.0,tower,,1.0,44.03574729509532,27.57487535765979,sep,"Águila calzada, Abejero europeo, Cigüeña blanca"
apoyo,4038091717,https://www.openstreetmap.org/node/4038091717,36.1770122,-5.4722588,electrocucion,distribucion,66000.0,tower,,1.0,44.03574729509532,27.57487535765979,sep,"Águila calzada, Abejero europeo, Cigüeña blanca"
apoyo,6239877392,https://www.openstreetmap.org/node/6239877392,36.1795718,-5.4708762,electrocucion,distribucion,66000.0,tower,,1.0,44.03574729509532,27.57487535765979,sep,"Águila calzada, Abejero europeo, Cigüeña blanca"
apoyo,6239877390,https://www.openstreetmap.org/node/6239877390,36.1755372,-5.4711418,electrocucion,distribucion,66000.0,tower,,1.0,44.03574729509532,27.57487535765979,sep,"Águila calzada, Abejero europeo, Cigüeña blanca"
apoyo,12183779449,https://www.openstreetmap.org/node/12183779449,36.3870426,-5.3246457,electrocucion,distribucion,66000.0,tower,,1.0,43.93453886072849,22.202952194153184,oct,"Halcón peregrino, Águila real, Cigüeña negra"
linea,191053029,https://www.openstreetmap.org/way/191053029,36.38186138125,-5.927292064583334,colision_linea,distribucion,66000.0,Línea de alta tensión Medina Sidonia - Vejer de la Frontera,,,43.755574852762656,22.595437059327583,dic,"Águila imperial ibérica, Milano real, Águila perdicera"
apoyo,6434174466,https://www.openstreetmap.org/node/6434174466,36.0324445,-5.6110045,electrocucion,distribucion,20000.0,tower,,1.1,43.61416488175521,19.208883729052367,sep,"Milano negro, Cigüeña negra, Abejero europeo"
apoyo,6434174467,https://www.openstreetmap.org/node/6434174467,36.0336565,-5.6126561,electrocucion,distribucion,20000.0,tower,,1.1,43.61416488175521,19.208883729052367,sep,"Milano negro, Cigüeña negra, Abejero europeo"
linea,688028160,https://www.openstreetmap.org/way/688028160,36.09508488571429,-5.711279771428571,colision_linea,distribucion,20000.0,minor_line,,,43.584823604045255,22.226099197030937,sep,"Cigüeña negra, Abejero europeo, Águila calzada"
linea,659000362,https://www.openstreetmap.org/way/659000362,36.24010923,-5.420357040000001,colision_linea,distribucion,66000.0,Línea de alta tensión Mercancías - Pinar del Rey 2,,,43.28732481864596,20.94268252052431,may,"Águila calzada, Cigüeña blanca, Águila real"
apoyo,6457699878,https://www.openstreetmap.org/node/6457699878,36.0953308,-5.7739337,electrocucion,distribucion,20000.0,tower,,1.0,43.135478225319595,21.07475211304028,sep,"Águila perdicera, Alimoche, Halcón peregrino"
apoyo,12183779453,https://www.openstreetmap.org/node/12183779453,36.3893075,-5.3107479,electrocucion,distribucion,66000.0,tower,,1.0,42.44118406852201,21.83466610803153,oct,"Halcón peregrino, Águila real, Cigüeña negra"
apoyo,12183779452,https://www.openstreetmap.org/node/12183779452,36.3883457,-5.3136535,electrocucion,distribucion,66000.0,tower,,1.0,42.44118406852201,21.83466610803153,oct,"Halcón peregrino, Águila real, Cigüeña negra"
linea,1321572045,https://www.openstreetmap.org/way/1321572045,36.23964081111111,-5.420283177777778,colision_linea,distribucion,66000.0,Línea de alta tensión Fresno - Pinar del Rey y Mercancías - Pinar del Rey 1,,,42.36714330431592,20.60600899791399,may,"Águila calzada, Cigüeña blanca, Águila real"
apoyo,9559243963,https://www.openstreetmap.org/node/9559243963,36.0420496,-5.6042022,electrocucion,distribucion,66000.0,tower,,1.0,42.340408316282016,21.12501662203371,ago,"Milano negro, Cigüeña blanca, Alimoche"
apoyo,9559243960,https://www.openstreetmap.org/node/9559243960,36.0446033,-5.6029576,electrocucion,distribucion,66000.0,tower,,1.0,42.340408316282016,21.12501662203371,ago,"Milano negro, Cigüeña blanca, Alimoche"
linea,1320320252,https://www.openstreetmap.org/way/1320320252,36.16187815714286,-5.8007542,colision_linea,distribucion,66000.0,Línea de alta tensión Atlanterra - Tahivilla,,,42.33284661082791,25.260371897346698,nov,"Buitre negro, Halcón peregrino, Águila perdicera"
linea,1334231058,https://www.openstreetmap.org/way/1334231058,36.300028499999996,-5.3076507,colision_linea,desconocida,,line,,,42.2588442075411,11.889204973472895,sep,"Cigüeña negra, Águila calzada, Culebrera europea"
apoyo,6171518373,https://www.openstreetmap.org/node/6171518373,36.3067823,-5.4369423,electrocucion,distribucion,15000.0,tower,,1.0,41.982405557305256,12.71700373836193,sep,"Águila calzada, Abejero europeo, Buitre leonado"
apoyo,6171518375,https://www.openstreetmap.org/node/6171518375,36.3069811,-5.4394206,electrocucion,distribucion,15000.0,tower,,1.0,41.982405557305256,12.71700373836193,sep,"Águila calzada, Abejero europeo, Buitre leonado"
apoyo,6171518374,https://www.openstreetmap.org/node/6171518374,36.3068677,-5.4381385,electrocucion,distribucion,15000.0,tower,,1.0,41.982405557305256,12.71700373836193,sep,"Águila calzada, Abejero europeo, Buitre leonado"
apoyo,6171518372,https://www.openstreetmap.org/node/6171518372,36.3067045,-5.4357286,electrocucion,distribucion,15000.0,tower,,1.0,41.982405557305256,12.71700373836193,sep,"Águila calzada, Abejero europeo, Buitre leonado"
apoyo,6515532310,https://www.openstreetmap.org/node/6515532310,36.1478579,-5.6994742,electrocucion,distribucion,20000.0,tower,,1.0,41.97193016984126,24.501060282140884,abr,"Águila calzada, Culebrera europea, Alimoche"
apoyo,6515532312,https://www.openstreetmap.org/node/6515532312,36.149361,-5.6973338,electrocucion,distribucion,20000.0,tower,,1.0,41.97193016984126,24.501060282140884,abr,"Águila calzada, Culebrera europea, Alimoche"
apoyo,6515532311,https://www.openstreetmap.org/node/6515532311,36.1486246,-5.6983852,electrocucion,distribucion,20000.0,tower,,1.0,41.97193016984126,24.501060282140884,abr,"Águila calzada, Culebrera europea, Alimoche"
linea,1320320250,https://www.openstreetmap.org/way/1320320250,36.15180204285714,-5.810086071428572,colision_linea,distribucion,20000.0,minor_line,,,41.96580714750622,20.662308567220027,nov,"Buitre negro, Halcón peregrino, Águila perdicera"
aerogenerador,1135611075,https://www.openstreetmap.org/node/1135611075,36.1616704,-5.743119,colision_aerogenerador,eolico,,800 kW,,,41.81286210819935,27.174534552689057,ago,"Culebrera europea, Cigüeña blanca, Alimoche"
aerogenerador,1135610950,https://www.openstreetmap.org/node/1135610950,36.1608673,-5.742626,colision_aerogenerador,eolico,,800 kW,,,41.81286210819935,27.174534552689057,ago,"Culebrera europea, Cigüeña blanca, Alimoche"
aerogenerador,1135610527,https://www.openstreetmap.org/node/1135610527,36.1600882,-5.7420665,colision_aerogenerador,eolico,,800 kW,,,41.81286210819935,27.174534552689057,ago,"Culebrera europea, Cigüeña blanca, Alimoche"
aerogenerador,1135610255,https://www.openstreetmap.org/node/1135610255,36.1625234,-5.7434715,colision_aerogenerador,eolico,,800 kW,,,41.81286210819935,27.174534552689057,ago,"Culebrera europea, Cigüeña blanca, Alimoche"
apoyo,6405824664,https://www.openstreetmap.org/node/6405824664,36.0647395,-5.465371,electrocucion,distribucion,20000.0,tower,,1.0,41.485295647728655,16.701490729212725,mar,"Águila calzada, Culebrera europea, Alimoche"
apoyo,6405824663,https://www.openstreetmap.org/node/6405824663,36.063946,-5.465996,electrocucion,distribucion,20000.0,tower,,1.0,41.485295647728655,16.701490729212725,mar,"Águila calzada, Culebrera europea, Alimoche"
apoyo,6405824661,https://www.openstreetmap.org/node/6405824661,36.0626711,-5.4678655,electrocucion,distribucion,20000.0,tower,,1.0,41.485295647728655,16.701490729212725,mar,"Águila calzada, Culebrera europea, Alimoche"
apoyo,6405824662,https://www.openstreetmap.org/node/6405824662,36.0629714,-5.4667912,electrocucion,distribucion,20000.0,tower,,1.0,41.485295647728655,16.701490729212725,mar,"Águila calzada, Culebrera europea, Alimoche"
apoyo,2613334186,https://www.openstreetmap.org/node/2613334186,36.0714586,-5.6187215,electrocucion,distribucion,66000.0,tower,,1.0,41.09803846784351,22.83785614242386,sep,"Milano negro, Águila real, Cigüeña negra"
apoyo,6483832998,https://www.openstreetmap.org/node/6483832998,36.0720936,-5.6170124,electrocucion,distribucion,66000.0,tower,,1.0,41.09803846784351,22.83785614242386,sep,"Milano negro, Águila real, Cigüeña negra"
apoyo,6483832997,https://www.openstreetmap.org/node/6483832997,36.0738345,-5.616771,electrocucion,distribucion,66000.0,tower,,1.0,41.09803846784351,22.83785614242386,sep,"Milano negro, Águila real, Cigüeña negra"
apoyo,6483832996,https://www.openstreetmap.org/node/6483832996,36.0747558,-5.6159556,electrocucion,distribucion,66000.0,tower,,1.0,41.09803846784351,22.83785614242386,sep,"Milano negro, Águila real, Cigüeña negra"
apoyo,12185918098,https://www.openstreetmap.org/node/12185918098,36.0709364,-5.6170538,electrocucion,distribucion,66000.0,tower,,1.0,41.09803846784351,22.83785614242386,sep,"Milano negro, Águila real, Cigüeña negra"
apoyo,6406806915,https://www.openstreetmap.org/node/6406806915,36.0847774,-5.5197528,electrocucion,distribucion,20000.0,pole,,1.0,40.99784083523149,25.19676974061063,oct,"Águila real, Culebrera europea, Milano real"
apoyo,6406806916,https://www.openstreetmap.org/node/6406806916,36.0820039,-5.5195838,electrocucion,distribucion,20000.0,pole,,1.0,40.99784083523149,25.19676974061063,oct,"Águila real, Culebrera europea, Milano real"
apoyo,6406806917,https://www.openstreetmap.org/node/6406806917,36.0815107,-5.5194095,electrocucion,distribucion,20000.0,pole,,1.0,40.99784083523149,25.19676974061063,oct,"Águila real, Culebrera europea, Milano real"
linea,401373814,https://www.openstreetmap.org/way/401373814,36.227077900000005,-5.4264662679999995,colision_linea,transporte,220000.0,Línea de alta tensión Cañuelo - Pinar del Rey,Red Eléctrica de España,,40.94901692591103,25.431877070170945,may,"Águila calzada, Cigüeña blanca, Águila real"
apoyo,1920879538,https://www.openstreetmap.org/node/1920879538,36.2456827,-5.4149764,electrocucion,distribucion,66000.0,tower,,1.0,40.90016107617807,21.09298707543457,feb,"Águila real, Águila perdicera, Buitre negro"
apoyo,6170070470,https://www.openstreetmap.org/node/6170070470,36.245915,-5.4132664,electrocucion,distribucion,66000.0,tower,,1.0,40.90016107617807,21.09298707543457,feb,"Águila real, Águila perdicera, Buitre negro"
apoyo,1920912209,https://www.openstreetmap.org/node/1920912209,36.2450567,-5.4113436,electrocucion,distribucion,66000.0,tower,,1.0,40.90016107617807,21.09298707543457,feb,"Águila real, Águila perdicera, Buitre negro"
apoyo,1920879541,https://www.openstreetmap.org/node/1920879541,36.2460602,-5.4134711,electrocucion,distribucion,66000.0,tower,,1.0,40.90016107617807,21.09298707543457,feb,"Águila real, Águila perdicera, Buitre negro"
apoyo,6394097660,https://www.openstreetmap.org/node/6394097660,36.0999188,-5.4647053,electrocucion,distribucion,66000.0,tower,,1.3,40.81105415321183,14.062996526650238,oct,"Cigüeña negra, Halcón peregrino, Águila perdicera"
apoyo,6434174481,https://www.openstreetmap.org/node/6434174481,36.0486381,-5.6347082,electrocucion,distribucion,20000.0,tower,,1.0,40.77081424934927,17.95433752113072,ago,"Milano negro, Cigüeña blanca, Culebrera europea"
apoyo,6434174479,https://www.openstreetmap.org/node/6434174479,36.0471125,-5.631723,electrocucion,distribucion,20000.0,tower,,1.0,40.77081424934927,17.95433752113072,ago,"Milano negro, Cigüeña blanca, Culebrera europea"
apoyo,6434174478,https://www.openstreetmap.org/node/6434174478,36.0463144,-5.630182,electrocucion,distribucion,20000.0,tower,,1.0,40.77081424934927,17.95433752113072,ago,"Milano negro, Cigüeña blanca, Culebrera europea"
apoyo,6434174480,https://www.openstreetmap.org/node/6434174480,36.0477924,-5.6330439,electrocucion,distribucion,20000.0,tower,,1.0,40.77081424934927,17.95433752113072,ago,"Milano negro, Cigüeña blanca, Culebrera europea"
apoyo,6515532328,https://www.openstreetmap.org/node/6515532328,36.1534153,-5.661706,electrocucion,distribucion,20000.0,tower,,1.0,40.743762375963875,20.037131996225316,sep,"Águila calzada, Culebrera europea, Alimoche"
apoyo,6515532330,https://www.openstreetmap.org/node/6515532330,36.1533633,-5.6647047,electrocucion,distribucion,20000.0,tower,,1.0,40.743762375963875,20.037131996225316,sep,"Águila calzada, Culebrera europea, Alimoche"
apoyo,6515532327,https://www.openstreetmap.org/node/6515532327,36.1534305,-5.6601584,electrocucion,distribucion,20000.0,tower,,1.0,40.743762375963875,20.037131996225316,sep,"Águila calzada, Culebrera europea, Alimoche"
apoyo,6515532329,https://www.openstreetmap.org/node/6515532329,36.1533958,-5.6630927,electrocucion,distribucion,20000.0,tower,,1.0,40.743762375963875,20.037131996225316,sep,"Águila calzada, Culebrera europea, Alimoche"
apoyo,12229331464,https://www.openstreetmap.org/node/12229331464,36.1510456,-5.477028,electrocucion,distribucion,66000.0,tower,,1.0,40.68808467935768,24.235264527995767,oct,"Águila calzada, Halcón peregrino, Cigüeña blanca"
apoyo,12229331420,https://www.openstreetmap.org/node/12229331420,36.1528786,-5.4760414,electrocucion,distribucion,66000.0,tower,,1.0,40.68808467935768,24.235264527995767,oct,"Águila calzada, Halcón peregrino, Cigüeña blanca"
apoyo,4038091941,https://www.openstreetmap.org/node/4038091941,36.2466846,-5.3363591,electrocucion,distribucion,66000.0,tower,,1.0,40.613260801485666,16.399853173641684,sep,"Alimoche, Abejero europeo, Búho real"
apoyo,6153591746,https://www.openstreetmap.org/node/6153591746,36.2469512,-5.3388405,electrocucion,distribucion,,tower,,1.0,40.613260801485666,16.399853173641684,sep,"Alimoche, Abejero europeo, Búho real"
apoyo,6153591742,https://www.openstreetmap.org/node/6153591742,36.2491532,-5.3399844,electrocucion,distribucion,,tower,,1.0,40.613260801485666,16.399853173641684,sep,"Alimoche, Abejero europeo, Búho real"
apoyo,4038091945,https://www.openstreetmap.org/node/4038091945,36.2468618,-5.3391112,electrocucion,distribucion,66000.0,tower,,1.0,40.613260801485666,16.399853173641684,sep,"Alimoche, Abejero europeo, Búho real"
apoyo,6153591744,https://www.openstreetmap.org/node/6153591744,36.2479938,-5.3393099,electrocucion,distribucion,,tower,,1.0,40.613260801485666,16.399853173641684,sep,"Alimoche, Abejero europeo, Búho real"
apoyo,6153591743,https://www.openstreetmap.org/node/6153591743,36.2486741,-5.3397015,electrocucion,distribucion,,tower,,1.0,40.613260801485666,16.399853173641684,sep,"Alimoche, Abejero europeo, Búho real"
apoyo,6153591731,https://www.openstreetmap.org/node/6153591731,36.24618,-5.3394239,electrocucion,distribucion,,tower,,1.0,40.613260801485666,16.399853173641684,sep,"Alimoche, Abejero europeo, Búho real"
apoyo,6153591748,https://www.openstreetmap.org/node/6153591748,36.2467771,-5.3376925,electrocucion,distribucion,66000.0,tower,,1.0,40.613260801485666,16.399853173641684,sep,"Alimoche, Abejero europeo, Búho real"
apoyo,6153591745,https://www.openstreetmap.org/node/6153591745,36.2470821,-5.3388365,electrocucion,distribucion,,tower,,1.0,40.613260801485666,16.399853173641684,sep,"Alimoche, Abejero europeo, Búho real"
apoyo,6153591747,https://www.openstreetmap.org/node/6153591747,36.2470247,-5.3374377,electrocucion,distribucion,,tower,,1.0,40.613260801485666,16.399853173641684,sep,"Alimoche, Abejero europeo, Búho real"
linea,1321575729,https://www.openstreetmap.org/way/1321575729,36.21243905,-5.42693455,colision_linea,distribucion,66000.0,Línea de alta tensión Menacha - Pinar del Rey - San Roque,,,40.53427407230733,24.859077159865155,may,"Cigüeña blanca, Águila calzada, Águila real"
linea,1321575730,https://www.openstreetmap.org/way/1321575730,36.2121288,-5.428512700000001,colision_linea,distribucion,66000.0,Línea de alta tensión Menacha - Pinar del Rey - San Roque,,,40.53427407230733,24.859077159865155,may,"Cigüeña blanca, Águila calzada, Águila real"
linea,1043690171,https://www.openstreetmap.org/way/1043690171,36.21187175,-5.4297557,colision_linea,distribucion,66000.0,Línea de alta tensión Pinar del Rey - San Roque,,,40.53427407230733,24.859077159865155,may,"Cigüeña blanca, Águila calzada, Águila real"
linea,1043690170,https://www.openstreetmap.org/way/1043690170,36.2118512,-5.429743650000001,colision_linea,distribucion,66000.0,Línea de alta tensión Pinar del Rey - San Roque,,,40.53427407230733,24.859077159865155,may,"Cigüeña blanca, Águila calzada, Águila real"
linea,1043690169,https://www.openstreetmap.org/way/1043690169,36.2117804,-5.42988105,colision_linea,distribucion,66000.0,line,,,40.53427407230733,24.859077159865155,may,"Cigüeña blanca, Águila calzada, Águila real"
aerogenerador,2245259421,https://www.openstreetmap.org/node/2245259421,36.1481784,-5.7763849,colision_aerogenerador,eolico,,300 kW,,,40.4457298626946,28.99129555928631,ago,"Cigüeña blanca, Culebrera europea, Águila imperial ibérica"
aerogenerador,2245259404,https://www.openstreetmap.org/node/2245259404,36.1469176,-5.7760906,colision_aerogenerador,eolico,,300 kW,,,40.4457298626946,28.99129555928631,ago,"Cigüeña blanca, Culebrera europea, Águila imperial ibérica"
aerogenerador,2245259433,https://www.openstreetmap.org/node/2245259433,36.1494981,-5.7760083,colision_aerogenerador,eolico,,300 kW,,,40.4457298626946,28.99129555928631,ago,"Cigüeña blanca, Culebrera europea, Águila imperial ibérica"
aerogenerador,2245259395,https://www.openstreetmap.org/node/2245259395,36.1462707,-5.7760331,colision_aerogenerador,eolico,,300 kW,,,40.4457298626946,28.99129555928631,ago,"Cigüeña blanca, Culebrera europea, Águila imperial ibérica"
aerogenerador,2245259428,https://www.openstreetmap.org/node/2245259428,36.1488235,-5.7762108,colision_aerogenerador,eolico,,300 kW,,,40.4457298626946,28.99129555928631,ago,"Cigüeña blanca, Culebrera europea, Águila imperial ibérica"
aerogenerador,2245259410,https://www.openstreetmap.org/node/2245259410,36.1475439,-5.7761684,colision_aerogenerador,eolico,,300 kW,,,40.4457298626946,28.99129555928631,ago,"Cigüeña blanca, Culebrera europea, Águila imperial ibérica"
apoyo,6540690568,https://www.openstreetmap.org/node/6540690568,36.1749402,-5.7464132,electrocucion,distribucion,20000.0,tower,,1.0,40.28451617626332,28.189463143980944,ago,"Culebrera europea, Cigüeña blanca, Halcón peregrino"
apoyo,1135616947,https://www.openstreetmap.org/node/1135616947,36.1732355,-5.749127,electrocucion,distribucion,66000.0,tower,,1.0,40.28451617626332,28.189463143980944,ago,"Culebrera europea, Cigüeña blanca, Halcón peregrino"
apoyo,6540690567,https://www.openstreetmap.org/node/6540690567,36.1748563,-5.746209,electrocucion,distribucion,20000.0,tower,,1.0,40.28451617626332,28.189463143980944,ago,"Culebrera europea, Cigüeña blanca, Halcón peregrino"
apoyo,1135616926,https://www.openstreetmap.org/node/1135616926,36.1719213,-5.7455625,electrocucion,distribucion,66000.0,tower,,1.0,40.28451617626332,28.189463143980944,ago,"Culebrera europea, Cigüeña blanca, Halcón peregrino"
linea,401373812,https://www.openstreetmap.org/way/401373812,36.13823128,-5.46569612,colision_linea,distribucion,66000.0,"Línea de alta tensión Estrecho - Fresno, Estrecho - Getares y Estrecho - Menacha",,,40.25196725283561,18.96117704245387,mar,"Halcón peregrino, Culebrera europea, Milano negro"
aerogenerador,1133894782,https://www.openstreetmap.org/node/1133894782,36.1277322,-5.7992984,colision_aerogenerador,eolico,,2 MW,,,40.18060970590604,22.419609441237213,oct,"Águila perdicera, Cigüeña negra, Halcón peregrino"
aerogenerador,1133895483,https://www.openstreetmap.org/node/1133895483,36.1293487,-5.799528,colision_aerogenerador,eolico,,2 MW,,,40.18060970590604,22.419609441237213,oct,"Águila perdicera, Cigüeña negra, Halcón peregrino"
aerogenerador,1133894863,https://www.openstreetmap.org/node/1133894863,36.1261179,-5.7990628,colision_aerogenerador,eolico,,2 MW,,,40.18060970590604,22.419609441237213,oct,"Águila perdicera, Cigüeña negra, Halcón peregrino"
linea,98127954,https://www.openstreetmap.org/way/98127954,36.16190532272728,-5.737216081818183,colision_linea,distribucion,66000.0,Línea de alta tensión Atlanterra - Facinas,,,40.17973055405768,30.50739455772158,ago,"Culebrera europea, Cigüeña blanca, Alimoche"
apoyo,4038091899,https://www.openstreetmap.org/node/4038091899,36.2336904,-5.4360331,electrocucion,distribucion,66000.0,tower,,1.0,40.04231157405447,24.883325068793127,may,"Cigüeña blanca, Águila calzada, Milano negro"
apoyo,4038091897,https://www.openstreetmap.org/node/4038091897,36.2327091,-5.4390623,electrocucion,distribucion,66000.0,tower,,1.0,40.04231157405447,24.883325068793127,may,"Cigüeña blanca, Águila calzada, Milano negro"
apoyo,6345477024,https://www.openstreetmap.org/node/6345477024,36.2338252,-5.4364649,electrocucion,distribucion,15000.0,pole,,1.0,40.04231157405447,24.883325068793127,may,"Cigüeña blanca, Águila calzada, Milano negro"
apoyo,6345477025,https://www.openstreetmap.org/node/6345477025,36.2329818,-5.4365571,electrocucion,distribucion,15000.0,pole,,1.0,40.04231157405447,24.883325068793127,may,"Cigüeña blanca, Águila calzada, Milano negro"
apoyo,6170070351,https://www.openstreetmap.org/node/6170070351,36.2328225,-5.4363696,electrocucion,distribucion,15000.0,tower,,1.0,40.04231157405447,24.883325068793127,may,"Cigüeña blanca, Águila calzada, Milano negro"
apoyo,6345477026,https://www.openstreetmap.org/node/6345477026,36.2314935,-5.4372234,electrocucion,distribucion,15000.0,pole,,1.0,40.04231157405447,24.883325068793127,may,"Cigüeña blanca, Águila calzada, Milano negro"
apoyo,6170070352,https://www.openstreetmap.org/node/6170070352,36.2339421,-5.4362744,electrocucion,distribucion,15000.0,tower,,1.0,40.04231157405447,24.883325068793127,may,"Cigüeña blanca, Águila calzada, Milano negro"
linea,696663894,https://www.openstreetmap.org/way/696663894,36.181555025,-5.75713245,colision_linea,distribucion,20000.0,minor_line,,,39.96785724275443,30.826655936421144,feb,"Grulla común, Águila real, Halcón peregrino"
apoyo,2318258337,https://www.openstreetmap.org/node/2318258337,36.3823462,-5.9201634,electrocucion,distribucion,66000.0,tower,,1.0,39.59433886110206,19.37829974792191,oct,"Águila imperial ibérica, Águila real, Milano real"
apoyo,2318258335,https://www.openstreetmap.org/node/2318258335,36.3803872,-5.9212324,electrocucion,distribucion,66000.0,tower,,1.0,39.59433886110206,19.37829974792191,oct,"Águila imperial ibérica, Águila real, Milano real"
linea,181657686,https://www.openstreetmap.org/way/181657686,36.226507265517235,-5.436709737931036,colision_linea,transporte,400000.0,Línea de alta tensión Los Barrios - Pinar del Rey,Red Eléctrica de España,,39.3732994509298,25.532220448224123,may,"Águila calzada, Cigüeña blanca, Águila real"
linea,1321575727,https://www.openstreetmap.org/way/1321575727,36.2367352875,-5.40888075,colision_linea,distribucion,66000.0,Línea de alta tensión Pinar del Rey - San Roque,,,39.279750859929514,20.742499319790348,may,"Águila calzada, Cigüeña blanca, Águila real"
apoyo,6434174469,https://www.openstreetmap.org/node/6434174469,36.0348586,-5.6143248,electrocucion,distribucion,20000.0,tower,,0.99,39.25274839357968,17.287995356147132,sep,"Milano negro, Cigüeña negra, Abejero europeo"
apoyo,4038091706,https://www.openstreetmap.org/node/4038091706,36.1532754,-5.4739136,electrocucion,distribucion,66000.0,tower,,1.0,39.15685610491493,22.917482678457564,oct,"Águila calzada, Cigüeña blanca, Cigüeña negra"
apoyo,4038091705,https://www.openstreetmap.org/node/4038091705,36.1512764,-5.474616,electrocucion,distribucion,66000.0,tower,,1.0,39.15685610491493,22.917482678457564,oct,"Águila calzada, Cigüeña blanca, Cigüeña negra"
apoyo,6434176085,https://www.openstreetmap.org/node/6434176085,36.0522043,-5.6415492,electrocucion,distribucion,20000.0,tower,,1.0,39.04823609125408,16.849221845698512,ago,"Milano negro, Cigüeña blanca, Culebrera europea"
apoyo,6434176086,https://www.openstreetmap.org/node/6434176086,36.0532013,-5.6434677,electrocucion,distribucion,20000.0,tower,,1.0,39.04823609125408,16.849221845698512,ago,"Milano negro, Cigüeña blanca, Culebrera europea"
apoyo,2245259382,https://www.openstreetmap.org/node/2245259382,36.1226774,-5.8241989,electrocucion,distribucion,66000.0,tower,,1.3,39.029310088469046,25.23368484269754,nov,"Buitre negro, Águila perdicera, Culebrera europea"
aerogenerador,1123140853,https://www.openstreetmap.org/node/1123140853,36.041151,-5.5695393,colision_aerogenerador,eolico,,1.65 MW,,,38.997007598333916,19.708044574316148,oct,"Cigüeña negra, Águila imperial ibérica, Águila perdicera"
linea,1320320253,https://www.openstreetmap.org/way/1320320253,36.20267925263157,-5.79888927368421,colision_linea,distribucion,66000.0,Línea de alta tensión Atlanterra - Lomas,,,38.969953734167746,26.959692366055364,nov,"Grulla común, Cigüeña blanca, Águila imperial ibérica"
aerogenerador,2318258300,https://www.openstreetmap.org/node/2318258300,36.3381772,-5.9326532,colision_aerogenerador,eolico,,2 MW,,,38.83334099246645,16.130967969537533,ene,"Milano real, Águila perdicera, Grulla común"
aerogenerador,2318258297,https://www.openstreetmap.org/node/2318258297,36.3358136,-5.9334699,colision_aerogenerador,eolico,,2 MW,,,38.83334099246645,16.130967969537533,ene,"Milano real, Águila perdicera, Grulla común"
apoyo,2318258355,https://www.openstreetmap.org/node/2318258355,36.4168911,-5.9171909,electrocucion,distribucion,66000.0,tower,,1.0,38.79453696042695,15.048721695628567,dic,"Águila imperial ibérica, Milano real, Águila perdicera"
apoyo,2318258356,https://www.openstreetmap.org/node/2318258356,36.4198675,-5.9169203,electrocucion,distribucion,66000.0,tower,,1.0,38.79453696042695,15.048721695628567,dic,"Águila imperial ibérica, Milano real, Águila perdicera"
apoyo,6580365610,https://www.openstreetmap.org/node/6580365610,36.2478771,-5.8696925,electrocucion,distribucion,66000.0,tower,,1.0,38.77718172229272,22.762963716903105,feb,"Águila real, Grulla común, Cigüeña negra"
apoyo,6580365617,https://www.openstreetmap.org/node/6580365617,36.2478332,-5.8672987,electrocucion,distribucion,66000.0,tower,,1.0,38.77718172229272,22.762963716903105,feb,"Águila real, Grulla común, Cigüeña negra"
apoyo,2613334215,https://www.openstreetmap.org/node/2613334215,36.0787533,-5.6384034,electrocucion,distribucion,66000.0,tower,,1.0,38.775316198734636,17.340076974398354,sep,"Milano negro, Cigüeña negra, Águila calzada"
apoyo,2613334214,https://www.openstreetmap.org/node/2613334214,36.0779848,-5.636724,electrocucion,distribucion,66000.0,tower,,1.0,38.775316198734636,17.340076974398354,sep,"Milano negro, Cigüeña negra, Águila calzada"
apoyo,2613334216,https://www.openstreetmap.org/node/2613334216,36.0794235,-5.6398427,electrocucion,distribucion,66000.0,tower,,1.0,38.775316198734636,17.340076974398354,sep,"Milano negro, Cigüeña negra, Águila calzada"
apoyo,3455539583,https://www.openstreetmap.org/node/3455539583,36.2340519,-5.8121063,electrocucion,distribucion,66000.0,tower,,1.0,38.699558521721784,27.35417808109375,oct,"Cigüeña blanca, Águila imperial ibérica, Cigüeña negra"
apoyo,3455539574,https://www.openstreetmap.org/node/3455539574,36.2069131,-5.7857979,electrocucion,distribucion,66000.0,tower,,0.9,38.56929376969827,25.331674346624208,oct,"Cigüeña blanca, Águila imperial ibérica, Grulla común"
apoyo,6712759363,https://www.openstreetmap.org/node/6712759363,36.3309417,-5.7855302,electrocucion,distribucion,,pole,,1.1,38.53479274718658,23.24803514736604,nov,"Milano real, Águila imperial ibérica, Águila real"
apoyo,6712759364,https://www.openstreetmap.org/node/6712759364,36.330287,-5.7863268,electrocucion,distribucion,,pole,,1.1,38.53479274718658,23.24803514736604,nov,"Milano real, Águila imperial ibérica, Águila real"
aerogenerador,1133895129,https://www.openstreetmap.org/node/1133895129,36.1360142,-5.8079029,colision_aerogenerador,eolico,,2 MW,,,38.52090598013577,19.918559328766246,nov,"Buitre negro, Águila perdicera, Grulla común"
aerogenerador,1133894776,https://www.openstreetmap.org/node/1133894776,36.1376676,-5.80699,colision_aerogenerador,eolico,,2 MW,,,38.52090598013577,19.918559328766246,nov,"Buitre negro, Águila perdicera, Grulla común"
aerogenerador,1133895263,https://www.openstreetmap.org/node/1133895263,36.139183,-5.8093995,colision_aerogenerador,eolico,,2 MW,,,38.52090598013577,19.918559328766246,nov,"Buitre negro, Águila perdicera, Grulla común"
linea,688102628,https://www.openstreetmap.org/way/688102628,36.074956650000004,-5.724266500000001,colision_linea,distribucion,20000.0,minor_line,,,38.419835793609934,19.1016308246998,ago,"Cigüeña blanca, Halcón peregrino, Milano negro"
linea,696241254,https://www.openstreetmap.org/way/696241254,36.16374372333333,-5.735446266666666,colision_linea,distribucion,20000.0,minor_line,,,38.41920431263105,29.059563744381023,ago,"Culebrera europea, Cigüeña blanca, Alimoche"
linea,97976502,https://www.openstreetmap.org/way/97976502,36.15329264117648,-5.7965860735294115,colision_linea,distribucion,66000.0,Línea de alta tensión Atlanterra - Facinas,,,38.4149157471025,25.104423234008852,nov,"Buitre negro, Halcón peregrino, Águila perdicera"
aerogenerador,1133895059,https://www.openstreetmap.org/node/1133895059,36.1309743,-5.7874028,colision_aerogenerador,eolico,,2 MW,,,38.40547712676564,22.34808436941239,oct,"Águila perdicera, Halcón peregrino, Cigüeña negra"
aerogenerador,1133895357,https://www.openstreetmap.org/node/1133895357,36.1329635,-5.786713,colision_aerogenerador,eolico,,2 MW,,,38.40547712676564,22.34808436941239,oct,"Águila perdicera, Halcón peregrino, Cigüeña negra"
aerogenerador,1133894721,https://www.openstreetmap.org/node/1133894721,36.1347993,-5.7865537,colision_aerogenerador,eolico,,2 MW,,,38.40547712676564,22.34808436941239,oct,"Águila perdicera, Halcón peregrino, Cigüeña negra"
linea,688102625,https://www.openstreetmap.org/way/688102625,36.071209055555556,-5.6883286,colision_linea,distribucion,20000.0,minor_line,,,38.390935727533225,13.624259794174554,sep,"Cigüeña negra, Abejero europeo, Águila calzada"
aerogenerador,1133868996,https://www.openstreetmap.org/node/1133868996,36.1791085,-5.7962661,colision_aerogenerador,eolico,,800 kW,,,38.32375427549003,22.011290938344487,jul,"Alimoche, Culebrera europea, Águila imperial ibérica"
aerogenerador,1133869167,https://www.openstreetmap.org/node/1133869167,36.1782009,-5.7965765,colision_aerogenerador,eolico,,800 kW,,,38.32375427549003,22.011290938344487,jul,"Alimoche, Culebrera europea, Águila imperial ibérica"
aerogenerador,1133868826,https://www.openstreetmap.org/node/1133868826,36.1762797,-5.7968406,colision_aerogenerador,eolico,,800 kW,,,38.32375427549003,22.011290938344487,jul,"Alimoche, Culebrera europea, Águila imperial ibérica"
aerogenerador,1133869224,https://www.openstreetmap.org/node/1133869224,36.1772543,-5.7965998,colision_aerogenerador,eolico,,800 kW,,,38.32375427549003,22.011290938344487,jul,"Alimoche, Culebrera europea, Águila imperial ibérica"
aerogenerador,1133869194,https://www.openstreetmap.org/node/1133869194,36.1752902,-5.796903,colision_aerogenerador,eolico,,800 kW,,,38.32375427549003,22.011290938344487,jul,"Alimoche, Culebrera europea, Águila imperial ibérica"
apoyo,6406806901,https://www.openstreetmap.org/node/6406806901,36.053603,-5.5164202,electrocucion,distribucion,20000.0,pole,,1.0,38.278693872634435,16.969039022840057,nov,"Buitre negro, Halcón peregrino, Milano real"
aerogenerador,1968242275,https://www.openstreetmap.org/node/1968242275,36.0972399,-5.6590089,colision_aerogenerador,eolico,,2 MW,,,38.25459602394558,26.298037979521116,jul,"Alimoche, Búho real, Culebrera europea"
aerogenerador,1968242277,https://www.openstreetmap.org/node/1968242277,36.0961454,-5.6582633,colision_aerogenerador,eolico,,2 MW,,,38.25459602394558,26.298037979521116,jul,"Alimoche, Búho real, Culebrera europea"
aerogenerador,1133878070,https://www.openstreetmap.org/node/1133878070,36.2055956,-5.7761668,colision_aerogenerador,eolico,,800 kW,,,38.23259434686322,26.043186252231845,oct,"Cigüeña blanca, Águila imperial ibérica, Grulla común"
aerogenerador,1133878174,https://www.openstreetmap.org/node/1133878174,36.2063691,-5.7756015,colision_aerogenerador,eolico,,800 kW,,,38.23259434686322,26.043186252231845,oct,"Cigüeña blanca, Águila imperial ibérica, Grulla común"
aerogenerador,1133878043,https://www.openstreetmap.org/node/1133878043,36.2071712,-5.7750883,colision_aerogenerador,eolico,,800 kW,,,38.23259434686322,26.043186252231845,oct,"Cigüeña blanca, Águila imperial ibérica, Grulla común"
apoyo,6450602958,https://www.openstreetmap.org/node/6450602958,36.0965174,-5.7110037,electrocucion,distribucion,20000.0,tower,,1.0,37.98654629615789,21.677844764297934,sep,"Culebrera europea, Buitre leonado, Águila calzada"
apoyo,6450602956,https://www.openstreetmap.org/node/6450602956,36.098235,-5.7106738,electrocucion,distribucion,20000.0,tower,,1.0,37.98654629615789,21.677844764297934,sep,"Culebrera europea, Buitre leonado, Águila calzada"
apoyo,6450602957,https://www.openstreetmap.org/node/6450602957,36.0971015,-5.710883,electrocucion,distribucion,20000.0,tower,,1.0,37.98654629615789,21.677844764297934,sep,"Culebrera europea, Buitre leonado, Águila calzada"
apoyo,6450602955,https://www.openstreetmap.org/node/6450602955,36.0997271,-5.7103774,electrocucion,distribucion,20000.0,tower,,1.0,37.98654629615789,21.677844764297934,sep,"Culebrera europea, Buitre leonado, Águila calzada"
aerogenerador,1133895503,https://www.openstreetmap.org/node/1133895503,36.1336958,-5.7912483,colision_aerogenerador,eolico,,2 MW,,,37.96513927460205,21.23642179788066,oct,"Águila perdicera, Cigüeña negra, Halcón peregrino"
aerogenerador,1133895153,https://www.openstreetmap.org/node/1133895153,36.1307403,-5.7924164,colision_aerogenerador,eolico,,2 MW,,,37.96513927460205,21.23642179788066,oct,"Águila perdicera, Cigüeña negra, Halcón peregrino"
aerogenerador,1133895222,https://www.openstreetmap.org/node/1133895222,36.132341,-5.7922278,colision_aerogenerador,eolico,,2 MW,,,37.96513927460205,21.23642179788066,oct,"Águila perdicera, Cigüeña negra, Halcón peregrino"
linea,255525755,https://www.openstreetmap.org/way/255525755,36.25135197619047,-5.885750366666667,colision_linea,distribucion,66000.0,Línea de alta tensión Lomas - Vejer de la Frontera,,,37.912053903532005,23.20124408394335,feb,"Grulla común, Águila perdicera, Águila imperial ibérica"
aerogenerador,1133869065,https://www.openstreetmap.org/node/1133869065,36.177977,-5.7826121,colision_aerogenerador,eolico,,800 kW,,,37.88081993479567,23.705935825617264,jul,"Culebrera europea, Alimoche, Cigüeña blanca"
aerogenerador,1133869237,https://www.openstreetmap.org/node/1133869237,36.1770915,-5.7828412,colision_aerogenerador,eolico,,800 kW,,,37.88081993479567,23.705935825617264,jul,"Culebrera europea, Alimoche, Cigüeña blanca"
aerogenerador,1133869308,https://www.openstreetmap.org/node/1133869308,36.1788646,-5.7824386,colision_aerogenerador,eolico,,800 kW,,,37.88081993479567,23.705935825617264,jul,"Culebrera europea, Alimoche, Cigüeña blanca"
aerogenerador,1133869143,https://www.openstreetmap.org/node/1133869143,36.1797634,-5.7823954,colision_aerogenerador,eolico,,800 kW,,,37.88081993479567,23.705935825617264,jul,"Culebrera europea, Alimoche, Cigüeña blanca"
aerogenerador,1133895045,https://www.openstreetmap.org/node/1133895045,36.133018,-5.8155286,colision_aerogenerador,eolico,,2 MW,,,37.745129284946344,19.49091970501746,nov,"Buitre negro, Águila perdicera, Grulla común"
aerogenerador,1133895690,https://www.openstreetmap.org/node/1133895690,36.1305586,-5.8170683,colision_aerogenerador,eolico,,2 MW,,,37.745129284946344,19.49091970501746,nov,"Buitre negro, Águila perdicera, Grulla común"
aerogenerador,1133895272,https://www.openstreetmap.org/node/1133895272,36.1346122,-5.8150729,colision_aerogenerador,eolico,,2 MW,,,37.745129284946344,19.49091970501746,nov,"Buitre negro, Águila perdicera, Grulla común"
aerogenerador,1133895557,https://www.openstreetmap.org/node/1133895557,36.131697,-5.8187667,colision_aerogenerador,eolico,,2 MW,,,37.745129284946344,19.49091970501746,nov,"Buitre negro, Águila perdicera, Grulla común"
apoyo,6418344268,https://www.openstreetmap.org/node/6418344268,36.0345452,-5.5696499,electrocucion,distribucion,20000.0,tower,,1.0,37.39973339343031,16.437433891867318,oct,"Cigüeña negra, Milano real, Águila perdicera"
linea,97199645,https://www.openstreetmap.org/way/97199645,36.24874,-5.446960557894737,colision_linea,distribucion,66000.0,line,,,37.3539607869163,26.78524576780813,may,"Águila calzada, Cigüeña blanca, Águila real"
apoyo,1126003808,https://www.openstreetmap.org/node/1126003808,36.2511762,-5.4778983,electrocucion,distribucion,66000.0,tower,,1.0,37.31854576239775,25.382552251164025,nov,"Buitre leonado, Buitre negro, Milano real"
linea,656964407,https://www.openstreetmap.org/way/656964407,36.258805100000004,-5.3458853,colision_linea,distribucion,66000.0,line,,,37.24908371314483,11.291316584188893,sep,"Abejero europeo, Alimoche, Águila calzada"
apoyo,6515532321,https://www.openstreetmap.org/node/6515532321,36.1540672,-5.6511958,electrocucion,distribucion,20000.0,tower,,1.0,36.97425823603621,13.997231365542786,sep,"Águila calzada, Alimoche, Águila real"
apoyo,6515532322,https://www.openstreetmap.org/node/6515532322,36.1539795,-5.6514895,electrocucion,distribucion,20000.0,tower,,1.0,36.97425823603621,13.997231365542786,sep,"Águila calzada, Alimoche, Águila real"
apoyo,6515532323,https://www.openstreetmap.org/node/6515532323,36.1535366,-5.6529942,electrocucion,distribucion,20000.0,tower,,1.0,36.97425823603621,13.997231365542786,sep,"Águila calzada, Alimoche, Águila real"
aerogenerador,1133895251,https://www.openstreetmap.org/node/1133895251,36.1478838,-5.814387,colision_aerogenerador,eolico,,2 MW,,,36.892490157323635,17.75002397469995,nov,"Buitre negro, Águila perdicera, Halcón peregrino"
aerogenerador,1133894690,https://www.openstreetmap.org/node/1133894690,36.1461808,-5.8145175,colision_aerogenerador,eolico,,2 MW,,,36.892490157323635,17.75002397469995,nov,"Buitre negro, Águila perdicera, Halcón peregrino"
aerogenerador,1133895536,https://www.openstreetmap.org/node/1133895536,36.1493166,-5.8129333,colision_aerogenerador,eolico,,2 MW,,,36.892490157323635,17.75002397469995,nov,"Buitre negro, Águila perdicera, Halcón peregrino"
apoyo,6418344285,https://www.openstreetmap.org/node/6418344285,36.0303557,-5.5754516,electrocucion,distribucion,20000.0,tower,,1.0,36.834172192989776,15.940068071815091,oct,"Cigüeña negra, Milano real, Águila perdicera"
aerogenerador,9553705680,https://www.openstreetmap.org/node/9553705680,36.0605809,-5.5600315,colision_aerogenerador,eolico,,3 MW,,,36.80068368992278,16.602493058925713,nov,"Buitre negro, Águila perdicera, Halcón peregrino"
aerogenerador,1133878009,https://www.openstreetmap.org/node/1133878009,36.2021231,-5.7698866,colision_aerogenerador,eolico,,800 kW,,,36.76806097821467,27.900533502740867,oct,"Águila imperial ibérica, Cigüeña blanca, Grulla común"
aerogenerador,1133878266,https://www.openstreetmap.org/node/1133878266,36.2039122,-5.7698658,colision_aerogenerador,eolico,,800 kW,,,36.76806097821467,27.900533502740867,oct,"Águila imperial ibérica, Cigüeña blanca, Grulla común"
aerogenerador,1133878295,https://www.openstreetmap.org/node/1133878295,36.2047787,-5.7695786,colision_aerogenerador,eolico,,800 kW,,,36.76806097821467,27.900533502740867,oct,"Águila imperial ibérica, Cigüeña blanca, Grulla común"
aerogenerador,1133878179,https://www.openstreetmap.org/node/1133878179,36.2030202,-5.7699453,colision_aerogenerador,eolico,,800 kW,,,36.76806097821467,27.900533502740867,oct,"Águila imperial ibérica, Cigüeña blanca, Grulla común"
apoyo,6646203193,https://www.openstreetmap.org/node/6646203193,36.2479343,-5.8729407,electrocucion,distribucion,66000.0,tower,,1.0,36.431130102602765,20.747028369608525,feb,"Águila real, Grulla común, Cigüeña negra"
apoyo,11732328140,https://www.openstreetmap.org/node/11732328140,36.2104765,-5.4518527,electrocucion,distribucion,66000.0,tower,,1.0,36.42171505465262,25.263823478958304,mar,"Cigüeña blanca, Culebrera europea, Milano negro"
apoyo,1125985487,https://www.openstreetmap.org/node/1125985487,36.2138885,-5.4540611,electrocucion,distribucion,66000.0,tower,,1.0,36.42171505465262,25.263823478958304,mar,"Cigüeña blanca, Culebrera europea, Milano negro"
apoyo,11732328124,https://www.openstreetmap.org/node/11732328124,36.2121039,-5.4503077,electrocucion,distribucion,15000.0,pole,,1.0,36.42171505465262,25.263823478958304,mar,"Cigüeña blanca, Culebrera europea, Milano negro"
apoyo,11732328143,https://www.openstreetmap.org/node/11732328143,36.2146316,-5.4513297,electrocucion,distribucion,66000.0,tower,,1.0,36.42171505465262,25.263823478958304,mar,"Cigüeña blanca, Culebrera europea, Milano negro"
apoyo,11732328141,https://www.openstreetmap.org/node/11732328141,36.211459,-5.4516488,electrocucion,distribucion,66000.0,tower,,1.0,36.42171505465262,25.263823478958304,mar,"Cigüeña blanca, Culebrera europea, Milano negro"
apoyo,11732328144,https://www.openstreetmap.org/node/11732328144,36.2147008,-5.4520673,electrocucion,distribucion,66000.0,tower,,1.0,36.42171505465262,25.263823478958304,mar,"Cigüeña blanca, Culebrera europea, Milano negro"
apoyo,11732328142,https://www.openstreetmap.org/node/11732328142,36.2137703,-5.4511929,electrocucion,distribucion,66000.0,tower,,1.0,36.42171505465262,25.263823478958304,mar,"Cigüeña blanca, Culebrera europea, Milano negro"
apoyo,11732328125,https://www.openstreetmap.org/node/11732328125,36.2135496,-5.450297,electrocucion,distribucion,15000.0,pole,,1.0,36.42171505465262,25.263823478958304,mar,"Cigüeña blanca, Culebrera europea, Milano negro"
linea,694067402,https://www.openstreetmap.org/way/694067402,36.08272042857143,-5.740046457142857,colision_linea,distribucion,20000.0,minor_line,,,36.31619473121658,19.71517489282263,ago,"Cigüeña blanca, Alimoche, Milano negro"
apoyo,2613334219,https://www.openstreetmap.org/node/2613334219,36.0815093,-5.6443229,electrocucion,distribucion,66000.0,tower,,1.0,36.30728358215688,17.002479089866377,sep,"Cigüeña negra, Milano negro, Águila calzada"
apoyo,2613334218,https://www.openstreetmap.org/node/2613334218,36.0809233,-5.6430606,electrocucion,distribucion,66000.0,tower,,1.0,36.30728358215688,17.002479089866377,sep,"Cigüeña negra, Milano negro, Águila calzada"
apoyo,2613334217,https://www.openstreetmap.org/node/2613334217,36.0800651,-5.641215,electrocucion,distribucion,66000.0,tower,,1.0,36.30728358215688,17.002479089866377,sep,"Cigüeña negra, Milano negro, Águila calzada"
linea,694067401,https://www.openstreetmap.org/way/694067401,36.08138015,-5.74109945,colision_linea,distribucion,20000.0,minor_line,,,36.305463548118816,20.107146643418712,ago,"Cigüeña blanca, Alimoche, Milano negro"
aerogenerador,1133862374,https://www.openstreetmap.org/node/1133862374,36.1439176,-5.7883459,colision_aerogenerador,eolico,,300 kW,,,36.29442021996396,22.267859622073292,nov,"Buitre negro, Grulla común, Águila perdicera"
aerogenerador,1133861849,https://www.openstreetmap.org/node/1133861849,36.142337,-5.7886241,colision_aerogenerador,eolico,,300 kW,,,36.29442021996396,22.267859622073292,nov,"Buitre negro, Grulla común, Águila perdicera"
aerogenerador,1133862015,https://www.openstreetmap.org/node/1133862015,36.1433189,-5.7885491,colision_aerogenerador,eolico,,300 kW,,,36.29442021996396,22.267859622073292,nov,"Buitre negro, Grulla común, Águila perdicera"
aerogenerador,1133861794,https://www.openstreetmap.org/node/1133861794,36.141795,-5.7884816,colision_aerogenerador,eolico,,300 kW,,,36.29442021996396,22.267859622073292,nov,"Buitre negro, Grulla común, Águila perdicera"
apoyo,2245272104,https://www.openstreetmap.org/node/2245272104,36.1636881,-5.7987609,electrocucion,distribucion,66000.0,tower,,1.0,36.27338166807361,24.825981448876444,feb,"Águila real, Águila perdicera, Búho real"
apoyo,1133912063,https://www.openstreetmap.org/node/1133912063,36.1635085,-5.7987095,electrocucion,distribucion,66000.0,tower,,1.0,36.27338166807361,24.825981448876444,feb,"Águila real, Águila perdicera, Búho real"
apoyo,4038091703,https://www.openstreetmap.org/node/4038091703,36.1467784,-5.4762048,electrocucion,distribucion,66000.0,tower,,1.0,36.13388050461971,22.091243908355736,oct,"Águila calzada, Cigüeña negra, Águila real"
apoyo,4038091704,https://www.openstreetmap.org/node/4038091704,36.1488042,-5.4754972,electrocucion,distribucion,66000.0,tower,,1.0,36.13388050461971,22.091243908355736,oct,"Águila calzada, Cigüeña negra, Águila real"
apoyo,9702213621,https://www.openstreetmap.org/node/9702213621,36.0546135,-5.6525382,electrocucion,distribucion,20000.0,tower,,1.0,36.09412731232557,14.905523094015374,ago,"Milano negro, Cigüeña blanca, Águila calzada"
apoyo,9702213620,https://www.openstreetmap.org/node/9702213620,36.0548672,-5.6540014,electrocucion,distribucion,20000.0,tower,,1.0,36.09412731232557,14.905523094015374,ago,"Milano negro, Cigüeña blanca, Águila calzada"
apoyo,6434176090,https://www.openstreetmap.org/node/6434176090,36.0542937,-5.6504796,electrocucion,distribucion,20000.0,tower,,1.0,36.09412731232557,14.905523094015374,ago,"Milano negro, Cigüeña blanca, Águila calzada"
apoyo,6434176089,https://www.openstreetmap.org/node/6434176089,36.0541028,-5.6492646,electrocucion,distribucion,20000.0,tower,,1.0,35.86760940565798,15.17310124659064,ago,"Milano negro, Cigüeña blanca, Culebrera europea"
apoyo,6434176087,https://www.openstreetmap.org/node/6434176087,36.0535185,-5.6453767,electrocucion,distribucion,20000.0,tower,,1.0,35.86760940565798,15.17310124659064,ago,"Milano negro, Cigüeña blanca, Culebrera europea"
apoyo,6434176088,https://www.openstreetmap.org/node/6434176088,36.0538383,-5.6473025,electrocucion,distribucion,20000.0,tower,,1.0,35.86760940565798,15.17310124659064,ago,"Milano negro, Cigüeña blanca, Culebrera europea"
linea,96927344,https://www.openstreetmap.org/way/96927344,36.209657044000004,-5.455757008000001,colision_linea,distribucion,66000.0,Línea de alta tensión Fresno - Pinar del Rey y Getares - Mercancías,,,35.74792873189693,27.722220837068235,abr,"Cigüeña blanca, Águila calzada, Milano negro"
apoyo,6394097652,https://www.openstreetmap.org/node/6394097652,36.0849245,-5.4783142,electrocucion,distribucion,66000.0,tower,,1.0,35.733917599404165,11.477848669002823,oct,"Cigüeña negra, Halcón peregrino, Águila perdicera"
linea,659148782,https://www.openstreetmap.org/way/659148782,36.22521845,-5.43629705,colision_linea,distribucion,15000.0,minor_line,,,35.71785120887857,21.663819040366672,may,"Cigüeña blanca, Águila calzada, Milano negro"
apoyo,6450601885,https://www.openstreetmap.org/node/6450601885,36.0682421,-5.6834628,electrocucion,distribucion,20000.0,tower,,1.0,35.6660272889745,13.997239524078255,sep,"Cigüeña negra, Abejero europeo, Águila calzada"
apoyo,6450601284,https://www.openstreetmap.org/node/6450601284,36.0689684,-5.6820399,electrocucion,distribucion,20000.0,tower,,1.0,35.6660272889745,13.997239524078255,sep,"Cigüeña negra, Abejero europeo, Águila calzada"
apoyo,6450601886,https://www.openstreetmap.org/node/6450601886,36.0691397,-5.6846161,electrocucion,distribucion,20000.0,tower,,1.0,35.6660272889745,13.997239524078255,sep,"Cigüeña negra, Abejero europeo, Águila calzada"
linea,688102629,https://www.openstreetmap.org/way/688102629,36.06921425,-5.7219739333333335,colision_linea,distribucion,20000.0,minor_line,,,35.652420909102766,17.52551999638948,ago,"Cigüeña blanca, Halcón peregrino, Milano negro"
linea,1262727171,https://www.openstreetmap.org/way/1262727171,36.19877539473684,-5.45772207368421,colision_linea,distribucion,66000.0,Línea de alta tensión Cañuelo - Isla Verde 1 y Cañuelo - Isla Verde 2,,,35.62762177068559,28.01464665327683,sep,"Cigüeña blanca, Águila calzada, Abejero europeo"
apoyo,6457699342,https://www.openstreetmap.org/node/6457699342,36.0840133,-5.7954289,electrocucion,distribucion,20000.0,pole,,1.0,35.59538476842673,17.988256701430714,sep,"Halcón peregrino, Águila calzada, Buitre leonado"
apoyo,6457699341,https://www.openstreetmap.org/node/6457699341,36.0830476,-5.7955657,electrocucion,distribucion,20000.0,pole,,1.0,35.59538476842673,17.988256701430714,sep,"Halcón peregrino, Águila calzada, Buitre leonado"
apoyo,6457699873,https://www.openstreetmap.org/node/6457699873,36.0878185,-5.7678129,electrocucion,distribucion,20000.0,tower,,1.0,35.52448199928458,19.39850910635972,sep,"Buitre leonado, Culebrera europea, Alimoche"
apoyo,6457699874,https://www.openstreetmap.org/node/6457699874,36.0891157,-5.7684311,electrocucion,distribucion,20000.0,tower,,1.0,35.52448199928458,19.39850910635972,sep,"Buitre leonado, Culebrera europea, Alimoche"
apoyo,6345477036,https://www.openstreetmap.org/node/6345477036,36.2218902,-5.4356423,electrocucion,distribucion,15000.0,pole,,1.0,35.48716661338329,22.494998459069155,may,"Cigüeña blanca, Águila calzada, Milano negro"
apoyo,6171370200,https://www.openstreetmap.org/node/6171370200,36.2243583,-5.4363777,electrocucion,distribucion,15000.0,tower,,1.0,35.48716661338329,22.494998459069155,may,"Cigüeña blanca, Águila calzada, Milano negro"
apoyo,6345477035,https://www.openstreetmap.org/node/6345477035,36.2201971,-5.4353025,electrocucion,distribucion,15000.0,pole,,1.0,35.48716661338329,22.494998459069155,may,"Cigüeña blanca, Águila calzada, Milano negro"
apoyo,6171369248,https://www.openstreetmap.org/node/6171369248,36.220154,-5.4385784,electrocucion,distribucion,15000.0,tower,,1.0,35.48716661338329,22.494998459069155,may,"Cigüeña blanca, Águila calzada, Milano negro"
apoyo,6171369250,https://www.openstreetmap.org/node/6171369250,36.2205359,-5.4363012,electrocucion,distribucion,15000.0,tower,,1.0,35.48716661338329,22.494998459069155,may,"Cigüeña blanca, Águila calzada, Milano negro"
apoyo,6171369249,https://www.openstreetmap.org/node/6171369249,36.2203585,-5.4373781,electrocucion,distribucion,15000.0,tower,,1.0,35.48716661338329,22.494998459069155,may,"Cigüeña blanca, Águila calzada, Milano negro"
apoyo,6171369252,https://www.openstreetmap.org/node/6171369252,36.2206798,-5.4353893,electrocucion,distribucion,15000.0,tower,,1.0,35.48716661338329,22.494998459069155,may,"Cigüeña blanca, Águila calzada, Milano negro"
apoyo,6171370198,https://www.openstreetmap.org/node/6171370198,36.2240629,-5.4354295,electrocucion,distribucion,15000.0,tower,,1.0,35.48716661338329,22.494998459069155,may,"Cigüeña blanca, Águila calzada, Milano negro"
apoyo,6451372969,https://www.openstreetmap.org/node/6451372969,36.0657141,-5.7044242,electrocucion,distribucion,20000.0,pole,,1.0,35.485885902725435,16.199403438643305,sep,"Cigüeña negra, Águila calzada, Abejero europeo"
apoyo,6451372970,https://www.openstreetmap.org/node/6451372970,36.0683104,-5.7018252,electrocucion,distribucion,20000.0,pole,,1.0,35.485885902725435,16.199403438643305,sep,"Cigüeña negra, Águila calzada, Abejero europeo"
apoyo,6451372960,https://www.openstreetmap.org/node/6451372960,36.0668132,-5.703324,electrocucion,distribucion,20000.0,pole,,1.0,35.485885902725435,16.199403438643305,sep,"Cigüeña negra, Águila calzada, Abejero europeo"
apoyo,6451372971,https://www.openstreetmap.org/node/6451372971,36.0691473,-5.7003996,electrocucion,distribucion,20000.0,pole,,1.0,35.485885902725435,16.199403438643305,sep,"Cigüeña negra, Águila calzada, Abejero europeo"
aerogenerador,1135674196,https://www.openstreetmap.org/node/1135674196,36.1559714,-5.7202408,colision_aerogenerador,eolico,,1.6 MW,,,35.35999173641184,21.727518914863413,jul,"Culebrera europea, Cigüeña blanca, Alimoche"
aerogenerador,1135674066,https://www.openstreetmap.org/node/1135674066,36.1574094,-5.7202882,colision_aerogenerador,eolico,,1.6 MW,,,35.35999173641184,21.727518914863413,jul,"Culebrera europea, Cigüeña blanca, Alimoche"
aerogenerador,1135674277,https://www.openstreetmap.org/node/1135674277,36.158852,-5.7203377,colision_aerogenerador,eolico,,1.6 MW,,,35.35999173641184,21.727518914863413,jul,"Culebrera europea, Cigüeña blanca, Alimoche"
apoyo,9559243955,https://www.openstreetmap.org/node/9559243955,36.0566223,-5.5971156,electrocucion,distribucion,66000.0,tower,,1.0,35.2044540491458,21.456341746609386,ago,"Milano negro, Cigüeña blanca, Alimoche"
apoyo,9559243954,https://www.openstreetmap.org/node/9559243954,36.0583151,-5.5962927,electrocucion,distribucion,66000.0,tower,,1.0,35.2044540491458,21.456341746609386,ago,"Milano negro, Cigüeña blanca, Alimoche"
apoyo,6239877395,https://www.openstreetmap.org/node/6239877395,36.1891615,-5.4651605,electrocucion,distribucion,66000.0,tower,,1.0,35.168456061740486,24.49635901580689,sep,"Cigüeña blanca, Águila calzada, Abejero europeo"
apoyo,11732328130,https://www.openstreetmap.org/node/11732328130,36.1874553,-5.4652691,electrocucion,distribucion,66000.0,tower,,1.0,35.168456061740486,24.49635901580689,sep,"Cigüeña blanca, Águila calzada, Abejero europeo"
apoyo,4038091723,https://www.openstreetmap.org/node/4038091723,36.1877195,-5.4695122,electrocucion,distribucion,66000.0,tower,,1.0,35.168456061740486,24.49635901580689,sep,"Cigüeña blanca, Águila calzada, Abejero europeo"
apoyo,12229350723,https://www.openstreetmap.org/node/12229350723,36.187791,-5.4657732,electrocucion,distribucion,66000.0,tower,,1.0,35.168456061740486,24.49635901580689,sep,"Cigüeña blanca, Águila calzada, Abejero europeo"
apoyo,12229350724,https://www.openstreetmap.org/node/12229350724,36.186045,-5.4668708,electrocucion,distribucion,66000.0,tower,,1.0,35.168456061740486,24.49635901580689,sep,"Cigüeña blanca, Águila calzada, Abejero europeo"
apoyo,4038091725,https://www.openstreetmap.org/node/4038091725,36.189924,-5.4689443,electrocucion,distribucion,66000.0,tower,,1.0,35.168456061740486,24.49635901580689,sep,"Cigüeña blanca, Águila calzada, Abejero europeo"
apoyo,6313128938,https://www.openstreetmap.org/node/6313128938,36.1373279,-5.4627585,electrocucion,distribucion,66000.0,tower,,1.0,35.11175247216326,15.74905375168119,mar,"Halcón peregrino, Milano negro, Culebrera europea"
linea,338472952,https://www.openstreetmap.org/way/338472952,36.25986216,-5.94917488,colision_linea,distribucion,20000.0,minor_line,,,34.995203294453646,16.089237684327664,abr,"Águila real, Búho real, Cigüeña blanca"
apoyo,4038091749,https://www.openstreetmap.org/node/4038091749,36.2125371,-5.4264429,electrocucion,distribucion,66000.0,tower,,1.3,34.81038227323915,22.15698718404236,may,"Cigüeña blanca, Águila calzada, Águila real"
apoyo,9605244630,https://www.openstreetmap.org/node/9605244630,36.212341,-5.4274262,electrocucion,distribucion,66000.0,tower,,1.3,34.81038227323915,22.15698718404236,may,"Cigüeña blanca, Águila calzada, Águila real"
apoyo,6171369284,https://www.openstreetmap.org/node/6171369284,36.2130508,-5.4277262,electrocucion,distribucion,15000.0,tower,,1.3,34.81038227323915,22.15698718404236,may,"Cigüeña blanca, Águila calzada, Águila real"
linea,666476510,https://www.openstreetmap.org/way/666476510,36.20190905,-5.444408775,colision_linea,transporte,220000.0,Línea de alta tensión Cañuelo - Los Barrios 1,Red Eléctrica de España,,34.732859153082785,25.630905982327903,mar,"Cigüeña blanca, Culebrera europea, Milano negro"
linea,686449387,https://www.openstreetmap.org/way/686449387,36.04528491176471,-5.631606538235294,colision_linea,distribucion,20000.0,minor_line,,,34.70797285893344,14.472740032852919,sep,"Milano negro, Cigüeña negra, Alimoche"
aerogenerador,1133862314,https://www.openstreetmap.org/node/1133862314,36.1517949,-5.7848192,colision_aerogenerador,eolico,,300 kW,,,34.64241433543855,24.26410545006459,feb,"Águila real, Búho real, Águila perdicera"
aerogenerador,1133862296,https://www.openstreetmap.org/node/1133862296,36.1501384,-5.7837034,colision_aerogenerador,eolico,,300 kW,,,34.64241433543855,24.26410545006459,feb,"Águila real, Búho real, Águila perdicera"
aerogenerador,1133862225,https://www.openstreetmap.org/node/1133862225,36.1511957,-5.7844293,colision_aerogenerador,eolico,,300 kW,,,34.64241433543855,24.26410545006459,feb,"Águila real, Búho real, Águila perdicera"
aerogenerador,1133862020,https://www.openstreetmap.org/node/1133862020,36.1505846,-5.7840398,colision_aerogenerador,eolico,,300 kW,,,34.64241433543855,24.26410545006459,feb,"Águila real, Búho real, Águila perdicera"
apoyo,6712759361,https://www.openstreetmap.org/node/6712759361,36.3318298,-5.7839906,electrocucion,distribucion,,pole,,1.1,34.46573683509885,20.362139663450414,nov,"Milano real, Águila real, Águila imperial ibérica"
apoyo,6712759362,https://www.openstreetmap.org/node/6712759362,36.3314063,-5.7849616,electrocucion,distribucion,,pole,,1.1,34.46573683509885,20.362139663450414,nov,"Milano real, Águila real, Águila imperial ibérica"
aerogenerador,1135674191,https://www.openstreetmap.org/node/1135674191,36.1645438,-5.7165023,colision_aerogenerador,eolico,,1.6 MW,,,34.40060428627163,20.68877183011451,jul,"Culebrera europea, Cigüeña blanca, Alimoche"
aerogenerador,1135674093,https://www.openstreetmap.org/node/1135674093,36.1616609,-5.7164053,colision_aerogenerador,eolico,,1.6 MW,,,34.40060428627163,20.68877183011451,jul,"Culebrera europea, Cigüeña blanca, Alimoche"
aerogenerador,1135673926,https://www.openstreetmap.org/node/1135673926,36.1631015,-5.7164508,colision_aerogenerador,eolico,,1.6 MW,,,34.40060428627163,20.68877183011451,jul,"Culebrera europea, Cigüeña blanca, Alimoche"
apoyo,6450601887,https://www.openstreetmap.org/node/6450601887,36.0709294,-5.6869215,electrocucion,distribucion,20000.0,tower,,1.0,34.310746489480806,13.833729082055088,sep,"Cigüeña negra, Abejero europeo, Águila calzada"
apoyo,6450601889,https://www.openstreetmap.org/node/6450601889,36.0722204,-5.6896278,electrocucion,distribucion,20000.0,tower,,1.0,34.310746489480806,13.833729082055088,sep,"Cigüeña negra, Abejero europeo, Águila calzada"
apoyo,6450601888,https://www.openstreetmap.org/node/6450601888,36.0717847,-5.6880225,electrocucion,distribucion,20000.0,tower,,1.0,34.310746489480806,13.833729082055088,sep,"Cigüeña negra, Abejero europeo, Águila calzada"
linea,1316349670,https://www.openstreetmap.org/way/1316349670,36.38827026086956,-5.32128882173913,colision_linea,distribucion,66000.0,line,,,34.267115527414354,17.00800596287514,oct,"Halcón peregrino, Águila real, Cigüeña negra"
apoyo,6515532340,https://www.openstreetmap.org/node/6515532340,36.1530688,-5.6812969,electrocucion,distribucion,20000.0,tower,,1.0,34.10247575130792,19.588838587233624,mar,"Alimoche, Búho real, Cigüeña negra"
apoyo,6515532342,https://www.openstreetmap.org/node/6515532342,36.153032,-5.6844297,electrocucion,distribucion,20000.0,tower,,1.0,34.10247575130792,19.588838587233624,mar,"Alimoche, Búho real, Cigüeña negra"
apoyo,6515532341,https://www.openstreetmap.org/node/6515532341,36.1530472,-5.6829035,electrocucion,distribucion,20000.0,tower,,1.0,34.10247575130792,19.588838587233624,mar,"Alimoche, Búho real, Cigüeña negra"
linea,693970276,https://www.openstreetmap.org/way/693970276,36.152704269444456,-5.675820869444445,colision_linea,distribucion,20000.0,minor_line,,,33.825887573268396,17.959441536386542,mar,"Búho real, Cigüeña negra, Alimoche"
apoyo,3455539928,https://www.openstreetmap.org/node/3455539928,36.2615199,-5.9481443,electrocucion,distribucion,20000.0,tower,,1.0,33.78926404857779,14.70643502466388,abr,"Águila real, Búho real, Cigüeña blanca"
apoyo,4043658874,https://www.openstreetmap.org/node/4043658874,36.2633839,-5.9496021,electrocucion,distribucion,20000.0,tower,,1.0,33.78926404857779,14.70643502466388,abr,"Águila real, Búho real, Cigüeña blanca"
apoyo,3455539929,https://www.openstreetmap.org/node/3455539929,36.2615429,-5.9485811,electrocucion,distribucion,20000.0,tower,,1.0,33.78926404857779,14.70643502466388,abr,"Águila real, Búho real, Cigüeña blanca"
apoyo,3455539919,https://www.openstreetmap.org/node/3455539919,36.2605965,-5.9488788,electrocucion,distribucion,20000.0,tower,,1.0,33.78926404857779,14.70643502466388,abr,"Águila real, Búho real, Cigüeña blanca"
apoyo,6616065558,https://www.openstreetmap.org/node/6616065558,36.2600316,-5.9490346,electrocucion,distribucion,20000.0,tower,,1.0,33.78926404857779,14.70643502466388,abr,"Águila real, Búho real, Cigüeña blanca"
apoyo,3455539938,https://www.openstreetmap.org/node/3455539938,36.263583,-5.9481633,electrocucion,desconocida,,tower,,1.0,33.78926404857779,14.70643502466388,abr,"Águila real, Búho real, Cigüeña blanca"
apoyo,1135616912,https://www.openstreetmap.org/node/1135616912,36.1675723,-5.7725564,electrocucion,distribucion,66000.0,tower,,1.0,33.666037359980216,22.794973271287223,feb,"Águila real, Grulla común, Halcón peregrino"
apoyo,1135616764,https://www.openstreetmap.org/node/1135616764,36.1694557,-5.7700556,electrocucion,distribucion,66000.0,tower,,1.0,33.666037359980216,22.794973271287223,feb,"Águila real, Grulla común, Halcón peregrino"
apoyo,12229331470,https://www.openstreetmap.org/node/12229331470,36.1408563,-5.4770054,electrocucion,distribucion,66000.0,tower,,1.0,33.591867850397335,20.3355100766555,mar,"Milano negro, Culebrera europea, Águila calzada"
apoyo,12229331469,https://www.openstreetmap.org/node/12229331469,36.1421527,-5.478177,electrocucion,distribucion,66000.0,tower,,1.0,33.591867850397335,20.3355100766555,mar,"Milano negro, Culebrera europea, Águila calzada"
apoyo,6321208012,https://www.openstreetmap.org/node/6321208012,36.1441823,-5.4755071,electrocucion,desconocida,,tower,,1.0,33.591867850397335,20.3355100766555,mar,"Milano negro, Culebrera europea, Águila calzada"
apoyo,6515532324,https://www.openstreetmap.org/node/6515532324,36.1534716,-5.6565991,electrocucion,distribucion,20000.0,tower,,1.0,33.534265774236175,14.425858427773372,sep,"Águila calzada, Alimoche, Culebrera europea"
apoyo,6515532326,https://www.openstreetmap.org/node/6515532326,36.15345,-5.659048,electrocucion,distribucion,20000.0,tower,,1.0,33.534265774236175,14.425858427773372,sep,"Águila calzada, Alimoche, Culebrera europea"
apoyo,6515532325,https://www.openstreetmap.org/node/6515532325,36.1534781,-5.6580341,electrocucion,distribucion,20000.0,tower,,1.0,33.534265774236175,14.425858427773372,sep,"Águila calzada, Alimoche, Culebrera europea"
apoyo,2640941117,https://www.openstreetmap.org/node/2640941117,36.0754687,-5.5060399,electrocucion,distribucion,20000.0,tower,,1.0,33.4829080362268,18.706229246896818,oct,"Águila real, Milano real, Culebrera europea"
apoyo,6394097632,https://www.openstreetmap.org/node/6394097632,36.0755572,-5.5052513,electrocucion,distribucion,66000.0,tower,,1.0,33.4829080362268,18.706229246896818,oct,"Águila real, Milano real, Culebrera europea"
apoyo,1126003990,https://www.openstreetmap.org/node/1126003990,36.2494037,-5.4688133,electrocucion,distribucion,66000.0,tower,,1.0,33.288652426210845,22.478062294128932,nov,"Buitre leonado, Buitre negro, Milano real"
aerogenerador,1135610667,https://www.openstreetmap.org/node/1135610667,36.1737046,-5.7357498,colision_aerogenerador,eolico,,1.6 MW,,,33.10979366179374,22.996136311051412,ago,"Culebrera europea, Cigüeña blanca, Águila calzada"
aerogenerador,1135610541,https://www.openstreetmap.org/node/1135610541,36.1724426,-5.735707,colision_aerogenerador,eolico,,1.6 MW,,,33.10979366179374,22.996136311051412,ago,"Culebrera europea, Cigüeña blanca, Águila calzada"
aerogenerador,1135610274,https://www.openstreetmap.org/node/1135610274,36.1711801,-5.7356633,colision_aerogenerador,eolico,,1.6 MW,,,33.10979366179374,22.996136311051412,ago,"Culebrera europea, Cigüeña blanca, Águila calzada"
aerogenerador,1135687562,https://www.openstreetmap.org/node/1135687562,36.1641703,-5.6618295,colision_aerogenerador,eolico,,1.8 MW,,,33.10879795058849,16.88343599152312,mar,"Búho real, Alimoche, Águila real"
aerogenerador,1135687325,https://www.openstreetmap.org/node/1135687325,36.1601801,-5.6640737,colision_aerogenerador,eolico,,1.8 MW,,,33.10879795058849,16.88343599152312,mar,"Búho real, Alimoche, Águila real"
aerogenerador,1135687427,https://www.openstreetmap.org/node/1135687427,36.1622812,-5.6632219,colision_aerogenerador,eolico,,1.8 MW,,,33.10879795058849,16.88343599152312,mar,"Búho real, Alimoche, Águila real"
aerogenerador,1133895484,https://www.openstreetmap.org/node/1133895484,36.1325792,-5.8070429,colision_aerogenerador,eolico,,2 MW,,,32.99810576291827,17.95173633627568,nov,"Buitre negro, Águila perdicera, Grulla común"
aerogenerador,1133895419,https://www.openstreetmap.org/node/1133895419,36.1343481,-5.8072094,colision_aerogenerador,eolico,,2 MW,,,32.99810576291827,17.95173633627568,nov,"Buitre negro, Águila perdicera, Grulla común"
aerogenerador,1133894794,https://www.openstreetmap.org/node/1133894794,36.1307878,-5.8070061,colision_aerogenerador,eolico,,2 MW,,,32.99810576291827,17.95173633627568,nov,"Buitre negro, Águila perdicera, Grulla común"
linea,677694060,https://www.openstreetmap.org/way/677694060,36.23804860454545,-5.43653630909091,colision_linea,distribucion,15000.0,minor_line,,,32.741230271180555,19.01780040737035,may,"Cigüeña blanca, Águila calzada, Milano negro"
apoyo,6190163500,https://www.openstreetmap.org/node/6190163500,36.1946658,-5.3977498,electrocucion,distribucion,66000.0,tower,,1.3,32.73060424138857,16.790853963595225,mar,"Cigüeña blanca, Halcón peregrino, Águila calzada"
apoyo,6190163501,https://www.openstreetmap.org/node/6190163501,36.193287,-5.3966045,electrocucion,distribucion,66000.0,tower,,1.3,32.73060424138857,16.790853963595225,mar,"Cigüeña blanca, Halcón peregrino, Águila calzada"
apoyo,9559243958,https://www.openstreetmap.org/node/9559243958,36.0511209,-5.5997946,electrocucion,distribucion,66000.0,tower,,1.0,32.61447211915103,18.828899484552114,ago,"Milano negro, Cigüeña blanca, Alimoche"
apoyo,9559243956,https://www.openstreetmap.org/node/9559243956,36.0546139,-5.5980919,electrocucion,distribucion,66000.0,tower,,1.0,32.61447211915103,18.828899484552114,ago,"Milano negro, Cigüeña blanca, Alimoche"
apoyo,9559243957,https://www.openstreetmap.org/node/9559243957,36.0528194,-5.5989682,electrocucion,distribucion,66000.0,tower,,1.0,32.61447211915103,18.828899484552114,ago,"Milano negro, Cigüeña blanca, Alimoche"
apoyo,6418393505,https://www.openstreetmap.org/node/6418393505,36.0238827,-5.5952557,electrocucion,distribucion,20000.0,tower,,1.1,32.57227091151325,13.962068154189106,sep,"Milano negro, Cigüeña negra, Alimoche"
apoyo,1133912017,https://www.openstreetmap.org/node/1133912017,36.1234274,-5.817042,electrocucion,distribucion,66000.0,tower,,1.0,32.569469922653475,21.16970441022062,oct,"Águila real, Águila perdicera, Cigüeña negra"
apoyo,1133911997,https://www.openstreetmap.org/node/1133911997,36.1237165,-5.8173372,electrocucion,distribucion,66000.0,tower,,1.0,32.569469922653475,21.16970441022062,oct,"Águila real, Águila perdicera, Cigüeña negra"
apoyo,2318258332,https://www.openstreetmap.org/node/2318258332,36.3712775,-5.926183,electrocucion,distribucion,66000.0,tower,,1.0,32.55952638418055,15.56740361428104,nov,"Águila imperial ibérica, Águila real, Buitre negro"
apoyo,12229331465,https://www.openstreetmap.org/node/12229331465,36.1495868,-5.4796384,electrocucion,distribucion,66000.0,tower,,0.9,32.52049245415774,19.882119517520163,oct,"Águila calzada, Cigüeña negra, Águila real"
aerogenerador,1133895641,https://www.openstreetmap.org/node/1133895641,36.146646,-5.821825,colision_aerogenerador,eolico,,2 MW,,,32.51983283548206,14.588269379846743,nov,"Buitre negro, Águila perdicera, Halcón peregrino"
aerogenerador,1133895532,https://www.openstreetmap.org/node/1133895532,36.1484826,-5.8214101,colision_aerogenerador,eolico,,2 MW,,,32.51983283548206,14.588269379846743,nov,"Buitre negro, Águila perdicera, Halcón peregrino"
aerogenerador,1133894928,https://www.openstreetmap.org/node/1133894928,36.1452002,-5.8229209,colision_aerogenerador,eolico,,2 MW,,,32.51983283548206,14.588269379846743,nov,"Buitre negro, Águila perdicera, Halcón peregrino"
apoyo,6515532333,https://www.openstreetmap.org/node/6515532333,36.1532767,-5.6711823,electrocucion,distribucion,20000.0,tower,,1.0,32.440357320958476,16.977269700287696,mar,"Búho real, Alimoche, Cigüeña negra"
apoyo,6515532334,https://www.openstreetmap.org/node/6515532334,36.1532464,-5.6726521,electrocucion,distribucion,20000.0,tower,,1.0,32.440357320958476,16.977269700287696,mar,"Búho real, Alimoche, Cigüeña negra"
apoyo,6515532335,https://www.openstreetmap.org/node/6515532335,36.1532399,-5.6742883,electrocucion,distribucion,20000.0,tower,,1.0,32.440357320958476,16.977269700287696,mar,"Búho real, Alimoche, Cigüeña negra"
linea,688102627,https://www.openstreetmap.org/way/688102627,36.066912077777786,-5.704167611111111,colision_linea,distribucion,20000.0,minor_line,,,32.24644909090516,12.80756821268825,sep,"Cigüeña negra, Abejero europeo, Águila calzada"
linea,662109252,https://www.openstreetmap.org/way/662109252,36.193745750000005,-5.403813812499999,colision_linea,distribucion,66000.0,Línea de alta tensión Algeciras - Campamento San Roque Eastman,,,32.215489960693226,18.000530035102756,mar,"Cigüeña blanca, Halcón peregrino, Águila calzada"
apoyo,6153498440,https://www.openstreetmap.org/node/6153498440,36.258641,-5.3482094,electrocucion,distribucion,66000.0,tower,,1.0,32.072662100813105,11.054392067749113,sep,"Abejero europeo, Alimoche, Águila calzada"
apoyo,6153498436,https://www.openstreetmap.org/node/6153498436,36.2561547,-5.3487286,electrocucion,distribucion,66000.0,tower,,1.0,32.072662100813105,11.054392067749113,sep,"Abejero europeo, Alimoche, Águila calzada"
apoyo,6153498439,https://www.openstreetmap.org/node/6153498439,36.258681,-5.3486306,electrocucion,distribucion,66000.0,tower,,1.0,32.072662100813105,11.054392067749113,sep,"Abejero europeo, Alimoche, Águila calzada"
apoyo,4038091696,https://www.openstreetmap.org/node/4038091696,36.1387646,-5.4674559,electrocucion,distribucion,66000.0,tower,,1.0,31.991105471382852,15.39905368111742,mar,"Milano negro, Culebrera europea, Halcón peregrino"
apoyo,4038091692,https://www.openstreetmap.org/node/4038091692,36.1363816,-5.4693347,electrocucion,distribucion,66000.0,tower,,1.0,31.991105471382852,15.39905368111742,mar,"Milano negro, Culebrera europea, Halcón peregrino"
linea,662125132,https://www.openstreetmap.org/way/662125132,36.19205402857143,-5.405992828571429,colision_linea,distribucion,66000.0,line,,,31.947813411827344,18.808055678133073,mar,"Cigüeña blanca, Halcón peregrino, Águila calzada"
linea,1320320246,https://www.openstreetmap.org/way/1320320246,36.1225335,-5.824215199999999,colision_linea,distribucion,66000.0,line,,,31.778826626448925,20.911972505871628,oct,"Águila real, Cigüeña negra, Alimoche"
linea,699482219,https://www.openstreetmap.org/way/699482219,36.1224621,-5.824493633333333,colision_linea,distribucion,66000.0,line,,,31.778826626448925,20.911972505871628,oct,"Águila real, Cigüeña negra, Alimoche"
linea,699482218,https://www.openstreetmap.org/way/699482218,36.12250856666666,-5.8245396666666664,colision_linea,distribucion,66000.0,line,,,31.778826626448925,20.911972505871628,oct,"Águila real, Cigüeña negra, Alimoche"
linea,1320320247,https://www.openstreetmap.org/way/1320320247,36.122640700000005,-5.82429195,colision_linea,distribucion,66000.0,Línea de alta tensión Atlanterra - Tahivilla,,,31.778826626448925,20.911972505871628,oct,"Águila real, Cigüeña negra, Alimoche"
linea,1320320244,https://www.openstreetmap.org/way/1320320244,36.12255974,-5.82434096,colision_linea,distribucion,66000.0,line,,,31.778826626448925,20.911972505871628,oct,"Águila real, Cigüeña negra, Alimoche"
linea,1320320245,https://www.openstreetmap.org/way/1320320245,36.12251285000001,-5.82419465,colision_linea,distribucion,66000.0,line,,,31.778826626448925,20.911972505871628,oct,"Águila real, Cigüeña negra, Alimoche"
linea,1320320249,https://www.openstreetmap.org/way/1320320249,36.122458175,-5.8245336,colision_linea,distribucion,66000.0,line,,,31.778826626448925,20.911972505871628,oct,"Águila real, Cigüeña negra, Alimoche"
linea,1320320248,https://www.openstreetmap.org/way/1320320248,36.1226185,-5.82426985,colision_linea,distribucion,66000.0,Línea de alta tensión Atlanterra - Tahivilla,,,31.778826626448925,20.911972505871628,oct,"Águila real, Cigüeña negra, Alimoche"
apoyo,2613220432,https://www.openstreetmap.org/node/2613220432,36.0844135,-5.7561475,electrocucion,distribucion,20000.0,tower,,1.0,31.742269208403968,19.133130844419274,mar,"Cigüeña negra, Culebrera europea, Milano negro"
apoyo,2613220427,https://www.openstreetmap.org/node/2613220427,36.0840315,-5.7584446,electrocucion,distribucion,20000.0,tower,,1.0,31.742269208403968,19.133130844419274,mar,"Cigüeña negra, Culebrera europea, Milano negro"
aerogenerador,1133878089,https://www.openstreetmap.org/node/1133878089,36.2056434,-5.7691655,colision_aerogenerador,eolico,,800 kW,,,31.688357009047174,22.578406052606923,oct,"Cigüeña blanca, Águila imperial ibérica, Grulla común"
aerogenerador,1133878066,https://www.openstreetmap.org/node/1133878066,36.2075351,-5.7694821,colision_aerogenerador,eolico,,800 kW,,,31.688357009047174,22.578406052606923,oct,"Cigüeña blanca, Águila imperial ibérica, Grulla común"
aerogenerador,1133878273,https://www.openstreetmap.org/node/1133878273,36.2066039,-5.7686498,colision_aerogenerador,eolico,,800 kW,,,31.688357009047174,22.578406052606923,oct,"Cigüeña blanca, Águila imperial ibérica, Grulla común"
apoyo,2613334212,https://www.openstreetmap.org/node/2613334212,36.0770272,-5.6346759,electrocucion,distribucion,66000.0,tower,,1.0,31.59333046984001,14.319667456726753,sep,"Milano negro, Cigüeña negra, Águila calzada"
apoyo,2613334211,https://www.openstreetmap.org/node/2613334211,36.0763337,-5.6332145,electrocucion,distribucion,66000.0,tower,,1.0,31.59333046984001,14.319667456726753,sep,"Milano negro, Cigüeña negra, Águila calzada"
apoyo,2613334209,https://www.openstreetmap.org/node/2613334209,36.0754145,-5.631263,electrocucion,distribucion,66000.0,tower,,1.0,31.59333046984001,14.319667456726753,sep,"Milano negro, Cigüeña negra, Águila calzada"
apoyo,2318258344,https://www.openstreetmap.org/node/2318258344,36.3956265,-5.9190718,electrocucion,distribucion,66000.0,tower,,1.0,31.572032047239873,20.093634069297043,sep,"Águila imperial ibérica, Águila perdicera, Culebrera europea"
apoyo,2318258346,https://www.openstreetmap.org/node/2318258346,36.3993277,-5.9187479,electrocucion,distribucion,66000.0,tower,,1.0,31.572032047239873,20.093634069297043,sep,"Águila imperial ibérica, Águila perdicera, Culebrera europea"
linea,659148758,https://www.openstreetmap.org/way/659148758,36.2204532,-5.437040233333334,colision_linea,distribucion,15000.0,minor_line,,,31.55169059422308,19.029779352612028,may,"Cigüeña blanca, Águila calzada, Milano negro"
apoyo,6239877385,https://www.openstreetmap.org/node/6239877385,36.1624004,-5.4719905,electrocucion,distribucion,66000.0,tower,,1.0,31.5304062064086,18.411076213619037,oct,"Águila calzada, Cigüeña blanca, Halcón peregrino"
apoyo,6239877386,https://www.openstreetmap.org/node/6239877386,36.1647239,-5.4718432,electrocucion,distribucion,66000.0,tower,,1.0,31.5304062064086,18.411076213619037,oct,"Águila calzada, Cigüeña blanca, Halcón peregrino"
apoyo,6239877284,https://www.openstreetmap.org/node/6239877284,36.1608723,-5.4720873,electrocucion,distribucion,66000.0,tower,,1.0,31.5304062064086,18.411076213619037,oct,"Águila calzada, Cigüeña blanca, Halcón peregrino"
apoyo,6418344278,https://www.openstreetmap.org/node/6418344278,36.0253579,-5.5858143,electrocucion,distribucion,20000.0,tower,,1.0,31.492883676160556,14.036040628275904,sep,"Cigüeña negra, Milano negro, Alimoche"
apoyo,4038091923,https://www.openstreetmap.org/node/4038091923,36.2413083,-5.41072,electrocucion,distribucion,66000.0,tower,,1.0,31.463776416150175,16.71199206429979,may,"Águila calzada, Cigüeña blanca, Águila real"
apoyo,4038091928,https://www.openstreetmap.org/node/4038091928,36.2435062,-5.4118489,electrocucion,distribucion,66000.0,tower,,1.0,31.463776416150175,16.71199206429979,may,"Águila calzada, Cigüeña blanca, Águila real"
apoyo,4038091922,https://www.openstreetmap.org/node/4038091922,36.2411981,-5.4108389,electrocucion,distribucion,66000.0,tower,,1.0,31.463776416150175,16.71199206429979,may,"Águila calzada, Cigüeña blanca, Águila real"
apoyo,1920879519,https://www.openstreetmap.org/node/1920879519,36.2425332,-5.4148299,electrocucion,distribucion,66000.0,tower,,1.0,31.463776416150175,16.71199206429979,may,"Águila calzada, Cigüeña blanca, Águila real"
apoyo,6170070469,https://www.openstreetmap.org/node/6170070469,36.2433538,-5.4143527,electrocucion,distribucion,66000.0,tower,,1.0,31.463776416150175,16.71199206429979,may,"Águila calzada, Cigüeña blanca, Águila real"
apoyo,4038091929,https://www.openstreetmap.org/node/4038091929,36.2436322,-5.4117444,electrocucion,distribucion,66000.0,tower,,1.0,31.463776416150175,16.71199206429979,may,"Águila calzada, Cigüeña blanca, Águila real"
apoyo,1920912201,https://www.openstreetmap.org/node/1920912201,36.2433608,-5.4103872,electrocucion,distribucion,66000.0,tower,,1.0,31.463776416150175,16.71199206429979,may,"Águila calzada, Cigüeña blanca, Águila real"
apoyo,1920879524,https://www.openstreetmap.org/node/1920879524,36.2443818,-5.4128786,electrocucion,distribucion,66000.0,tower,,1.0,31.463776416150175,16.71199206429979,may,"Águila calzada, Cigüeña blanca, Águila real"
apoyo,6170070461,https://www.openstreetmap.org/node/6170070461,36.2354928,-5.4294216,electrocucion,distribucion,66000.0,tower,,1.3,31.430108795094124,16.523839223401918,may,"Cigüeña blanca, Águila calzada, Abejero europeo"
linea,1321572056,https://www.openstreetmap.org/way/1321572056,36.1367664,-5.460331849999999,colision_linea,distribucion,66000.0,Línea de alta tensión Estrecho - Fresno y Estrecho - Menacha,,,31.416623337894883,13.767094607477205,mar,"Halcón peregrino, Culebrera europea, Milano negro"
linea,1321572057,https://www.openstreetmap.org/way/1321572057,36.13654676666667,-5.4599223666666665,colision_linea,distribucion,66000.0,Línea de alta tensión Estrecho - Getares,,,31.416623337894883,13.767094607477205,mar,"Halcón peregrino, Culebrera europea, Milano negro"
linea,255650543,https://www.openstreetmap.org/way/255650543,36.0787056575,-5.726300895,colision_linea,distribucion,20000.0,minor_line,,,31.393136353319285,15.791494050967122,sep,"Cigüeña negra, Abejero europeo, Águila calzada"
apoyo,6450602960,https://www.openstreetmap.org/node/6450602960,36.0907338,-5.7121195,electrocucion,distribucion,20000.0,tower,,1.0,31.382758799269467,17.299202291799133,sep,"Cigüeña negra, Buitre leonado, Culebrera europea"
apoyo,6450602959,https://www.openstreetmap.org/node/6450602959,36.0939914,-5.7114865,electrocucion,distribucion,20000.0,tower,,1.0,31.382758799269467,17.299202291799133,sep,"Cigüeña negra, Buitre leonado, Culebrera europea"
aerogenerador,1133895547,https://www.openstreetmap.org/node/1133895547,36.1381102,-5.8155312,colision_aerogenerador,eolico,,2 MW,,,31.285315369864875,15.387215814902921,nov,"Buitre negro, Águila perdicera, Grulla común"
aerogenerador,1133894854,https://www.openstreetmap.org/node/1133894854,36.1362929,-5.8153908,colision_aerogenerador,eolico,,2 MW,,,31.285315369864875,15.387215814902921,nov,"Buitre negro, Águila perdicera, Grulla común"
aerogenerador,1133895385,https://www.openstreetmap.org/node/1133895385,36.1393595,-5.8177138,colision_aerogenerador,eolico,,2 MW,,,31.285315369864875,15.387215814902921,nov,"Buitre negro, Águila perdicera, Grulla común"
aerogenerador,1135674064,https://www.openstreetmap.org/node/1135674064,36.1663261,-5.7154858,colision_aerogenerador,eolico,,1.6 MW,,,31.196859136764317,19.19922974067097,jul,"Culebrera europea, Cigüeña blanca, Alimoche"
aerogenerador,1135673981,https://www.openstreetmap.org/node/1135673981,36.1692107,-5.7155847,colision_aerogenerador,eolico,,1.6 MW,,,31.196859136764317,19.19922974067097,jul,"Culebrera europea, Cigüeña blanca, Alimoche"
aerogenerador,1135674133,https://www.openstreetmap.org/node/1135674133,36.167766,-5.7155359,colision_aerogenerador,eolico,,1.6 MW,,,31.196859136764317,19.19922974067097,jul,"Culebrera europea, Cigüeña blanca, Alimoche"
apoyo,2318258339,https://www.openstreetmap.org/node/2318258339,36.3853062,-5.9216119,electrocucion,distribucion,66000.0,tower,,1.0,31.17370224199125,16.69594263452747,oct,"Águila imperial ibérica, Águila real, Milano real"
apoyo,2318258340,https://www.openstreetmap.org/node/2318258340,36.3879362,-5.9228841,electrocucion,distribucion,66000.0,tower,,1.0,31.17370224199125,16.69594263452747,oct,"Águila imperial ibérica, Águila real, Milano real"
linea,1262722035,https://www.openstreetmap.org/way/1262722035,36.19038346666667,-5.412863633333334,colision_linea,distribucion,,minor_line,,,31.144783765229704,21.230632607224017,mar,"Cigüeña blanca, Águila calzada, Halcón peregrino"
apoyo,12183685169,https://www.openstreetmap.org/node/12183685169,36.2975295,-5.3099339,electrocucion,distribucion,66000.0,tower,,1.0,31.131812432909317,10.585938962504128,sep,"Cigüeña negra, Águila calzada, Culebrera europea"
apoyo,12316065433,https://www.openstreetmap.org/node/12316065433,36.2998606,-5.3076657,electrocucion,desconocida,,tower,,1.0,31.131812432909317,10.585938962504128,sep,"Cigüeña negra, Águila calzada, Culebrera europea"
apoyo,12343777448,https://www.openstreetmap.org/node/12343777448,36.2984228,-5.3077767,electrocucion,desconocida,,tower,,1.0,31.131812432909317,10.585938962504128,sep,"Cigüeña negra, Águila calzada, Culebrera europea"
apoyo,12183685170,https://www.openstreetmap.org/node/12183685170,36.2962371,-5.3064095,electrocucion,distribucion,66000.0,tower,,1.0,31.131812432909317,10.585938962504128,sep,"Cigüeña negra, Águila calzada, Culebrera europea"
apoyo,2613248711,https://www.openstreetmap.org/node/2613248711,36.0571067,-5.6615632,electrocucion,distribucion,20000.0,tower,,1.0,31.101734974147615,12.589614340119567,sep,"Cigüeña negra, Milano negro, Abejero europeo"
apoyo,2613248710,https://www.openstreetmap.org/node/2613248710,36.0568451,-5.6637265,electrocucion,distribucion,20000.0,tower,,1.0,31.101734974147615,12.589614340119567,sep,"Cigüeña negra, Milano negro, Abejero europeo"
linea,1321572051,https://www.openstreetmap.org/way/1321572051,36.1396244,-5.4710576,colision_linea,distribucion,66000.0,Línea de alta tensión Estrecho - Getares y Getares - Mercancías,,,31.08605678658386,15.8734359494813,mar,"Culebrera europea, Milano negro, Halcón peregrino"
linea,1316644530,https://www.openstreetmap.org/way/1316644530,36.08617855,-5.65400125,colision_linea,distribucion,66000.0,line,,,31.054715646609328,14.696448440220196,sep,"Cigüeña negra, Alimoche, Milano negro"
linea,1316644529,https://www.openstreetmap.org/way/1316644529,36.08616113333333,-5.653904033333333,colision_linea,distribucion,66000.0,line,,,31.054715646609328,14.696448440220196,sep,"Cigüeña negra, Alimoche, Milano negro"
apoyo,2318258352,https://www.openstreetmap.org/node/2318258352,36.411643,-5.9176611,electrocucion,distribucion,66000.0,tower,,1.0,31.044088001401565,15.239483587116537,dic,"Águila imperial ibérica, Milano real, Cigüeña negra"
apoyo,2318258353,https://www.openstreetmap.org/node/2318258353,36.4137564,-5.9174753,electrocucion,distribucion,66000.0,tower,,1.0,31.044088001401565,15.239483587116537,dic,"Águila imperial ibérica, Milano real, Cigüeña negra"
apoyo,10560081317,https://www.openstreetmap.org/node/10560081317,36.2183427,-5.9436352,electrocucion,distribucion,20000.0,tower,,1.3,31.01190351194458,15.105654103506474,abr,"Águila real, Búho real, Cigüeña blanca"
apoyo,6515532332,https://www.openstreetmap.org/node/6515532332,36.1533157,-5.6678617,electrocucion,distribucion,20000.0,tower,,1.0,30.807635892299512,16.13340060903631,mar,"Búho real, Alimoche, Cigüeña negra"
apoyo,6515532331,https://www.openstreetmap.org/node/6515532331,36.1533352,-5.6662309,electrocucion,distribucion,20000.0,tower,,1.0,30.807635892299512,16.13340060903631,mar,"Búho real, Alimoche, Cigüeña negra"
apoyo,6516400752,https://www.openstreetmap.org/node/6516400752,36.1532961,-5.6695274,electrocucion,distribucion,20000.0,tower,,1.0,30.807635892299512,16.13340060903631,mar,"Búho real, Alimoche, Cigüeña negra"
apoyo,2318258351,https://www.openstreetmap.org/node/2318258351,36.4087583,-5.9179185,electrocucion,distribucion,66000.0,tower,,1.0,30.788269557395186,15.848299973298388,sep,"Águila imperial ibérica, Águila perdicera, Cigüeña blanca"
apoyo,2318258349,https://www.openstreetmap.org/node/2318258349,36.4058063,-5.9181763,electrocucion,distribucion,66000.0,tower,,1.0,30.788269557395186,15.848299973298388,sep,"Águila imperial ibérica, Águila perdicera, Cigüeña blanca"
aerogenerador,1135610364,https://www.openstreetmap.org/node/1135610364,36.1600143,-5.731136,colision_aerogenerador,eolico,,1.5 MW,,,30.783006781153468,20.725429830169887,ago,"Culebrera europea, Cigüeña blanca, Águila calzada"
aerogenerador,1135610242,https://www.openstreetmap.org/node/1135610242,36.1643716,-5.7323591,colision_aerogenerador,eolico,,1.5 MW,,,30.783006781153468,20.725429830169887,ago,"Culebrera europea, Cigüeña blanca, Águila calzada"
aerogenerador,1135610688,https://www.openstreetmap.org/node/1135610688,36.1624468,-5.7313286,colision_aerogenerador,eolico,,1.5 MW,,,30.783006781153468,20.725429830169887,ago,"Culebrera europea, Cigüeña blanca, Águila calzada"
linea,659148784,https://www.openstreetmap.org/way/659148784,36.22062159333333,-5.431210446666666,colision_linea,distribucion,15000.0,minor_line,,,30.713404374271466,18.31765201434232,may,"Cigüeña blanca, Águila calzada, Milano negro"
apoyo,2612084301,https://www.openstreetmap.org/node/2612084301,36.204021,-5.7870855,electrocucion,distribucion,66000.0,tower,,0.9,30.583339365942535,21.714866418762963,oct,"Cigüeña blanca, Águila imperial ibérica, Grulla común"
apoyo,2612084288,https://www.openstreetmap.org/node/2612084288,36.2008946,-5.7884839,electrocucion,distribucion,66000.0,tower,,0.9,30.583339365942535,21.714866418762963,oct,"Cigüeña blanca, Águila imperial ibérica, Grulla común"
apoyo,1135611017,https://www.openstreetmap.org/node/1135611017,36.149684,-5.721961,electrocucion,distribucion,66000.0,tower,,1.0,30.57495112134064,20.862703663124364,jul,"Culebrera europea, Cigüeña blanca, Alimoche"
apoyo,6198754806,https://www.openstreetmap.org/node/6198754806,36.1939104,-5.4012005,electrocucion,distribucion,66000.0,tower,,1.0,30.45236509018577,17.257602995801783,mar,"Cigüeña blanca, Halcón peregrino, Águila calzada"
apoyo,6198754938,https://www.openstreetmap.org/node/6198754938,36.1946366,-5.4034616,electrocucion,distribucion,,tower,,1.0,30.45236509018577,17.257602995801783,mar,"Cigüeña blanca, Halcón peregrino, Águila calzada"
apoyo,6198754945,https://www.openstreetmap.org/node/6198754945,36.1906147,-5.4021245,electrocucion,distribucion,,tower,,1.0,30.45236509018577,17.257602995801783,mar,"Cigüeña blanca, Halcón peregrino, Águila calzada"
apoyo,6198754940,https://www.openstreetmap.org/node/6198754940,36.1929785,-5.4015291,electrocucion,distribucion,,tower,,1.0,30.45236509018577,17.257602995801783,mar,"Cigüeña blanca, Halcón peregrino, Águila calzada"
apoyo,6190163463,https://www.openstreetmap.org/node/6190163463,36.1924795,-5.4045707,electrocucion,distribucion,66000.0,tower,,1.0,30.45236509018577,17.257602995801783,mar,"Cigüeña blanca, Halcón peregrino, Águila calzada"
apoyo,6198754941,https://www.openstreetmap.org/node/6198754941,36.1933032,-5.4010195,electrocucion,distribucion,,tower,,1.0,30.45236509018577,17.257602995801783,mar,"Cigüeña blanca, Halcón peregrino, Águila calzada"
apoyo,6198754939,https://www.openstreetmap.org/node/6198754939,36.1934169,-5.4020333,electrocucion,distribucion,,tower,,1.0,30.45236509018577,17.257602995801783,mar,"Cigüeña blanca, Halcón peregrino, Águila calzada"
apoyo,6190163464,https://www.openstreetmap.org/node/6190163464,36.1936095,-5.4011938,electrocucion,distribucion,66000.0,tower,,1.0,30.45236509018577,17.257602995801783,mar,"Cigüeña blanca, Halcón peregrino, Águila calzada"
apoyo,6198754807,https://www.openstreetmap.org/node/6198754807,36.194576,-5.4037714,electrocucion,distribucion,66000.0,tower,,1.0,30.45236509018577,17.257602995801783,mar,"Cigüeña blanca, Halcón peregrino, Águila calzada"
apoyo,6198754946,https://www.openstreetmap.org/node/6198754946,36.1919525,-5.4006131,electrocucion,distribucion,,tower,,1.0,30.45236509018577,17.257602995801783,mar,"Cigüeña blanca, Halcón peregrino, Águila calzada"
aerogenerador,3455539550,https://www.openstreetmap.org/node/3455539550,36.0704526,-5.5753946,colision_aerogenerador,eolico,,2 MW,,,30.416522095889714,15.326540628374142,nov,"Buitre negro, Águila perdicera, Águila imperial ibérica"
apoyo,6450601898,https://www.openstreetmap.org/node/6450601898,36.075416,-5.700755,electrocucion,distribucion,20000.0,tower,,1.0,30.381891434889813,13.938734433818865,sep,"Cigüeña negra, Abejero europeo, Águila calzada"
apoyo,6450601900,https://www.openstreetmap.org/node/6450601900,36.0760295,-5.7036692,electrocucion,distribucion,20000.0,tower,,1.0,30.381891434889813,13.938734433818865,sep,"Cigüeña negra, Abejero europeo, Águila calzada"
apoyo,6450601899,https://www.openstreetmap.org/node/6450601899,36.075559,-5.7019633,electrocucion,distribucion,20000.0,tower,,1.0,30.381891434889813,13.938734433818865,sep,"Cigüeña negra, Abejero europeo, Águila calzada"
linea,662109266,https://www.openstreetmap.org/way/662109266,36.195126116666664,-5.4050855916666665,colision_linea,distribucion,,minor_line,,,30.372189123586775,17.979874619582077,mar,"Cigüeña blanca, Halcón peregrino, Águila calzada"
apoyo,1123260011,https://www.openstreetmap.org/node/1123260011,36.1629291,-5.4758811,electrocucion,distribucion,66000.0,tower,,1.0,30.356042769044205,18.06358862244779,sep,"Águila calzada, Abejero europeo, Cigüeña negra"
linea,1262727169,https://www.openstreetmap.org/way/1262727169,36.20994759,-5.4442936799999995,colision_linea,distribucion,15000.0,minor_line,,,30.345604348573275,21.405767281403595,may,"Cigüeña blanca, Águila calzada, Milano negro"
aerogenerador,1135610311,https://www.openstreetmap.org/node/1135610311,36.1583458,-5.7409716,colision_aerogenerador,eolico,,800 kW,,,30.317911097977134,18.71080005798059,ago,"Culebrera europea, Cigüeña blanca, Alimoche"
aerogenerador,1135610712,https://www.openstreetmap.org/node/1135610712,36.159189,-5.7416146,colision_aerogenerador,eolico,,800 kW,,,30.317911097977134,18.71080005798059,ago,"Culebrera europea, Cigüeña blanca, Alimoche"
aerogenerador,1135610384,https://www.openstreetmap.org/node/1135610384,36.1573733,-5.7407538,colision_aerogenerador,eolico,,800 kW,,,30.317911097977134,18.71080005798059,ago,"Culebrera europea, Cigüeña blanca, Alimoche"
apoyo,6616118961,https://www.openstreetmap.org/node/6616118961,36.231612,-5.9452558,electrocucion,distribucion,20000.0,tower,,1.0,30.29822958225524,14.65827084989427,abr,"Águila real, Búho real, Cigüeña blanca"
apoyo,6616118962,https://www.openstreetmap.org/node/6616118962,36.2344538,-5.9463085,electrocucion,distribucion,20000.0,tower,,1.0,30.29822958225524,14.65827084989427,abr,"Águila real, Búho real, Cigüeña blanca"
apoyo,6627658457,https://www.openstreetmap.org/node/6627658457,36.2325797,-5.9492938,electrocucion,distribucion,20000.0,pole,,1.0,30.29822958225524,14.65827084989427,abr,"Águila real, Búho real, Cigüeña blanca"
apoyo,6627658459,https://www.openstreetmap.org/node/6627658459,36.230541,-5.9480506,electrocucion,distribucion,20000.0,pole,,1.0,30.29822958225524,14.65827084989427,abr,"Águila real, Búho real, Cigüeña blanca"
apoyo,6627658458,https://www.openstreetmap.org/node/6627658458,36.2319571,-5.9481941,electrocucion,distribucion,20000.0,pole,,1.0,30.29822958225524,14.65827084989427,abr,"Águila real, Búho real, Cigüeña blanca"
aerogenerador,1135691231,https://www.openstreetmap.org/node/1135691231,36.1633877,-5.643874,colision_aerogenerador,eolico,,1.8 MW,,,30.122807283608942,9.912483622665833,sep,"Águila calzada, Abejero europeo, Águila perdicera"
aerogenerador,1135691076,https://www.openstreetmap.org/node/1135691076,36.1612843,-5.6439945,colision_aerogenerador,eolico,,1.8 MW,,,30.122807283608942,9.912483622665833,sep,"Águila calzada, Abejero europeo, Águila perdicera"
apoyo,12183779447,https://www.openstreetmap.org/node/12183779447,36.3837472,-5.3335236,electrocucion,distribucion,66000.0,tower,,1.0,30.085280271966475,16.042890957776297,oct,"Águila real, Halcón peregrino, Cigüeña negra"
apoyo,2245259381,https://www.openstreetmap.org/node/2245259381,36.1225074,-5.8240896,electrocucion,distribucion,66000.0,tower,,1.0,30.022546221899265,19.41052680207503,nov,"Buitre negro, Águila perdicera, Culebrera europea"
apoyo,1133912024,https://www.openstreetmap.org/node/1133912024,36.1231256,-5.8212177,electrocucion,distribucion,66000.0,tower,,1.0,30.022546221899265,19.41052680207503,nov,"Buitre negro, Águila perdicera, Culebrera europea"
apoyo,1133912106,https://www.openstreetmap.org/node/1133912106,36.1229163,-5.8209759,electrocucion,distribucion,66000.0,tower,,1.0,30.022546221899265,19.41052680207503,nov,"Buitre negro, Águila perdicera, Culebrera europea"
linea,255653035,https://www.openstreetmap.org/way/255653035,36.0567323,-5.661680666666666,colision_linea,distribucion,20000.0,minor_line,,,30.017400950148556,11.424640066181219,sep,"Cigüeña negra, Abejero europeo, Milano negro"
linea,97199646,https://www.openstreetmap.org/way/97199646,36.23124058666667,-5.417633540000001,colision_linea,transporte,220000.0,line,Red Eléctrica de España,,29.977750342510188,15.353800272941768,may,"Águila calzada, Cigüeña blanca, Águila real"
apoyo,2613220425,https://www.openstreetmap.org/node/2613220425,36.0837415,-5.750372,electrocucion,distribucion,20000.0,tower,,1.0,29.864690240994157,18.33456416486096,ago,"Cigüeña blanca, Milano negro, Alimoche"
apoyo,2613220436,https://www.openstreetmap.org/node/2613220436,36.0847314,-5.7541181,electrocucion,distribucion,20000.0,tower,,1.0,29.864690240994157,18.33456416486096,ago,"Cigüeña blanca, Milano negro, Alimoche"
apoyo,2613220429,https://www.openstreetmap.org/node/2613220429,36.0842399,-5.7522242,electrocucion,distribucion,20000.0,tower,,1.0,29.864690240994157,18.33456416486096,ago,"Cigüeña blanca, Milano negro, Alimoche"
apoyo,6345477022,https://www.openstreetmap.org/node/6345477022,36.2359997,-5.435691,electrocucion,distribucion,15000.0,pole,,1.0,29.813549701924696,18.234580888101792,may,"Cigüeña blanca, Águila calzada, Milano negro"
apoyo,6345477021,https://www.openstreetmap.org/node/6345477021,36.2381329,-5.4350964,electrocucion,distribucion,15000.0,pole,,1.0,29.813549701924696,18.234580888101792,may,"Cigüeña blanca, Águila calzada, Milano negro"
apoyo,6170070354,https://www.openstreetmap.org/node/6170070354,36.236112,-5.4355958,electrocucion,distribucion,15000.0,tower,,1.0,29.813549701924696,18.234580888101792,may,"Cigüeña blanca, Águila calzada, Milano negro"
apoyo,6170070353,https://www.openstreetmap.org/node/6170070353,36.2350282,-5.4359405,electrocucion,distribucion,15000.0,tower,,1.0,29.813549701924696,18.234580888101792,may,"Cigüeña blanca, Águila calzada, Milano negro"
apoyo,6345477015,https://www.openstreetmap.org/node/6345477015,36.2392089,-5.435063,electrocucion,distribucion,15000.0,pole,,1.0,29.813549701924696,18.234580888101792,may,"Cigüeña blanca, Águila calzada, Milano negro"
apoyo,6345477023,https://www.openstreetmap.org/node/6345477023,36.2350654,-5.4359831,electrocucion,distribucion,15000.0,pole,,1.0,29.813549701924696,18.234580888101792,may,"Cigüeña blanca, Águila calzada, Milano negro"
apoyo,2613220421,https://www.openstreetmap.org/node/2613220421,36.0832489,-5.748519,electrocucion,distribucion,20000.0,tower,,1.0,29.745240115042655,17.65114900452735,ago,"Cigüeña blanca, Milano negro, Alimoche"
apoyo,2613220415,https://www.openstreetmap.org/node/2613220415,36.0827036,-5.7464342,electrocucion,distribucion,20000.0,tower,,1.0,29.745240115042655,17.65114900452735,ago,"Cigüeña blanca, Milano negro, Alimoche"
apoyo,6171370197,https://www.openstreetmap.org/node/6171370197,36.2237211,-5.4344143,electrocucion,distribucion,15000.0,tower,,1.0,29.65661159056764,17.938475687675517,may,"Cigüeña blanca, Águila calzada, Milano negro"
apoyo,6345477009,https://www.openstreetmap.org/node/6345477009,36.2203223,-5.4331696,electrocucion,desconocida,,tower,,1.0,29.65661159056764,17.938475687675517,may,"Cigüeña blanca, Águila calzada, Milano negro"
apoyo,6171370193,https://www.openstreetmap.org/node/6171370193,36.2224693,-5.4305546,electrocucion,distribucion,15000.0,tower,,1.0,29.65661159056764,17.938475687675517,may,"Cigüeña blanca, Águila calzada, Milano negro"
apoyo,6171370194,https://www.openstreetmap.org/node/6171370194,36.2227625,-5.431425,electrocucion,distribucion,15000.0,tower,,1.0,29.65661159056764,17.938475687675517,may,"Cigüeña blanca, Águila calzada, Milano negro"
apoyo,6171369251,https://www.openstreetmap.org/node/6171369251,36.2208464,-5.4345658,electrocucion,distribucion,15000.0,tower,,1.0,29.65661159056764,17.938475687675517,may,"Cigüeña blanca, Águila calzada, Milano negro"
apoyo,6171370192,https://www.openstreetmap.org/node/6171370192,36.2215529,-5.4302717,electrocucion,distribucion,15000.0,tower,,1.0,29.65661159056764,17.938475687675517,may,"Cigüeña blanca, Águila calzada, Milano negro"
apoyo,6171370196,https://www.openstreetmap.org/node/6171370196,36.2234051,-5.4334326,electrocucion,distribucion,15000.0,tower,,1.0,29.65661159056764,17.938475687675517,may,"Cigüeña blanca, Águila calzada, Milano negro"
apoyo,6171370195,https://www.openstreetmap.org/node/6171370195,36.2231065,-5.4324254,electrocucion,distribucion,15000.0,tower,,1.0,29.65661159056764,17.938475687675517,may,"Cigüeña blanca, Águila calzada, Milano negro"
apoyo,6711594535,https://www.openstreetmap.org/node/6711594535,36.2785309,-5.9240744,electrocucion,distribucion,20000.0,tower,,1.0,29.601202140469805,15.263547307378616,dic,"Águila imperial ibérica, Águila real, Milano real"
apoyo,6711594534,https://www.openstreetmap.org/node/6711594534,36.2768271,-5.9201288,electrocucion,distribucion,20000.0,tower,,1.0,29.601202140469805,15.263547307378616,dic,"Águila imperial ibérica, Águila real, Milano real"
apoyo,6711594536,https://www.openstreetmap.org/node/6711594536,36.2784661,-5.9222209,electrocucion,distribucion,20000.0,tower,,1.0,29.601202140469805,15.263547307378616,dic,"Águila imperial ibérica, Águila real, Milano real"
apoyo,6711594533,https://www.openstreetmap.org/node/6711594533,36.276413,-5.9202817,electrocucion,distribucion,20000.0,tower,,1.0,29.601202140469805,15.263547307378616,dic,"Águila imperial ibérica, Águila real, Milano real"
apoyo,6711594537,https://www.openstreetmap.org/node/6711594537,36.2784099,-5.9201208,electrocucion,distribucion,20000.0,tower,,1.0,29.601202140469805,15.263547307378616,dic,"Águila imperial ibérica, Águila real, Milano real"
apoyo,6711594532,https://www.openstreetmap.org/node/6711594532,36.2754399,-5.9206465,electrocucion,distribucion,20000.0,tower,,1.0,29.601202140469805,15.263547307378616,dic,"Águila imperial ibérica, Águila real, Milano real"
apoyo,6711594538,https://www.openstreetmap.org/node/6711594538,36.2774044,-5.9201288,electrocucion,distribucion,20000.0,tower,,1.0,29.601202140469805,15.263547307378616,dic,"Águila imperial ibérica, Águila real, Milano real"
apoyo,12347854170,https://www.openstreetmap.org/node/12347854170,36.3028318,-5.3054376,electrocucion,distribucion,,tower,,1.0,29.587702172958274,9.96353213576459,sep,"Cigüeña negra, Águila calzada, Culebrera europea"
apoyo,12343777445,https://www.openstreetmap.org/node/12343777445,36.301356,-5.305553,electrocucion,desconocida,,tower,,1.0,29.587702172958274,9.96353213576459,sep,"Cigüeña negra, Águila calzada, Culebrera europea"
apoyo,12316065432,https://www.openstreetmap.org/node/12316065432,36.3001964,-5.3076357,electrocucion,desconocida,,tower,,1.0,29.587702172958274,9.96353213576459,sep,"Cigüeña negra, Águila calzada, Culebrera europea"
apoyo,12347854168,https://www.openstreetmap.org/node/12347854168,36.3014403,-5.3058339,electrocucion,distribucion,,tower,,1.0,29.587702172958274,9.96353213576459,sep,"Cigüeña negra, Águila calzada, Culebrera europea"
aerogenerador,1133862332,https://www.openstreetmap.org/node/1133862332,36.1541698,-5.7932737,colision_aerogenerador,eolico,,300 kW,,,29.363078538285464,17.923757572426613,nov,"Buitre negro, Águila perdicera, Halcón peregrino"
aerogenerador,1133861950,https://www.openstreetmap.org/node/1133861950,36.1546749,-5.7931253,colision_aerogenerador,eolico,,300 kW,,,29.363078538285464,17.923757572426613,nov,"Buitre negro, Águila perdicera, Halcón peregrino"
aerogenerador,1133861874,https://www.openstreetmap.org/node/1133861874,36.1536131,-5.7934292,colision_aerogenerador,eolico,,300 kW,,,29.363078538285464,17.923757572426613,nov,"Buitre negro, Águila perdicera, Halcón peregrino"
apoyo,4038091177,https://www.openstreetmap.org/node/4038091177,36.1145472,-5.4810043,electrocucion,distribucion,66000.0,tower,,1.0,29.351424087132106,9.661082738585872,oct,"Cigüeña negra, Águila real, Águila perdicera"
apoyo,6153591740,https://www.openstreetmap.org/node/6153591740,36.251074,-5.3407918,electrocucion,distribucion,,tower,,1.0,29.332365637335545,10.691216873469985,sep,"Alimoche, Abejero europeo, Águila calzada"
apoyo,6153591741,https://www.openstreetmap.org/node/6153591741,36.2500898,-5.3403613,electrocucion,distribucion,,tower,,1.0,29.332365637335545,10.691216873469985,sep,"Alimoche, Abejero europeo, Águila calzada"
apoyo,6153591739,https://www.openstreetmap.org/node/6153591739,36.2518819,-5.3411512,electrocucion,distribucion,,tower,,1.0,29.332365637335545,10.691216873469985,sep,"Alimoche, Abejero europeo, Águila calzada"
apoyo,6153591737,https://www.openstreetmap.org/node/6153591737,36.2537897,-5.3419814,electrocucion,distribucion,,tower,,1.0,29.332365637335545,10.691216873469985,sep,"Alimoche, Abejero europeo, Águila calzada"
apoyo,6153591732,https://www.openstreetmap.org/node/6153591732,36.2501634,-5.3401896,electrocucion,desconocida,,tower,,1.0,29.332365637335545,10.691216873469985,sep,"Alimoche, Abejero europeo, Águila calzada"
apoyo,6153591738,https://www.openstreetmap.org/node/6153591738,36.2523242,-5.3414516,electrocucion,distribucion,,tower,,1.0,29.332365637335545,10.691216873469985,sep,"Alimoche, Abejero europeo, Águila calzada"
linea,696663893,https://www.openstreetmap.org/way/696663893,36.1827987625,-5.76518299375,colision_linea,distribucion,20000.0,minor_line,,,29.180418460542153,21.965645979086357,feb,"Grulla común, Águila real, Halcón peregrino"
aerogenerador,1135610346,https://www.openstreetmap.org/node/1135610346,36.1727977,-5.722544,colision_aerogenerador,eolico,,1.6 MW,,,29.02084600171285,19.669110545183305,jul,"Culebrera europea, Cigüeña blanca, Búho real"
aerogenerador,1135610278,https://www.openstreetmap.org/node/1135610278,36.1742401,-5.7226019,colision_aerogenerador,eolico,,1.6 MW,,,29.02084600171285,19.669110545183305,jul,"Culebrera europea, Cigüeña blanca, Búho real"
aerogenerador,1135610414,https://www.openstreetmap.org/node/1135610414,36.1713572,-5.722496,colision_aerogenerador,eolico,,1.6 MW,,,29.02084600171285,19.669110545183305,jul,"Culebrera europea, Cigüeña blanca, Búho real"
aerogenerador,1133894812,https://www.openstreetmap.org/node/1133894812,36.1292465,-5.7931337,colision_aerogenerador,eolico,,2 MW,,,28.92699284032431,16.473876828954957,oct,"Águila perdicera, Halcón peregrino, Cigüeña negra"
aerogenerador,1133895206,https://www.openstreetmap.org/node/1133895206,36.1277479,-5.7938986,colision_aerogenerador,eolico,,2 MW,,,28.92699284032431,16.473876828954957,oct,"Águila perdicera, Halcón peregrino, Cigüeña negra"
apoyo,6170070357,https://www.openstreetmap.org/node/6170070357,36.240905,-5.433206,electrocucion,distribucion,15000.0,tower,,1.0,28.9120734616099,15.784260993011678,may,"Cigüeña blanca, Águila calzada, Abejero europeo"
apoyo,6170070350,https://www.openstreetmap.org/node/6170070350,36.241461,-5.4326373,electrocucion,distribucion,15000.0,tower,,1.0,28.9120734616099,15.784260993011678,may,"Cigüeña blanca, Águila calzada, Abejero europeo"
apoyo,6170070348,https://www.openstreetmap.org/node/6170070348,36.2430877,-5.4309717,electrocucion,distribucion,15000.0,tower,,1.0,28.9120734616099,15.784260993011678,may,"Cigüeña blanca, Águila calzada, Abejero europeo"
apoyo,6170070347,https://www.openstreetmap.org/node/6170070347,36.2437778,-5.4302515,electrocucion,distribucion,15000.0,tower,,1.0,28.9120734616099,15.784260993011678,may,"Cigüeña blanca, Águila calzada, Abejero europeo"
apoyo,6171518824,https://www.openstreetmap.org/node/6171518824,36.2428433,-5.4306418,electrocucion,distribucion,15000.0,pole,,1.0,28.9120734616099,15.784260993011678,may,"Cigüeña blanca, Águila calzada, Abejero europeo"
apoyo,6170070349,https://www.openstreetmap.org/node/6170070349,36.2422635,-5.4318112,electrocucion,distribucion,15000.0,tower,,1.0,28.9120734616099,15.784260993011678,may,"Cigüeña blanca, Águila calzada, Abejero europeo"
apoyo,6345477019,https://www.openstreetmap.org/node/6345477019,36.2400262,-5.4349222,electrocucion,distribucion,15000.0,pole,,1.0,28.9120734616099,15.784260993011678,may,"Cigüeña blanca, Águila calzada, Abejero europeo"
apoyo,6542347589,https://www.openstreetmap.org/node/6542347589,36.1803541,-5.7628212,electrocucion,distribucion,20000.0,tower,,1.0,28.835552767527922,20.144583207950976,jul,"Culebrera europea, Cigüeña blanca, Alimoche"
apoyo,6542347588,https://www.openstreetmap.org/node/6542347588,36.1812679,-5.7636666,electrocucion,distribucion,20000.0,pole,,1.0,28.835552767527922,20.144583207950976,jul,"Culebrera europea, Cigüeña blanca, Alimoche"
apoyo,6542347587,https://www.openstreetmap.org/node/6542347587,36.1821755,-5.7645022,electrocucion,distribucion,20000.0,pole,,1.0,28.835552767527922,20.144583207950976,jul,"Culebrera europea, Cigüeña blanca, Alimoche"
apoyo,12229331408,https://www.openstreetmap.org/node/12229331408,36.1380755,-5.4654337,electrocucion,distribucion,66000.0,tower,,0.9,28.791994924244566,13.859148313005678,mar,"Milano negro, Culebrera europea, Halcón peregrino"
apoyo,6451372980,https://www.openstreetmap.org/node/6451372980,36.0748848,-5.7242176,electrocucion,distribucion,20000.0,pole,,1.0,28.71359163763536,15.728713292751648,ago,"Cigüeña blanca, Milano negro, Halcón peregrino"
apoyo,6451372979,https://www.openstreetmap.org/node/6451372979,36.0719462,-5.7221536,electrocucion,distribucion,20000.0,pole,,1.0,28.71359163763536,15.728713292751648,ago,"Cigüeña blanca, Milano negro, Halcón peregrino"
apoyo,6240304467,https://www.openstreetmap.org/node/6240304467,36.1718432,-5.4544922,electrocucion,distribucion,20000.0,tower,,1.0,28.60351610106659,18.27377055319229,sep,"Cigüeña blanca, Águila calzada, Abejero europeo"
apoyo,3323073225,https://www.openstreetmap.org/node/3323073225,36.1713091,-5.4529882,electrocucion,distribucion,20000.0,tower,,1.0,28.60351610106659,18.27377055319229,sep,"Cigüeña blanca, Águila calzada, Abejero europeo"
apoyo,3323073220,https://www.openstreetmap.org/node/3323073220,36.170293,-5.4510177,electrocucion,distribucion,20000.0,tower,,1.0,28.60351610106659,18.27377055319229,sep,"Cigüeña blanca, Águila calzada, Abejero europeo"
apoyo,3323073241,https://www.openstreetmap.org/node/3323073241,36.1723584,-5.4549788,electrocucion,distribucion,20000.0,tower,,1.0,28.60351610106659,18.27377055319229,sep,"Cigüeña blanca, Águila calzada, Abejero europeo"
apoyo,6171518358,https://www.openstreetmap.org/node/6171518358,36.305976,-5.4257092,electrocucion,distribucion,15000.0,tower,,1.0,28.60287051918086,10.675670625877352,sep,"Águila calzada, Abejero europeo, Buitre leonado"
apoyo,6171518362,https://www.openstreetmap.org/node/6171518362,36.3062722,-5.4294992,electrocucion,distribucion,15000.0,tower,,1.0,28.60287051918086,10.675670625877352,sep,"Águila calzada, Abejero europeo, Buitre leonado"
apoyo,6171518360,https://www.openstreetmap.org/node/6171518360,36.3061295,-5.4274499,electrocucion,distribucion,15000.0,tower,,1.0,28.60287051918086,10.675670625877352,sep,"Águila calzada, Abejero europeo, Buitre leonado"
apoyo,6171518361,https://www.openstreetmap.org/node/6171518361,36.3061922,-5.4284316,electrocucion,distribucion,15000.0,tower,,1.0,28.60287051918086,10.675670625877352,sep,"Águila calzada, Abejero europeo, Buitre leonado"
apoyo,6171518359,https://www.openstreetmap.org/node/6171518359,36.3060236,-5.4265299,electrocucion,distribucion,15000.0,tower,,1.0,28.60287051918086,10.675670625877352,sep,"Águila calzada, Abejero europeo, Buitre leonado"
apoyo,9605203094,https://www.openstreetmap.org/node/9605203094,36.1664952,-5.4661006,electrocucion,distribucion,66000.0,tower,,1.3,28.476413382458784,16.87110914014712,oct,"Cigüeña blanca, Águila calzada, Halcón peregrino"
linea,1262731208,https://www.openstreetmap.org/way/1262731208,36.250455800000005,-5.4123065,colision_linea,transporte,400000.0,line,,,28.450265315266066,13.71504250764074,may,"Águila real, Águila calzada, Cigüeña blanca"
apoyo,6434174473,https://www.openstreetmap.org/node/6434174473,36.0412135,-5.6230594,electrocucion,distribucion,20000.0,tower,,1.1,28.445184462285674,12.833022561099122,ago,"Milano negro, Cigüeña blanca, Culebrera europea"
apoyo,2640940948,https://www.openstreetmap.org/node/2640940948,36.0632624,-5.5300535,electrocucion,distribucion,20000.0,tower,,1.0,28.40543446097181,11.90074195951381,nov,"Buitre negro, Milano real, Águila perdicera"
linea,1086727961,https://www.openstreetmap.org/way/1086727961,36.301002975,-5.3163255125,colision_linea,distribucion,66000.0,line,,,28.38241591642368,9.132060651037355,sep,"Cigüeña negra, Águila calzada, Culebrera europea"
apoyo,6450601903,https://www.openstreetmap.org/node/6450601903,36.0771535,-5.7078776,electrocucion,distribucion,20000.0,tower,,1.0,28.2951366160893,13.778946381703525,sep,"Cigüeña negra, Abejero europeo, Águila calzada"
apoyo,6450601901,https://www.openstreetmap.org/node/6450601901,36.0763937,-5.7050425,electrocucion,distribucion,20000.0,tower,,1.0,28.2951366160893,13.778946381703525,sep,"Cigüeña negra, Abejero europeo, Águila calzada"
apoyo,6450601902,https://www.openstreetmap.org/node/6450601902,36.0767568,-5.7064131,electrocucion,distribucion,20000.0,tower,,1.0,28.2951366160893,13.778946381703525,sep,"Cigüeña negra, Abejero europeo, Águila calzada"
linea,687935114,https://www.openstreetmap.org/way/687935114,36.0880921,-5.7098308499999995,colision_linea,distribucion,20000.0,minor_line,,,28.224240696854316,13.877395280672133,sep,"Cigüeña negra, Abejero europeo, Águila calzada"
apoyo,4038091188,https://www.openstreetmap.org/node/4038091188,36.1281883,-5.4709769,electrocucion,distribucion,66000.0,tower,,1.0,28.223805058547985,14.78132431737677,mar,"Culebrera europea, Milano negro, Halcón peregrino"
apoyo,4038091187,https://www.openstreetmap.org/node/4038091187,36.1268623,-5.4725253,electrocucion,distribucion,66000.0,tower,,1.0,28.223805058547985,14.78132431737677,mar,"Culebrera europea, Milano negro, Halcón peregrino"
apoyo,4038091186,https://www.openstreetmap.org/node/4038091186,36.1256581,-5.4743588,electrocucion,distribucion,66000.0,tower,,1.0,28.223805058547985,14.78132431737677,mar,"Culebrera europea, Milano negro, Halcón peregrino"
apoyo,6542347584,https://www.openstreetmap.org/node/6542347584,36.1849116,-5.7670471,electrocucion,distribucion,20000.0,tower,,1.0,28.043830019405203,19.174265570367425,jul,"Culebrera europea, Cigüeña blanca, Alimoche"
apoyo,6542347586,https://www.openstreetmap.org/node/6542347586,36.1830862,-5.7653517,electrocucion,distribucion,20000.0,tower,,1.0,28.043830019405203,19.174265570367425,jul,"Culebrera europea, Cigüeña blanca, Alimoche"
apoyo,6542347585,https://www.openstreetmap.org/node/6542347585,36.1839979,-5.7661976,electrocucion,distribucion,20000.0,tower,,1.0,28.043830019405203,19.174265570367425,jul,"Culebrera europea, Cigüeña blanca, Alimoche"
apoyo,1135616877,https://www.openstreetmap.org/node/1135616877,36.1715461,-5.7672914,electrocucion,distribucion,66000.0,tower,,1.0,28.02977505046095,19.66003311353543,jul,"Culebrera europea, Cigüeña blanca, Alimoche"
apoyo,2613334200,https://www.openstreetmap.org/node/2613334200,36.0740541,-5.6269231,electrocucion,distribucion,66000.0,tower,,1.0,27.93849261298666,13.317758163481527,sep,"Milano negro, Cigüeña negra, Culebrera europea"
apoyo,2613334206,https://www.openstreetmap.org/node/2613334206,36.0748738,-5.6295242,electrocucion,distribucion,66000.0,tower,,1.0,27.93849261298666,13.317758163481527,sep,"Milano negro, Cigüeña negra, Culebrera europea"
apoyo,2613334196,https://www.openstreetmap.org/node/2613334196,36.0735505,-5.6253348,electrocucion,distribucion,66000.0,tower,,1.0,27.93849261298666,13.317758163481527,sep,"Milano negro, Cigüeña negra, Culebrera europea"
linea,98127938,https://www.openstreetmap.org/way/98127938,36.12641616590909,-5.656215140909091,colision_linea,transporte,220000.0,Línea de alta tensión Facinas - Puerto de la Cruz,Red Eléctrica de España,,27.900683879201797,15.948938918821526,sep,"Milano negro, Cigüeña negra, Águila real"
apoyo,12218053024,https://www.openstreetmap.org/node/12218053024,36.1554197,-5.8125649,electrocucion,distribucion,20000.0,tower,,1.0,27.885840184133915,13.744907282181542,nov,"Buitre negro, Halcón peregrino, Águila perdicera"
apoyo,12218053023,https://www.openstreetmap.org/node/12218053023,36.1561429,-5.8136062,electrocucion,distribucion,20000.0,tower,,1.0,27.885840184133915,13.744907282181542,nov,"Buitre negro, Halcón peregrino, Águila perdicera"
apoyo,12218053025,https://www.openstreetmap.org/node/12218053025,36.1566744,-5.8143704,electrocucion,distribucion,20000.0,tower,,1.0,27.885840184133915,13.744907282181542,nov,"Buitre negro, Halcón peregrino, Águila perdicera"
apoyo,9702213619,https://www.openstreetmap.org/node/9702213619,36.0551372,-5.6555597,electrocucion,distribucion,20000.0,tower,,1.0,27.86001852410575,11.504983658561072,sep,"Cigüeña negra, Milano negro, Abejero europeo"
apoyo,9702213618,https://www.openstreetmap.org/node/9702213618,36.0553443,-5.6563148,electrocucion,distribucion,20000.0,tower,,1.0,27.86001852410575,11.504983658561072,sep,"Cigüeña negra, Milano negro, Abejero europeo"
aerogenerador,1133861910,https://www.openstreetmap.org/node/1133861910,36.1645181,-5.8097844,colision_aerogenerador,eolico,,1.8 MW,,,27.813616937147707,15.100211837417703,nov,"Buitre negro, Halcón peregrino, Águila perdicera"
aerogenerador,1133862115,https://www.openstreetmap.org/node/1133862115,36.1612841,-5.8099508,colision_aerogenerador,eolico,,1.8 MW,,,27.813616937147707,15.100211837417703,nov,"Buitre negro, Halcón peregrino, Águila perdicera"
aerogenerador,1133861941,https://www.openstreetmap.org/node/1133861941,36.1628869,-5.8098475,colision_aerogenerador,eolico,,1.8 MW,,,27.813616937147707,15.100211837417703,nov,"Buitre negro, Halcón peregrino, Águila perdicera"
apoyo,4038091695,https://www.openstreetmap.org/node/4038091695,36.1375047,-5.4703766,electrocucion,distribucion,66000.0,tower,,1.0,27.73057465101965,14.547740403168204,mar,"Milano negro, Culebrera europea, Halcón peregrino"
apoyo,4038091697,https://www.openstreetmap.org/node/4038091697,36.1394113,-5.4709954,electrocucion,distribucion,66000.0,tower,,1.0,27.73057465101965,14.547740403168204,mar,"Milano negro, Culebrera europea, Halcón peregrino"
apoyo,4038091698,https://www.openstreetmap.org/node/4038091698,36.1398375,-5.4711198,electrocucion,distribucion,66000.0,tower,,1.0,27.73057465101965,14.547740403168204,mar,"Milano negro, Culebrera europea, Halcón peregrino"
apoyo,6451372968,https://www.openstreetmap.org/node/6451372968,36.0645509,-5.7056218,electrocucion,distribucion,20000.0,pole,,1.0,27.615548813550504,13.558088239226622,ago,"Cigüeña blanca, Milano negro, Abejero europeo"
apoyo,6451372967,https://www.openstreetmap.org/node/6451372967,36.0633183,-5.7082061,electrocucion,distribucion,20000.0,pole,,1.0,27.615548813550504,13.558088239226622,ago,"Cigüeña blanca, Milano negro, Abejero europeo"
apoyo,6451372961,https://www.openstreetmap.org/node/6451372961,36.0635272,-5.707768,electrocucion,distribucion,20000.0,pole,,1.0,27.615548813550504,13.558088239226622,ago,"Cigüeña blanca, Milano negro, Abejero europeo"
apoyo,6451372966,https://www.openstreetmap.org/node/6451372966,36.0631708,-5.7096063,electrocucion,distribucion,20000.0,pole,,1.0,27.615548813550504,13.558088239226622,ago,"Cigüeña blanca, Milano negro, Abejero europeo"
aerogenerador,9589891805,https://www.openstreetmap.org/node/9589891805,36.3355193,-5.8953492,colision_aerogenerador,eolico,,2.625 MW,,,27.555708148400388,14.26555710619852,nov,"Milano real, Águila real, Águila imperial ibérica"
aerogenerador,9589891804,https://www.openstreetmap.org/node/9589891804,36.3380397,-5.8951494,colision_aerogenerador,eolico,,2.625 MW,,,27.555708148400388,14.26555710619852,nov,"Milano real, Águila real, Águila imperial ibérica"
apoyo,6457699893,https://www.openstreetmap.org/node/6457699893,36.0989599,-5.8005667,electrocucion,distribucion,20000.0,tower,,1.0,27.244844667528124,12.913396642411143,sep,"Halcón peregrino, Abejero europeo, Buitre leonado"
apoyo,4038091713,https://www.openstreetmap.org/node/4038091713,36.1617795,-5.4672163,electrocucion,distribucion,66000.0,tower,,1.0,27.163314376877818,15.830230982517131,oct,"Águila calzada, Cigüeña blanca, Halcón peregrino"
apoyo,6153591735,https://www.openstreetmap.org/node/6153591735,36.2560229,-5.342959,electrocucion,distribucion,,tower,,1.0,27.118147500192052,9.760531209290967,sep,"Abejero europeo, Alimoche, Águila calzada"
apoyo,6153591736,https://www.openstreetmap.org/node/6153591736,36.2550928,-5.3425393,electrocucion,distribucion,,tower,,1.0,27.118147500192052,9.760531209290967,sep,"Abejero europeo, Alimoche, Águila calzada"
apoyo,6153591734,https://www.openstreetmap.org/node/6153591734,36.2578289,-5.3437597,electrocucion,distribucion,,tower,,1.0,27.118147500192052,9.760531209290967,sep,"Abejero europeo, Alimoche, Águila calzada"
apoyo,6153498441,https://www.openstreetmap.org/node/6153498441,36.2589795,-5.3435397,electrocucion,distribucion,66000.0,tower,,1.0,27.118147500192052,9.760531209290967,sep,"Abejero europeo, Alimoche, Águila calzada"
apoyo,6153591733,https://www.openstreetmap.org/node/6153591733,36.2587048,-5.3435652,electrocucion,distribucion,,tower,,1.0,27.118147500192052,9.760531209290967,sep,"Abejero europeo, Alimoche, Águila calzada"
aerogenerador,1126004431,https://www.openstreetmap.org/node/1126004431,36.2507654,-5.4869348,colision_aerogenerador,eolico,,1.8 MW,,,27.108670933830993,17.993773160319666,nov,"Buitre leonado, Buitre negro, Milano real"
apoyo,6540690569,https://www.openstreetmap.org/node/6540690569,36.1764487,-5.7482314,electrocucion,distribucion,20000.0,tower,,1.0,27.037967683784537,18.87322668390306,ago,"Cigüeña blanca, Culebrera europea, Halcón peregrino"
apoyo,6540690570,https://www.openstreetmap.org/node/6540690570,36.1777294,-5.749775,electrocucion,distribucion,20000.0,tower,,1.0,27.037967683784537,18.87322668390306,ago,"Cigüeña blanca, Culebrera europea, Halcón peregrino"
apoyo,6542347581,https://www.openstreetmap.org/node/6542347581,36.1876085,-5.7698126,electrocucion,distribucion,20000.0,tower,,1.0,26.953532137851475,18.5795975168753,jul,"Culebrera europea, Cigüeña blanca, Halcón peregrino"
apoyo,6542347583,https://www.openstreetmap.org/node/6542347583,36.1858265,-5.7678922,electrocucion,distribucion,20000.0,pole,,1.0,26.953532137851475,18.5795975168753,jul,"Culebrera europea, Cigüeña blanca, Halcón peregrino"
apoyo,6542347582,https://www.openstreetmap.org/node/6542347582,36.1867304,-5.7687341,electrocucion,distribucion,20000.0,tower,,1.0,26.953532137851475,18.5795975168753,jul,"Culebrera europea, Cigüeña blanca, Halcón peregrino"
linea,656978116,https://www.openstreetmap.org/way/656978116,36.24698073333333,-5.3377818999999995,colision_linea,distribucion,,minor_line,,,26.866443415117438,9.574868747051628,sep,"Alimoche, Abejero europeo, Búho real"
apoyo,6239685761,https://www.openstreetmap.org/node/6239685761,36.2115895,-5.4283809,electrocucion,distribucion,66000.0,tower,,1.0,26.777217133260883,17.043836295417197,may,"Cigüeña blanca, Águila calzada, Águila real"
apoyo,4038091747,https://www.openstreetmap.org/node/4038091747,36.2119166,-5.4295992,electrocucion,distribucion,66000.0,tower,,1.0,26.777217133260883,17.043836295417197,may,"Cigüeña blanca, Águila calzada, Águila real"
aerogenerador,4226781818,https://www.openstreetmap.org/node/4226781818,36.0558056,-5.5147853,colision_aerogenerador,eolico,,500 kW,,,26.67536703455122,12.619265182421055,nov,"Buitre negro, Águila perdicera, Halcón peregrino"
linea,121810874,https://www.openstreetmap.org/way/121810874,36.186844325,-5.3864199500000005,colision_linea,transporte,220000.0,line,Red Eléctrica de España,,26.523829555218715,11.325577237768902,mar,"Halcón peregrino, Cigüeña blanca, Águila calzada"
apoyo,1126004313,https://www.openstreetmap.org/node/1126004313,36.2518217,-5.4804471,electrocucion,distribucion,66000.0,tower,,1.0,26.467953516744224,17.989873612971763,nov,"Buitre leonado, Buitre negro, Milano real"
apoyo,1126004208,https://www.openstreetmap.org/node/1126004208,36.251612,-5.4801073,electrocucion,distribucion,66000.0,tower,,1.0,26.467953516744224,17.989873612971763,nov,"Buitre leonado, Buitre negro, Milano real"
linea,687935115,https://www.openstreetmap.org/way/687935115,36.0884028875,-5.7131281625,colision_linea,distribucion,20000.0,minor_line,,,26.434406813076244,13.070947455437748,sep,"Cigüeña negra, Abejero europeo, Águila calzada"
apoyo,6418393501,https://www.openstreetmap.org/node/6418393501,36.02999,-5.6070663,electrocucion,distribucion,20000.0,tower,,1.1,26.433058026074004,11.394882410410867,sep,"Milano negro, Cigüeña negra, Alimoche"
aerogenerador,1968239157,https://www.openstreetmap.org/node/1968239157,36.085874,-5.6540763,colision_aerogenerador,eolico,,2 MW,,,26.427898268174676,14.347604693007389,sep,"Cigüeña negra, Abejero europeo, Águila calzada"
apoyo,2613220324,https://www.openstreetmap.org/node/2613220324,36.0753762,-5.7251363,electrocucion,distribucion,20000.0,tower,,1.0,26.414028627290005,14.70288515659931,ago,"Cigüeña blanca, Halcón peregrino, Milano negro"
apoyo,2613220355,https://www.openstreetmap.org/node/2613220355,36.0763024,-5.7270971,electrocucion,distribucion,20000.0,tower,,1.0,26.414028627290005,14.70288515659931,ago,"Cigüeña blanca, Halcón peregrino, Milano negro"
apoyo,6457699881,https://www.openstreetmap.org/node/6457699881,36.0947391,-5.7796857,electrocucion,distribucion,20000.0,tower,,1.0,26.399360248641084,13.245011769401712,sep,"Halcón peregrino, Abejero europeo, Águila calzada"
aerogenerador,1126004112,https://www.openstreetmap.org/node/1126004112,36.2549101,-5.4771423,colision_aerogenerador,eolico,,3 MW,,,26.323560446686372,17.452480885123492,nov,"Buitre leonado, Buitre negro, Milano real"
aerogenerador,1133878142,https://www.openstreetmap.org/node/1133878142,36.1977951,-5.7712339,colision_aerogenerador,eolico,,800 kW,,,26.295453616703462,20.127275149006593,jul,"Cigüeña blanca, Culebrera europea, Águila imperial ibérica"
aerogenerador,1133878122,https://www.openstreetmap.org/node/1133878122,36.1994927,-5.7705829,colision_aerogenerador,eolico,,800 kW,,,26.295453616703462,20.127275149006593,jul,"Cigüeña blanca, Culebrera europea, Águila imperial ibérica"
aerogenerador,1133878222,https://www.openstreetmap.org/node/1133878222,36.1986022,-5.7707349,colision_aerogenerador,eolico,,800 kW,,,26.295453616703462,20.127275149006593,jul,"Cigüeña blanca, Culebrera europea, Águila imperial ibérica"
linea,656964406,https://www.openstreetmap.org/way/656964406,36.2477522,-5.341997366666667,colision_linea,distribucion,66000.0,line,,,26.21274232061895,8.337782136617717,sep,"Alimoche, Abejero europeo, Águila calzada"
apoyo,12187936202,https://www.openstreetmap.org/node/12187936202,36.1839311,-5.3892307,electrocucion,distribucion,66000.0,tower,,1.3,26.072128689379085,9.780675254653486,mar,"Halcón peregrino, Cigüeña blanca, Águila calzada"
linea,401373750,https://www.openstreetmap.org/way/401373750,36.217263039285704,-5.402940339285715,colision_linea,distribucion,66000.0,Línea de alta tensión Algeciras - Campamento San Roque Eastman y Algeciras - Getesa,,,25.972088249747642,14.979431321280908,may,"Águila calzada, Cigüeña blanca, Águila real"
apoyo,2318258347,https://www.openstreetmap.org/node/2318258347,36.4023449,-5.9184767,electrocucion,distribucion,66000.0,tower,,1.0,25.952694700074186,14.310719695041902,sep,"Águila imperial ibérica, Águila perdicera, Culebrera europea"
apoyo,6405824666,https://www.openstreetmap.org/node/6405824666,36.0655092,-5.4626392,electrocucion,distribucion,20000.0,tower,,1.0,25.871994014729655,10.179126292108982,mar,"Águila calzada, Culebrera europea, Cigüeña negra"
apoyo,6405824665,https://www.openstreetmap.org/node/6405824665,36.0650832,-5.4641211,electrocucion,distribucion,20000.0,tower,,1.0,25.871994014729655,10.179126292108982,mar,"Águila calzada, Culebrera europea, Cigüeña negra"
aerogenerador,1135687371,https://www.openstreetmap.org/node/1135687371,36.1726217,-5.6575447,colision_aerogenerador,eolico,,1.8 MW,,,25.864918151722676,13.1973585180616,nov,"Águila real, Búho real, Águila imperial ibérica"
aerogenerador,1135687320,https://www.openstreetmap.org/node/1135687320,36.1749271,-5.6568432,colision_aerogenerador,eolico,,1.8 MW,,,25.864918151722676,13.1973585180616,nov,"Águila real, Búho real, Águila imperial ibérica"
aerogenerador,1135687279,https://www.openstreetmap.org/node/1135687279,36.1704614,-5.658495,colision_aerogenerador,eolico,,1.8 MW,,,25.864918151722676,13.1973585180616,nov,"Águila real, Búho real, Águila imperial ibérica"
apoyo,6434174474,https://www.openstreetmap.org/node/6434174474,36.0425745,-5.6249638,electrocucion,distribucion,20000.0,tower,,1.0,25.859258602077883,11.666384146453746,ago,"Milano negro, Cigüeña blanca, Culebrera europea"
linea,677694057,https://www.openstreetmap.org/way/677694057,36.22695658000001,-5.43712898,colision_linea,distribucion,15000.0,minor_line,,,25.82206146871291,15.602271445471638,may,"Cigüeña blanca, Águila calzada, Milano negro"
linea,683852068,https://www.openstreetmap.org/way/683852068,36.0641534,-5.465464,colision_linea,distribucion,20000.0,minor_line,,,25.779763757059598,9.381240532846634,mar,"Culebrera europea, Águila calzada, Alimoche"
apoyo,2613334192,https://www.openstreetmap.org/node/2613334192,36.0730267,-5.6236539,electrocucion,distribucion,66000.0,tower,,1.0,25.675577587507565,13.035241064622655,sep,"Milano negro, Cigüeña negra, Culebrera europea"
apoyo,2613334187,https://www.openstreetmap.org/node/2613334187,36.0720564,-5.6205885,electrocucion,distribucion,66000.0,tower,,1.0,25.675577587507565,13.035241064622655,sep,"Milano negro, Cigüeña negra, Culebrera europea"
aerogenerador,1135610427,https://www.openstreetmap.org/node/1135610427,36.121539,-5.71312,colision_aerogenerador,eolico,,2 MW,,,25.592927491098262,14.67661515332594,sep,"Culebrera europea, Águila calzada, Búho real"
aerogenerador,1135610599,https://www.openstreetmap.org/node/1135610599,36.124816,-5.7141951,colision_aerogenerador,eolico,,2 MW,,,25.592927491098262,14.67661515332594,sep,"Culebrera europea, Águila calzada, Búho real"
aerogenerador,1135610924,https://www.openstreetmap.org/node/1135610924,36.1408872,-5.7211743,colision_aerogenerador,eolico,,2 MW,,,25.444604121685003,16.321967696863524,sep,"Culebrera europea, Águila perdicera, Búho real"
aerogenerador,1135610874,https://www.openstreetmap.org/node/1135610874,36.1429955,-5.7217642,colision_aerogenerador,eolico,,2 MW,,,25.444604121685003,16.321967696863524,sep,"Culebrera europea, Águila perdicera, Búho real"
apoyo,12183779446,https://www.openstreetmap.org/node/12183779446,36.3817193,-5.3363095,electrocucion,distribucion,66000.0,tower,,1.0,25.23173497507793,13.816297791500574,oct,"Águila real, Cigüeña negra, Halcón peregrino"
apoyo,1126003738,https://www.openstreetmap.org/node/1126003738,36.2486199,-5.464736,electrocucion,distribucion,66000.0,tower,,1.0,25.210664067699167,17.292106622255993,nov,"Buitre leonado, Buitre negro, Milano real"
linea,659000364,https://www.openstreetmap.org/way/659000364,36.235376,-5.42938595,colision_linea,distribucion,66000.0,Línea de alta tensión Getares - Mercancías y Mercancías - Pinar del Rey 1,,,25.193383742486464,12.640190398217365,may,"Cigüeña blanca, Águila calzada, Abejero europeo"
apoyo,6190163503,https://www.openstreetmap.org/node/6190163503,36.192199,-5.3951746,electrocucion,distribucion,,tower,,1.0,25.177387877991208,12.916041510457864,mar,"Cigüeña blanca, Halcón peregrino, Águila calzada"
apoyo,6198754805,https://www.openstreetmap.org/node/6198754805,36.1934158,-5.3996636,electrocucion,distribucion,66000.0,tower,,1.0,25.177387877991208,12.916041510457864,mar,"Cigüeña blanca, Halcón peregrino, Águila calzada"
apoyo,6190163502,https://www.openstreetmap.org/node/6190163502,36.1929883,-5.39617,electrocucion,distribucion,,tower,,1.0,25.177387877991208,12.916041510457864,mar,"Cigüeña blanca, Halcón peregrino, Águila calzada"
apoyo,6198754942,https://www.openstreetmap.org/node/6198754942,36.192972,-5.3986229,electrocucion,distribucion,,tower,,1.0,25.177387877991208,12.916041510457864,mar,"Cigüeña blanca, Halcón peregrino, Águila calzada"
apoyo,6198754943,https://www.openstreetmap.org/node/6198754943,36.193208,-5.3961714,electrocucion,distribucion,,tower,,1.0,25.177387877991208,12.916041510457864,mar,"Cigüeña blanca, Halcón peregrino, Águila calzada"
apoyo,12187936221,https://www.openstreetmap.org/node/12187936221,36.1916392,-5.3952456,electrocucion,distribucion,66000.0,tower,,1.0,25.177387877991208,12.916041510457864,mar,"Cigüeña blanca, Halcón peregrino, Águila calzada"
apoyo,9559243953,https://www.openstreetmap.org/node/9559243953,36.0607199,-5.5951236,electrocucion,distribucion,66000.0,tower,,1.0,25.106651823049518,16.134705351440694,ago,"Milano negro, Cigüeña blanca, Alimoche"
apoyo,6413823122,https://www.openstreetmap.org/node/6413823122,36.0645583,-5.5973821,electrocucion,distribucion,66000.0,tower,,1.0,25.106651823049518,16.134705351440694,ago,"Milano negro, Cigüeña blanca, Alimoche"
apoyo,4038091693,https://www.openstreetmap.org/node/4038091693,36.1363819,-5.458951,electrocucion,distribucion,66000.0,tower,,1.3,25.10664291141872,10.666370034986745,mar,"Halcón peregrino, Milano negro, Culebrera europea"
linea,656978101,https://www.openstreetmap.org/way/656978101,36.25237215333333,-5.34122632,colision_linea,distribucion,,minor_line,,,25.07584684303464,8.288821385893447,sep,"Alimoche, Abejero europeo, Búho real"
apoyo,11732328136,https://www.openstreetmap.org/node/11732328136,36.2005122,-5.4562247,electrocucion,distribucion,66000.0,tower,,1.0,25.067796523598417,17.836567234186532,mar,"Cigüeña blanca, Culebrera europea, Milano negro"
apoyo,11732328137,https://www.openstreetmap.org/node/11732328137,36.2030229,-5.4556561,electrocucion,distribucion,66000.0,tower,,1.0,25.067796523598417,17.836567234186532,mar,"Cigüeña blanca, Culebrera europea, Milano negro"
apoyo,6239685771,https://www.openstreetmap.org/node/6239685771,36.2046418,-5.4582551,electrocucion,distribucion,66000.0,tower,,1.0,25.067796523598417,17.836567234186532,mar,"Cigüeña blanca, Culebrera europea, Milano negro"
apoyo,12229350721,https://www.openstreetmap.org/node/12229350721,36.2029996,-5.4589382,electrocucion,distribucion,66000.0,tower,,1.0,25.067796523598417,17.836567234186532,mar,"Cigüeña blanca, Culebrera europea, Milano negro"
apoyo,4038091185,https://www.openstreetmap.org/node/4038091185,36.1247291,-5.475769,electrocucion,distribucion,66000.0,tower,,0.9,25.00780163476403,12.178010450454344,oct,"Águila real, Cigüeña negra, Halcón peregrino"
apoyo,4038091184,https://www.openstreetmap.org/node/4038091184,36.1238234,-5.47766,electrocucion,distribucion,66000.0,tower,,0.9,25.00780163476403,12.178010450454344,oct,"Águila real, Cigüeña negra, Halcón peregrino"
apoyo,4038091183,https://www.openstreetmap.org/node/4038091183,36.1231814,-5.4789699,electrocucion,distribucion,66000.0,tower,,0.9,25.00780163476403,12.178010450454344,oct,"Águila real, Cigüeña negra, Halcón peregrino"
aerogenerador,1135611143,https://www.openstreetmap.org/node/1135611143,36.1470283,-5.7239099,colision_aerogenerador,eolico,,2 MW,,,24.857772215715958,15.869265642709578,jul,"Culebrera europea, Cigüeña blanca, Alimoche"
aerogenerador,1135611274,https://www.openstreetmap.org/node/1135611274,36.1454274,-5.7226876,colision_aerogenerador,eolico,,2 MW,,,24.857772215715958,15.869265642709578,jul,"Culebrera europea, Cigüeña blanca, Alimoche"
apoyo,6451372975,https://www.openstreetmap.org/node/6451372975,36.0650669,-5.7221322,electrocucion,distribucion,20000.0,pole,,1.0,24.818580603517756,13.43513569589665,ago,"Cigüeña blanca, Milano negro, Halcón peregrino"
apoyo,6451372976,https://www.openstreetmap.org/node/6451372976,36.0659483,-5.7217178,electrocucion,distribucion,20000.0,pole,,1.0,24.818580603517756,13.43513569589665,ago,"Cigüeña blanca, Milano negro, Halcón peregrino"
apoyo,6451372978,https://www.openstreetmap.org/node/6451372978,36.06993,-5.7206744,electrocucion,distribucion,20000.0,pole,,1.0,24.818580603517756,13.43513569589665,ago,"Cigüeña blanca, Milano negro, Halcón peregrino"
apoyo,6451372977,https://www.openstreetmap.org/node/6451372977,36.0675093,-5.720948,electrocucion,distribucion,20000.0,pole,,1.0,24.818580603517756,13.43513569589665,ago,"Cigüeña blanca, Milano negro, Halcón peregrino"
aerogenerador,2318258302,https://www.openstreetmap.org/node/2318258302,36.3405202,-5.9317427,colision_aerogenerador,eolico,,2 MW,,,24.781845745581784,9.807465463982028,ene,"Milano real, Águila perdicera, Águila imperial ibérica"
linea,181677160,https://www.openstreetmap.org/way/181677160,36.18442245999999,-5.38112553,colision_linea,distribucion,,minor_line,,,24.692962426259225,10.754735036654361,mar,"Halcón peregrino, Cigüeña blanca, Águila calzada"
aerogenerador,1133895731,https://www.openstreetmap.org/node/1133895731,36.137527,-5.826482,colision_aerogenerador,eolico,,2 MW,,,24.669490902970455,12.00982548790582,nov,"Buitre negro, Águila perdicera, Culebrera europea"
aerogenerador,1133895000,https://www.openstreetmap.org/node/1133895000,36.1357885,-5.8259313,colision_aerogenerador,eolico,,2 MW,,,24.669490902970455,12.00982548790582,nov,"Buitre negro, Águila perdicera, Culebrera europea"
aerogenerador,1133895188,https://www.openstreetmap.org/node/1133895188,36.1392344,-5.827155,colision_aerogenerador,eolico,,2 MW,,,24.669490902970455,12.00982548790582,nov,"Buitre negro, Águila perdicera, Culebrera europea"
aerogenerador,9593802386,https://www.openstreetmap.org/node/9593802386,36.1322663,-5.7968961,colision_aerogenerador,eolico,,2 MW,,,24.609918088545413,13.453032204673178,oct,"Águila perdicera, Cigüeña negra, Halcón peregrino"
aerogenerador,1133894737,https://www.openstreetmap.org/node/1133894737,36.1341471,-5.7963175,colision_aerogenerador,eolico,,2 MW,,,24.609918088545413,13.453032204673178,oct,"Águila perdicera, Cigüeña negra, Halcón peregrino"
apoyo,3455539573,https://www.openstreetmap.org/node/3455539573,36.1904036,-5.7931621,electrocucion,distribucion,66000.0,tower,,1.0,24.584642652265885,16.396462379918933,jul,"Culebrera europea, Cigüeña blanca, Halcón peregrino"
aerogenerador,1126003734,https://www.openstreetmap.org/node/1126003734,36.2533626,-5.4729415,colision_aerogenerador,eolico,,3 MW,,,24.570787564048203,16.22078723152641,nov,"Buitre leonado, Buitre negro, Milano real"
aerogenerador,1133895194,https://www.openstreetmap.org/node/1133895194,36.1360669,-5.8026601,colision_aerogenerador,eolico,,2 MW,,,24.546162772576313,13.175411181400714,nov,"Buitre negro, Grulla común, Águila perdicera"
aerogenerador,1133895477,https://www.openstreetmap.org/node/1133895477,36.1379713,-5.803,colision_aerogenerador,eolico,,2 MW,,,24.546162772576313,13.175411181400714,nov,"Buitre negro, Grulla común, Águila perdicera"
apoyo,6406806914,https://www.openstreetmap.org/node/6406806914,36.0877253,-5.5198856,electrocucion,distribucion,20000.0,pole,,1.0,24.495283794459112,13.654377814826043,oct,"Águila real, Milano real, Culebrera europea"
aerogenerador,1135673943,https://www.openstreetmap.org/node/1135673943,36.1545317,-5.7201948,colision_aerogenerador,eolico,,1.6 MW,,,24.479236281422192,15.201649049440135,jul,"Culebrera europea, Cigüeña blanca, Alimoche"
aerogenerador,1135674097,https://www.openstreetmap.org/node/1135674097,36.1526458,-5.7201277,colision_aerogenerador,eolico,,1.6 MW,,,24.479236281422192,15.201649049440135,jul,"Culebrera europea, Cigüeña blanca, Alimoche"
linea,1316892964,https://www.openstreetmap.org/way/1316892964,36.20065024444445,-5.37905691111111,colision_linea,transporte,220000.0,Línea de alta tensión Algeciras - Nueva Casares y Algeciras - Puerto Real,Red Eléctrica de España,,24.40466563982784,13.513472302139858,mar,"Halcón peregrino, Cigüeña blanca, Águila calzada"
aerogenerador,1135687531,https://www.openstreetmap.org/node/1135687531,36.1633662,-5.6750795,colision_aerogenerador,eolico,,1.8 MW,,,24.37352713058532,12.017490223500618,mar,"Búho real, Alimoche, Cigüeña negra"
aerogenerador,1135687386,https://www.openstreetmap.org/node/1135687386,36.1615256,-5.6768386,colision_aerogenerador,eolico,,1.8 MW,,,24.37352713058532,12.017490223500618,mar,"Búho real, Alimoche, Cigüeña negra"
apoyo,6109122343,https://www.openstreetmap.org/node/6109122343,36.3787836,-5.3226762,electrocucion,distribucion,,tower,,1.0,24.353014805146728,13.883922428807614,oct,"Águila real, Halcón peregrino, Cigüeña negra"
apoyo,6109122344,https://www.openstreetmap.org/node/6109122344,36.3787944,-5.3212278,electrocucion,distribucion,,tower,,1.0,24.353014805146728,13.883922428807614,oct,"Águila real, Halcón peregrino, Cigüeña negra"
apoyo,6109122342,https://www.openstreetmap.org/node/6109122342,36.3787998,-5.324252,electrocucion,distribucion,,tower,,1.0,24.353014805146728,13.883922428807614,oct,"Águila real, Halcón peregrino, Cigüeña negra"
apoyo,6710451003,https://www.openstreetmap.org/node/6710451003,36.3256378,-5.9484315,electrocucion,distribucion,66000.0,tower,,1.0,24.330659811943523,10.289471927498218,dic,"Águila imperial ibérica, Milano real, Águila real"
apoyo,2016382993,https://www.openstreetmap.org/node/2016382993,36.3284312,-5.9472146,electrocucion,distribucion,66000.0,tower,,1.0,24.330659811943523,10.289471927498218,dic,"Águila imperial ibérica, Milano real, Águila real"
apoyo,2613220423,https://www.openstreetmap.org/node/2613220423,36.0833664,-5.7623924,electrocucion,distribucion,20000.0,tower,,1.0,24.299150271495204,14.397400877548149,sep,"Culebrera europea, Buitre leonado, Cigüeña negra"
apoyo,2613220424,https://www.openstreetmap.org/node/2613220424,36.0837142,-5.7603895,electrocucion,distribucion,20000.0,tower,,1.0,24.299150271495204,14.397400877548149,sep,"Culebrera europea, Buitre leonado, Cigüeña negra"
apoyo,2613220366,https://www.openstreetmap.org/node/2613220366,36.0767251,-5.71565,electrocucion,distribucion,20000.0,tower,,1.0,24.2491641224689,13.33660995052722,ago,"Cigüeña blanca, Milano negro, Halcón peregrino"
apoyo,6450601906,https://www.openstreetmap.org/node/6450601906,36.0767763,-5.7150404,electrocucion,distribucion,20000.0,tower,,1.0,24.2491641224689,13.33660995052722,ago,"Cigüeña blanca, Milano negro, Halcón peregrino"
apoyo,6171518819,https://www.openstreetmap.org/node/6171518819,36.2399347,-5.4265273,electrocucion,distribucion,15000.0,pole,,1.0,24.17700676545702,12.710645556463012,may,"Cigüeña blanca, Águila calzada, Abejero europeo"
apoyo,6170070463,https://www.openstreetmap.org/node/6170070463,36.2356354,-5.4294281,electrocucion,distribucion,66000.0,tower,,1.0,24.17700676545702,12.710645556463012,may,"Cigüeña blanca, Águila calzada, Abejero europeo"
apoyo,6170070464,https://www.openstreetmap.org/node/6170070464,36.2364673,-5.4264933,electrocucion,distribucion,66000.0,tower,,1.0,24.17700676545702,12.710645556463012,may,"Cigüeña blanca, Águila calzada, Abejero europeo"
apoyo,4038091909,https://www.openstreetmap.org/node/4038091909,36.236638,-5.4252755,electrocucion,distribucion,66000.0,tower,,1.0,24.17700676545702,12.710645556463012,may,"Cigüeña blanca, Águila calzada, Abejero europeo"
apoyo,4038091908,https://www.openstreetmap.org/node/4038091908,36.2360166,-5.4275912,electrocucion,distribucion,66000.0,tower,,1.0,24.17700676545702,12.710645556463012,may,"Cigüeña blanca, Águila calzada, Abejero europeo"
apoyo,3455539592,https://www.openstreetmap.org/node/3455539592,36.2481242,-5.8827674,electrocucion,distribucion,66000.0,tower,,1.0,24.077757023011568,14.090387946157099,feb,"Águila real, Búho real, Halcón peregrino"
apoyo,3455539893,https://www.openstreetmap.org/node/3455539893,36.2496937,-5.8834279,electrocucion,distribucion,66000.0,tower,,1.0,24.077757023011568,14.090387946157099,feb,"Águila real, Búho real, Halcón peregrino"
apoyo,6646203194,https://www.openstreetmap.org/node/6646203194,36.2479972,-5.8762345,electrocucion,distribucion,66000.0,tower,,1.0,24.070266252073342,13.66595870636803,feb,"Águila real, Cigüeña negra, Halcón peregrino"
apoyo,3455539591,https://www.openstreetmap.org/node/3455539591,36.2480571,-5.8794992,electrocucion,distribucion,66000.0,tower,,1.0,24.070266252073342,13.66595870636803,feb,"Águila real, Cigüeña negra, Halcón peregrino"
apoyo,2613220380,https://www.openstreetmap.org/node/2613220380,36.0783268,-5.7313616,electrocucion,distribucion,20000.0,tower,,1.0,23.9782182188819,13.539289961993672,ago,"Cigüeña blanca, Halcón peregrino, Milano negro"
apoyo,2613220372,https://www.openstreetmap.org/node/2613220372,36.0777974,-5.7302618,electrocucion,distribucion,20000.0,tower,,1.0,23.9782182188819,13.539289961993672,ago,"Cigüeña blanca, Halcón peregrino, Milano negro"
apoyo,2613220385,https://www.openstreetmap.org/node/2613220385,36.0791145,-5.7331407,electrocucion,distribucion,20000.0,tower,,1.0,23.9782182188819,13.539289961993672,ago,"Cigüeña blanca, Halcón peregrino, Milano negro"
apoyo,6616118970,https://www.openstreetmap.org/node/6616118970,36.2527385,-5.9462267,electrocucion,distribucion,20000.0,tower,,1.0,23.97342857272061,10.232121294594192,abr,"Águila real, Búho real, Cigüeña blanca"
apoyo,3455539569,https://www.openstreetmap.org/node/3455539569,36.1805034,-5.7975703,electrocucion,distribucion,66000.0,tower,,1.0,23.907865082362125,13.654022497247539,jul,"Alimoche, Culebrera europea, Halcón peregrino"
apoyo,3455539570,https://www.openstreetmap.org/node/3455539570,36.1830664,-5.79643,electrocucion,distribucion,66000.0,tower,,1.0,23.907865082362125,13.654022497247539,jul,"Alimoche, Culebrera europea, Halcón peregrino"
apoyo,10560081311,https://www.openstreetmap.org/node/10560081311,36.2154512,-5.9420323,electrocucion,distribucion,20000.0,tower,,1.0,23.855310393803524,11.619733925774211,abr,"Águila real, Búho real, Cigüeña blanca"
apoyo,10560081314,https://www.openstreetmap.org/node/10560081314,36.2166367,-5.9413057,electrocucion,distribucion,20000.0,tower,,1.0,23.855310393803524,11.619733925774211,abr,"Águila real, Búho real, Cigüeña blanca"
apoyo,10560081315,https://www.openstreetmap.org/node/10560081315,36.2174479,-5.9420187,electrocucion,distribucion,20000.0,tower,,1.0,23.855310393803524,11.619733925774211,abr,"Águila real, Búho real, Cigüeña blanca"
apoyo,6619841993,https://www.openstreetmap.org/node/6619841993,36.2150687,-5.944431,electrocucion,distribucion,20000.0,pole,,1.0,23.855310393803524,11.619733925774211,abr,"Águila real, Búho real, Cigüeña blanca"
apoyo,10560081316,https://www.openstreetmap.org/node/10560081316,36.2180551,-5.9425596,electrocucion,distribucion,20000.0,tower,,1.0,23.855310393803524,11.619733925774211,abr,"Águila real, Búho real, Cigüeña blanca"
apoyo,10560081313,https://www.openstreetmap.org/node/10560081313,36.216399,-5.9410936,electrocucion,distribucion,20000.0,tower,,1.0,23.855310393803524,11.619733925774211,abr,"Águila real, Búho real, Cigüeña blanca"
apoyo,10560081312,https://www.openstreetmap.org/node/10560081312,36.2159992,-5.9410741,electrocucion,distribucion,20000.0,tower,,1.0,23.855310393803524,11.619733925774211,abr,"Águila real, Búho real, Cigüeña blanca"
apoyo,10560081310,https://www.openstreetmap.org/node/10560081310,36.2151201,-5.9438941,electrocucion,distribucion,20000.0,tower,,1.0,23.855310393803524,11.619733925774211,abr,"Águila real, Búho real, Cigüeña blanca"
aerogenerador,1133862150,https://www.openstreetmap.org/node/1133862150,36.1691863,-5.8105085,colision_aerogenerador,eolico,,2 MW,,,23.800768642179506,12.828725665650685,nov,"Buitre negro, Halcón peregrino, Águila perdicera"
aerogenerador,1133861991,https://www.openstreetmap.org/node/1133861991,36.1661384,-5.8101874,colision_aerogenerador,eolico,,1.8 MW,,,23.800768642179506,12.828725665650685,nov,"Buitre negro, Halcón peregrino, Águila perdicera"
aerogenerador,1133861826,https://www.openstreetmap.org/node/1133861826,36.1676996,-5.8103776,colision_aerogenerador,eolico,,1.8 MW,,,23.800768642179506,12.828725665650685,nov,"Buitre negro, Halcón peregrino, Águila perdicera"
aerogenerador,1133894931,https://www.openstreetmap.org/node/1133894931,36.152532,-5.81391,colision_aerogenerador,eolico,,2 MW,,,23.77388808991465,11.33423861276925,nov,"Buitre negro, Águila perdicera, Halcón peregrino"
aerogenerador,1133895651,https://www.openstreetmap.org/node/1133895651,36.1508313,-5.8137527,colision_aerogenerador,eolico,,2 MW,,,23.77388808991465,11.33423861276925,nov,"Buitre negro, Águila perdicera, Halcón peregrino"
apoyo,12218053064,https://www.openstreetmap.org/node/12218053064,36.2521032,-5.8844487,electrocucion,distribucion,66000.0,tower,,1.0,23.733435616706426,13.100375218229123,feb,"Águila real, Búho real, Águila imperial ibérica"
apoyo,6239685769,https://www.openstreetmap.org/node/6239685769,36.2070398,-5.4545456,electrocucion,distribucion,66000.0,tower,,1.0,23.700012893451124,16.322912816770646,mar,"Cigüeña blanca, Culebrera europea, Milano negro"
apoyo,11732328139,https://www.openstreetmap.org/node/11732328139,36.2091997,-5.452888,electrocucion,distribucion,66000.0,tower,,1.0,23.700012893451124,16.322912816770646,mar,"Cigüeña blanca, Culebrera europea, Milano negro"
apoyo,11732328138,https://www.openstreetmap.org/node/11732328138,36.2070484,-5.4547548,electrocucion,distribucion,66000.0,tower,,1.0,23.700012893451124,16.322912816770646,mar,"Cigüeña blanca, Culebrera europea, Milano negro"
apoyo,6394097628,https://www.openstreetmap.org/node/6394097628,36.0692817,-5.5142838,electrocucion,distribucion,66000.0,tower,,1.0,23.674819496124165,13.34267818935166,nov,"Buitre negro, Milano real, Halcón peregrino"
apoyo,6198877565,https://www.openstreetmap.org/node/6198877565,36.1931658,-5.4112414,electrocucion,distribucion,,tower,,1.0,23.487147247083527,16.338201084934962,mar,"Cigüeña blanca, Águila calzada, Halcón peregrino"
apoyo,11732297009,https://www.openstreetmap.org/node/11732297009,36.1916592,-5.4107183,electrocucion,distribucion,66000.0,tower,,1.0,23.487147247083527,16.338201084934962,mar,"Cigüeña blanca, Águila calzada, Halcón peregrino"
apoyo,6198877564,https://www.openstreetmap.org/node/6198877564,36.1921527,-5.4117483,electrocucion,distribucion,,tower,,1.0,23.487147247083527,16.338201084934962,mar,"Cigüeña blanca, Águila calzada, Halcón peregrino"
apoyo,11732297006,https://www.openstreetmap.org/node/11732297006,36.1904437,-5.4129271,electrocucion,distribucion,,tower,,1.0,23.487147247083527,16.338201084934962,mar,"Cigüeña blanca, Águila calzada, Halcón peregrino"
apoyo,11732297007,https://www.openstreetmap.org/node/11732297007,36.1902316,-5.4126388,electrocucion,distribucion,,tower,,1.0,23.487147247083527,16.338201084934962,mar,"Cigüeña blanca, Águila calzada, Halcón peregrino"
apoyo,11732297008,https://www.openstreetmap.org/node/11732297008,36.1902997,-5.4124832,electrocucion,distribucion,66000.0,tower,,1.0,23.487147247083527,16.338201084934962,mar,"Cigüeña blanca, Águila calzada, Halcón peregrino"
apoyo,6198877566,https://www.openstreetmap.org/node/6198877566,36.1944299,-5.4105842,electrocucion,distribucion,,tower,,1.0,23.487147247083527,16.338201084934962,mar,"Cigüeña blanca, Águila calzada, Halcón peregrino"
apoyo,6198877562,https://www.openstreetmap.org/node/6198877562,36.1904751,-5.413025,electrocucion,distribucion,,tower,,1.0,23.487147247083527,16.338201084934962,mar,"Cigüeña blanca, Águila calzada, Halcón peregrino"
apoyo,6198877563,https://www.openstreetmap.org/node/6198877563,36.1911115,-5.4126146,electrocucion,distribucion,,tower,,1.0,23.487147247083527,16.338201084934962,mar,"Cigüeña blanca, Águila calzada, Halcón peregrino"
apoyo,1126004406,https://www.openstreetmap.org/node/1126004406,36.2483908,-5.4588033,electrocucion,distribucion,66000.0,tower,,1.0,23.47424478541499,16.366745738860114,nov,"Buitre negro, Buitre leonado, Milano real"
apoyo,2613220326,https://www.openstreetmap.org/node/2613220326,36.0754076,-5.722483,electrocucion,distribucion,20000.0,tower,,1.0,23.43302030287118,12.943712159684452,ago,"Cigüeña blanca, Milano negro, Halcón peregrino"
apoyo,2613220318,https://www.openstreetmap.org/node/2613220318,36.0750285,-5.7243154,electrocucion,distribucion,20000.0,tower,,1.0,23.43302030287118,12.943712159684452,ago,"Cigüeña blanca, Milano negro, Halcón peregrino"
apoyo,6616118968,https://www.openstreetmap.org/node/6616118968,36.2458426,-5.9458485,electrocucion,distribucion,20000.0,tower,,1.0,23.36739987435384,10.176882811820292,abr,"Águila real, Búho real, Cigüeña blanca"
apoyo,6616118969,https://www.openstreetmap.org/node/6616118969,36.2498789,-5.9460604,electrocucion,distribucion,20000.0,tower,,1.0,23.36739987435384,10.176882811820292,abr,"Águila real, Búho real, Cigüeña blanca"
aerogenerador,1133894964,https://www.openstreetmap.org/node/1133894964,36.1309024,-5.8000685,colision_aerogenerador,eolico,,2 MW,,,23.246724679996113,12.689281168093487,oct,"Águila perdicera, Cigüeña negra, Halcón peregrino"
aerogenerador,1133895141,https://www.openstreetmap.org/node/1133895141,36.1338465,-5.8026722,colision_aerogenerador,eolico,,2 MW,,,23.246724679996113,12.689281168093487,oct,"Águila perdicera, Cigüeña negra, Halcón peregrino"
apoyo,11732328129,https://www.openstreetmap.org/node/11732328129,36.1846583,-5.4667819,electrocucion,distribucion,66000.0,tower,,1.0,23.21049250014096,15.328626207471013,sep,"Cigüeña blanca, Águila calzada, Abejero europeo"
apoyo,6239877394,https://www.openstreetmap.org/node/6239877394,36.1840478,-5.4681096,electrocucion,distribucion,66000.0,tower,,1.0,23.21049250014096,15.328626207471013,sep,"Cigüeña blanca, Águila calzada, Abejero europeo"
apoyo,6239877393,https://www.openstreetmap.org/node/6239877393,36.1816385,-5.4695965,electrocucion,distribucion,66000.0,tower,,1.0,23.21049250014096,15.328626207471013,sep,"Cigüeña blanca, Águila calzada, Abejero europeo"
apoyo,6712759365,https://www.openstreetmap.org/node/6712759365,36.3293103,-5.7875016,electrocucion,distribucion,,pole,,1.1,23.1396996284884,14.342686839815164,feb,"Milano real, Águila imperial ibérica, Águila real"
aerogenerador,1133861942,https://www.openstreetmap.org/node/1133861942,36.1695484,-5.7981421,colision_aerogenerador,eolico,,1.8 MW,,,22.823060521328415,15.370579186471206,jul,"Alimoche, Culebrera europea, Búho real"
aerogenerador,1133861868,https://www.openstreetmap.org/node/1133861868,36.1663596,-5.7976259,colision_aerogenerador,eolico,,1.8 MW,,,22.823060521328415,15.370579186471206,jul,"Alimoche, Culebrera europea, Búho real"
aerogenerador,1133862118,https://www.openstreetmap.org/node/1133862118,36.1679318,-5.7979502,colision_aerogenerador,eolico,,1.8 MW,,,22.823060521328415,15.370579186471206,jul,"Alimoche, Culebrera europea, Búho real"
apoyo,6239877397,https://www.openstreetmap.org/node/6239877397,36.1946329,-5.4626969,electrocucion,distribucion,66000.0,tower,,1.0,22.810923420213086,17.67181777359394,ago,"Milano negro, Águila calzada, Cigüeña blanca"
apoyo,11732328132,https://www.openstreetmap.org/node/11732328132,36.1944689,-5.4614282,electrocucion,distribucion,66000.0,tower,,1.0,22.810923420213086,17.67181777359394,ago,"Milano negro, Águila calzada, Cigüeña blanca"
apoyo,6239877396,https://www.openstreetmap.org/node/6239877396,36.1932951,-5.4633013,electrocucion,distribucion,66000.0,tower,,1.0,22.810923420213086,17.67181777359394,ago,"Milano negro, Águila calzada, Cigüeña blanca"
apoyo,11732328131,https://www.openstreetmap.org/node/11732328131,36.1902348,-5.4637778,electrocucion,distribucion,66000.0,tower,,1.0,22.810923420213086,17.67181777359394,ago,"Milano negro, Águila calzada, Cigüeña blanca"
apoyo,3455539556,https://www.openstreetmap.org/node/3455539556,36.0862123,-5.6534247,electrocucion,distribucion,66000.0,tower,,1.0,22.79881821707923,12.266873924698771,sep,"Cigüeña negra, Milano negro, Alimoche"
apoyo,3455539552,https://www.openstreetmap.org/node/3455539552,36.0852414,-5.6523426,electrocucion,distribucion,66000.0,tower,,1.0,22.79881821707923,12.266873924698771,sep,"Cigüeña negra, Milano negro, Alimoche"
aerogenerador,1133862358,https://www.openstreetmap.org/node/1133862358,36.1728261,-5.798256,colision_aerogenerador,eolico,,2 MW,,,22.77575832778488,14.023852659252526,jul,"Alimoche, Culebrera europea, Búho real"
aerogenerador,1133869335,https://www.openstreetmap.org/node/1133869335,36.1742986,-5.7969371,colision_aerogenerador,eolico,,800 kW,,,22.77575832778488,14.023852659252526,jul,"Alimoche, Culebrera europea, Búho real"
aerogenerador,1133861911,https://www.openstreetmap.org/node/1133861911,36.1711878,-5.7981643,colision_aerogenerador,eolico,,1.8 MW,,,22.77575832778488,14.023852659252526,jul,"Alimoche, Culebrera europea, Búho real"
linea,401373753,https://www.openstreetmap.org/way/401373753,36.22074102727272,-5.415030609090909,colision_linea,distribucion,66000.0,Línea de alta tensión Pinar del Rey - San Roque,,,22.737138289150998,13.880441269324486,may,"Cigüeña blanca, Águila calzada, Águila real"
apoyo,6450601905,https://www.openstreetmap.org/node/6450601905,36.076915,-5.712609,electrocucion,distribucion,20000.0,tower,,1.0,22.72406422868457,11.812840923373903,sep,"Cigüeña negra, Abejero europeo, Águila calzada"
apoyo,6450601904,https://www.openstreetmap.org/node/6450601904,36.0770353,-5.7103372,electrocucion,distribucion,20000.0,tower,,1.0,22.72406422868457,11.812840923373903,sep,"Cigüeña negra, Abejero europeo, Águila calzada"
aerogenerador,1135616816,https://www.openstreetmap.org/node/1135616816,36.1536816,-5.7704268,colision_aerogenerador,eolico,,300 kW,,,22.695783445022688,15.554130483498113,feb,"Búho real, Águila real, Grulla común"
aerogenerador,1135616851,https://www.openstreetmap.org/node/1135616851,36.1529012,-5.7702889,colision_aerogenerador,eolico,,300 kW,,,22.695783445022688,15.554130483498113,feb,"Búho real, Águila real, Grulla común"
aerogenerador,1135616581,https://www.openstreetmap.org/node/1135616581,36.1522585,-5.7701924,colision_aerogenerador,eolico,,300 kW,,,22.695783445022688,15.554130483498113,feb,"Búho real, Águila real, Grulla común"
apoyo,3455539566,https://www.openstreetmap.org/node/3455539566,36.1722665,-5.8012451,electrocucion,distribucion,66000.0,tower,,1.0,22.68780788601695,14.32899546294476,jul,"Alimoche, Culebrera europea, Halcón peregrino"
apoyo,6190163488,https://www.openstreetmap.org/node/6190163488,36.2083015,-5.4054652,electrocucion,desconocida,,tower,,1.3,22.677626460947035,14.540344862654536,may,"Cigüeña blanca, Águila calzada, Águila real"
linea,659000348,https://www.openstreetmap.org/way/659000348,36.301994339344255,-5.432526301639345,colision_linea,distribucion,15000.0,minor_line,,,22.67442876128229,8.342070002470031,sep,"Abejero europeo, Águila calzada, Culebrera europea"
linea,651499152,https://www.openstreetmap.org/way/651499152,36.37879622222223,-5.3189161,colision_linea,distribucion,,minor_line,,,22.637101521215826,11.434121936432108,oct,"Águila real, Halcón peregrino, Cigüeña negra"
apoyo,6434174484,https://www.openstreetmap.org/node/6434174484,36.051351,-5.6399078,electrocucion,distribucion,20000.0,tower,,1.0,22.63020925312755,9.916544725128096,ago,"Milano negro, Cigüeña blanca, Culebrera europea"
apoyo,9702213622,https://www.openstreetmap.org/node/9702213622,36.0505422,-5.638348,electrocucion,distribucion,20000.0,tower,,1.0,22.63020925312755,9.916544725128096,ago,"Milano negro, Cigüeña blanca, Culebrera europea"
linea,661186385,https://www.openstreetmap.org/way/661186385,36.2051309,-5.406119,colision_linea,distribucion,66000.0,line,,,22.622766960859817,14.48242842376221,abr,"Cigüeña blanca, Águila calzada, Culebrera europea"
linea,1322826729,https://www.openstreetmap.org/way/1322826729,36.21187945,-5.4157589999999995,colision_linea,transporte,220000.0,line,Red Eléctrica de España,,22.522503809211017,13.832644463792631,may,"Cigüeña blanca, Águila calzada, Águila real"
linea,1322826728,https://www.openstreetmap.org/way/1322826728,36.21186985,-5.4158489,colision_linea,transporte,220000.0,line,Red Eléctrica de España,,22.522503809211017,13.832644463792631,may,"Cigüeña blanca, Águila calzada, Águila real"
linea,1322826725,https://www.openstreetmap.org/way/1322826725,36.211745175,-5.415753275,colision_linea,transporte,220000.0,line,,,22.522503809211017,13.832644463792631,may,"Cigüeña blanca, Águila calzada, Águila real"
apoyo,6345477029,https://www.openstreetmap.org/node/6345477029,36.2471774,-5.4386553,electrocucion,distribucion,15000.0,pole,,1.0,22.471868331280024,13.525070659027625,may,"Cigüeña blanca, Águila calzada, Abejero europeo"
apoyo,6345477028,https://www.openstreetmap.org/node/6345477028,36.245958,-5.4382453,electrocucion,distribucion,15000.0,pole,,1.0,22.471868331280024,13.525070659027625,may,"Cigüeña blanca, Águila calzada, Abejero europeo"
apoyo,1126004216,https://www.openstreetmap.org/node/1126004216,36.2476593,-5.4392726,electrocucion,distribucion,66000.0,tower,,1.0,22.471868331280024,13.525070659027625,may,"Cigüeña blanca, Águila calzada, Abejero europeo"
aerogenerador,1133895328,https://www.openstreetmap.org/node/1133895328,36.1430221,-5.8156557,colision_aerogenerador,eolico,,2 MW,,,22.445787410096425,10.687205130442058,nov,"Buitre negro, Águila perdicera, Halcón peregrino"
aerogenerador,1133895026,https://www.openstreetmap.org/node/1133895026,36.1414199,-5.8159447,colision_aerogenerador,eolico,,2 MW,,,22.445787410096425,10.687205130442058,nov,"Buitre negro, Águila perdicera, Halcón peregrino"
apoyo,6345477030,https://www.openstreetmap.org/node/6345477030,36.248467,-5.4390243,electrocucion,distribucion,15000.0,pole,,0.99,22.247149647967223,13.389819952437348,may,"Cigüeña blanca, Águila calzada, Abejero europeo"
aerogenerador,1135691050,https://www.openstreetmap.org/node/1135691050,36.1687379,-5.6512671,colision_aerogenerador,eolico,,1.8 MW,,,22.20921884122116,9.857944221013184,sep,"Águila calzada, Abejero europeo, Águila perdicera"
aerogenerador,1135691248,https://www.openstreetmap.org/node/1135691248,36.1661472,-5.6520349,colision_aerogenerador,eolico,,1.8 MW,,,22.20921884122116,9.857944221013184,sep,"Águila calzada, Abejero europeo, Águila perdicera"
linea,659166347,https://www.openstreetmap.org/way/659166347,36.3071905,-5.433449025,colision_linea,distribucion,15000.0,minor_line,,,22.19433089123681,7.515087744900749,sep,"Abejero europeo, Águila calzada, Culebrera europea"
apoyo,1135610956,https://www.openstreetmap.org/node/1135610956,36.1465117,-5.7198223,electrocucion,distribucion,66000.0,tower,,1.0,22.180299544664294,15.241216432138081,sep,"Culebrera europea, Águila calzada, Alimoche"
apoyo,6538188632,https://www.openstreetmap.org/node/6538188632,36.1498959,-5.71888,electrocucion,distribucion,20000.0,tower,,1.0,22.180299544664294,15.241216432138081,sep,"Culebrera europea, Águila calzada, Alimoche"
linea,1316892956,https://www.openstreetmap.org/way/1316892956,36.18726713,-5.39140384,colision_linea,distribucion,66000.0,Línea de alta tensión Algeciras - Campamento San Roque Eastman y Algeciras - Getesa,,,22.179724227354228,10.042300814436654,mar,"Cigüeña blanca, Halcón peregrino, Águila calzada"
apoyo,2612084266,https://www.openstreetmap.org/node/2612084266,36.1926742,-5.7921439,electrocucion,distribucion,66000.0,tower,,0.9,22.126178387039296,14.756816141927041,jul,"Culebrera europea, Cigüeña blanca, Halcón peregrino"
aerogenerador,1135610243,https://www.openstreetmap.org/node/1135610243,36.1504246,-5.7266735,colision_aerogenerador,eolico,,2 MW,,,22.07614303395161,14.174008221759452,jul,"Culebrera europea, Cigüeña blanca, Alimoche"
aerogenerador,1135610135,https://www.openstreetmap.org/node/1135610135,36.1520224,-5.7286743,colision_aerogenerador,eolico,,2 MW,,,22.07614303395161,14.174008221759452,jul,"Culebrera europea, Cigüeña blanca, Alimoche"
aerogenerador,1135687412,https://www.openstreetmap.org/node/1135687412,36.165884,-5.6729596,colision_aerogenerador,eolico,,1.8 MW,,,22.064756851047765,10.526853213670547,mar,"Búho real, Alimoche, Águila calzada"
aerogenerador,1135687309,https://www.openstreetmap.org/node/1135687309,36.1678358,-5.6716124,colision_aerogenerador,eolico,,1.8 MW,,,22.064756851047765,10.526853213670547,mar,"Búho real, Alimoche, Águila calzada"
aerogenerador,1133862125,https://www.openstreetmap.org/node/1133862125,36.1529958,-5.798103,colision_aerogenerador,eolico,,2 MW,,,22.033724224730662,12.451115921831864,nov,"Buitre negro, Águila perdicera, Halcón peregrino"
aerogenerador,1133862364,https://www.openstreetmap.org/node/1133862364,36.150793,-5.7980779,colision_aerogenerador,eolico,,2 MW,,,22.033724224730662,12.451115921831864,nov,"Buitre negro, Águila perdicera, Halcón peregrino"
apoyo,4038091958,https://www.openstreetmap.org/node/4038091958,36.2492261,-5.3490251,electrocucion,distribucion,66000.0,tower,,1.0,21.963399706266273,7.777064315755798,sep,"Alimoche, Abejero europeo, Águila calzada"
apoyo,4038091957,https://www.openstreetmap.org/node/4038091957,36.2489787,-5.3467497,electrocucion,distribucion,66000.0,tower,,1.0,21.963399706266273,7.777064315755798,sep,"Alimoche, Abejero europeo, Águila calzada"
linea,1422636897,https://www.openstreetmap.org/way/1422636897,36.183390200000005,-5.3866521,colision_linea,distribucion,,minor_line,,,21.963130263536577,8.65451732591907,mar,"Halcón peregrino, Cigüeña blanca, Águila calzada"
linea,1316892959,https://www.openstreetmap.org/way/1316892959,36.18389115,-5.38920965,colision_linea,distribucion,66000.0,line,,,21.963130263536577,8.65451732591907,mar,"Halcón peregrino, Cigüeña blanca, Águila calzada"
linea,1262722040,https://www.openstreetmap.org/way/1262722040,36.18361095,-5.38772155,colision_linea,transporte,220000.0,line,,,21.963130263536577,8.65451732591907,mar,"Halcón peregrino, Cigüeña blanca, Águila calzada"
linea,1316892958,https://www.openstreetmap.org/way/1316892958,36.18391055,-5.3893502,colision_linea,distribucion,,minor_line,,,21.963130263536577,8.65451732591907,mar,"Halcón peregrino, Cigüeña blanca, Águila calzada"
linea,661859191,https://www.openstreetmap.org/way/661859191,36.183855300000005,-5.3896852,colision_linea,distribucion,,minor_line,,,21.963130263536577,8.65451732591907,mar,"Halcón peregrino, Cigüeña blanca, Águila calzada"
linea,661859190,https://www.openstreetmap.org/way/661859190,36.1838521,-5.3897252,colision_linea,distribucion,,minor_line,,,21.963130263536577,8.65451732591907,mar,"Halcón peregrino, Cigüeña blanca, Águila calzada"
linea,661859187,https://www.openstreetmap.org/way/661859187,36.183896250000004,-5.389526099999999,colision_linea,distribucion,,minor_line,,,21.963130263536577,8.65451732591907,mar,"Halcón peregrino, Cigüeña blanca, Águila calzada"
linea,1316892960,https://www.openstreetmap.org/way/1316892960,36.18388945,-5.38923235,colision_linea,distribucion,66000.0,line,,,21.963130263536577,8.65451732591907,mar,"Halcón peregrino, Cigüeña blanca, Águila calzada"
linea,661859188,https://www.openstreetmap.org/way/661859188,36.183892799999995,-5.3895684500000005,colision_linea,distribucion,,minor_line,,,21.963130263536577,8.65451732591907,mar,"Halcón peregrino, Cigüeña blanca, Águila calzada"
linea,1316892962,https://www.openstreetmap.org/way/1316892962,36.18446455,-5.38842315,colision_linea,transporte,220000.0,line,Red Eléctrica de España,,21.963130263536577,8.65451732591907,mar,"Halcón peregrino, Cigüeña blanca, Águila calzada"
linea,1316892961,https://www.openstreetmap.org/way/1316892961,36.18435885,-5.38877475,colision_linea,distribucion,66000.0,line,,,21.963130263536577,8.65451732591907,mar,"Halcón peregrino, Cigüeña blanca, Águila calzada"
linea,1316892957,https://www.openstreetmap.org/way/1316892957,36.183886,-5.3893857,colision_linea,distribucion,,minor_line,,,21.963130263536577,8.65451732591907,mar,"Halcón peregrino, Cigüeña blanca, Águila calzada"
linea,1262722041,https://www.openstreetmap.org/way/1262722041,36.18358875,-5.3876528,colision_linea,transporte,220000.0,line,,,21.963130263536577,8.65451732591907,mar,"Halcón peregrino, Cigüeña blanca, Águila calzada"
linea,1262722038,https://www.openstreetmap.org/way/1262722038,36.1837163,-5.388709,colision_linea,transporte,220000.0,line,Red Eléctrica de España,,21.963130263536577,8.65451732591907,mar,"Halcón peregrino, Cigüeña blanca, Águila calzada"
linea,1262722039,https://www.openstreetmap.org/way/1262722039,36.18373243333334,-5.3882525,colision_linea,transporte,220000.0,line,Red Eléctrica de España,,21.963130263536577,8.65451732591907,mar,"Halcón peregrino, Cigüeña blanca, Águila calzada"
apoyo,4038091721,https://www.openstreetmap.org/node/4038091721,36.1842247,-5.4704072,electrocucion,distribucion,66000.0,tower,,1.0,21.947465527639263,14.146027008671687,sep,"Cigüeña blanca, Abejero europeo, Águila calzada"
apoyo,4038091719,https://www.openstreetmap.org/node/4038091719,36.1813729,-5.4711383,electrocucion,distribucion,66000.0,tower,,1.0,21.947465527639263,14.146027008671687,sep,"Cigüeña blanca, Abejero europeo, Águila calzada"
linea,688028159,https://www.openstreetmap.org/way/688028159,36.0980356,-5.71025135,colision_linea,distribucion,20000.0,minor_line,,,21.925807510759473,11.582907838017569,sep,"Culebrera europea, Cigüeña negra, Águila calzada"
apoyo,6434174476,https://www.openstreetmap.org/node/6434174476,36.0443387,-5.6274019,electrocucion,distribucion,20000.0,tower,,1.0,21.87253887926665,9.802067253924976,ago,"Milano negro, Cigüeña blanca, Culebrera europea"
apoyo,6434174475,https://www.openstreetmap.org/node/6434174475,36.043288,-5.6259187,electrocucion,distribucion,20000.0,tower,,1.0,21.87253887926665,9.802067253924976,ago,"Milano negro, Cigüeña blanca, Culebrera europea"
aerogenerador,1135674367,https://www.openstreetmap.org/node/1135674367,36.162326,-5.7081139,colision_aerogenerador,eolico,,1.6 MW,,,21.74426836193617,13.394667584290751,jul,"Culebrera europea, Cigüeña blanca, Alimoche"
aerogenerador,1135674122,https://www.openstreetmap.org/node/1135674122,36.1609339,-5.7080662,colision_aerogenerador,eolico,,1.6 MW,,,21.74426836193617,13.394667584290751,jul,"Culebrera europea, Cigüeña blanca, Alimoche"
apoyo,6171518355,https://www.openstreetmap.org/node/6171518355,36.3047807,-5.4233542,electrocucion,distribucion,15000.0,tower,,1.0,21.731269654066605,10.53982608601053,sep,"Abejero europeo, Águila calzada, Buitre leonado"
apoyo,6171518353,https://www.openstreetmap.org/node/6171518353,36.3029542,-5.4227346,electrocucion,distribucion,15000.0,tower,,1.0,21.731269654066605,10.53982608601053,sep,"Abejero europeo, Águila calzada, Buitre leonado"
apoyo,6171518350,https://www.openstreetmap.org/node/6171518350,36.3002565,-5.421816,electrocucion,distribucion,15000.0,tower,,1.0,21.731269654066605,10.53982608601053,sep,"Abejero europeo, Águila calzada, Buitre leonado"
apoyo,6171518351,https://www.openstreetmap.org/node/6171518351,36.3011644,-5.4221271,electrocucion,distribucion,15000.0,tower,,1.0,21.731269654066605,10.53982608601053,sep,"Abejero europeo, Águila calzada, Buitre leonado"
apoyo,6171518354,https://www.openstreetmap.org/node/6171518354,36.3038459,-5.4230337,electrocucion,distribucion,15000.0,tower,,1.0,21.731269654066605,10.53982608601053,sep,"Abejero europeo, Águila calzada, Buitre leonado"
apoyo,6171518352,https://www.openstreetmap.org/node/6171518352,36.3020734,-5.4224315,electrocucion,distribucion,15000.0,tower,,1.0,21.731269654066605,10.53982608601053,sep,"Abejero europeo, Águila calzada, Buitre leonado"
aerogenerador,1135611023,https://www.openstreetmap.org/node/1135611023,36.1567927,-5.7286353,colision_aerogenerador,eolico,,1.6 MW,,,21.72732383532416,13.939213300053725,jul,"Culebrera europea, Cigüeña blanca, Alimoche"
aerogenerador,1135610911,https://www.openstreetmap.org/node/1135610911,36.1582321,-5.7286916,colision_aerogenerador,eolico,,1.6 MW,,,21.72732383532416,13.939213300053725,jul,"Culebrera europea, Cigüeña blanca, Alimoche"
apoyo,6616118963,https://www.openstreetmap.org/node/6616118963,36.2365988,-5.9461355,electrocucion,distribucion,20000.0,tower,,1.0,21.708288017947638,10.164401440545873,abr,"Águila real, Búho real, Cigüeña blanca"
apoyo,6616118964,https://www.openstreetmap.org/node/6616118964,36.2385188,-5.945988,electrocucion,distribucion,20000.0,tower,,1.0,21.708288017947638,10.164401440545873,abr,"Águila real, Búho real, Cigüeña blanca"
linea,181657693,https://www.openstreetmap.org/way/181657693,36.186157480000006,-5.423395999999999,colision_linea,transporte,400000.0,Línea de alta tensión Los Barrios - Pinar del Rey,,,21.691764819211144,15.01900783491231,sep,"Cigüeña blanca, Águila calzada, Milano negro"
apoyo,1125985424,https://www.openstreetmap.org/node/1125985424,36.2251661,-5.4476904,electrocucion,distribucion,66000.0,tower,,1.0,21.61490905508168,15.749459517964103,may,"Cigüeña blanca, Milano negro, Águila calzada"
apoyo,4038091779,https://www.openstreetmap.org/node/4038091779,36.2278548,-5.4466911,electrocucion,distribucion,66000.0,tower,,1.0,21.61490905508168,15.749459517964103,may,"Cigüeña blanca, Milano negro, Águila calzada"
apoyo,6616118966,https://www.openstreetmap.org/node/6616118966,36.2424734,-5.9456675,electrocucion,distribucion,20000.0,tower,,1.0,21.605652449164314,9.736263845515657,abr,"Águila real, Búho real, Cigüeña blanca"
apoyo,6616118967,https://www.openstreetmap.org/node/6616118967,36.2442148,-5.9457546,electrocucion,distribucion,20000.0,tower,,1.0,21.605652449164314,9.736263845515657,abr,"Águila real, Búho real, Cigüeña blanca"
apoyo,6616118965,https://www.openstreetmap.org/node/6616118965,36.2404767,-5.9458257,electrocucion,distribucion,20000.0,tower,,1.0,21.605652449164314,9.736263845515657,abr,"Águila real, Búho real, Cigüeña blanca"
apoyo,6616118971,https://www.openstreetmap.org/node/6616118971,36.2540795,-5.9466773,electrocucion,distribucion,20000.0,tower,,0.9,21.57608571544855,9.208909165134774,abr,"Águila real, Búho real, Cigüeña blanca"
aerogenerador,1341149548,https://www.openstreetmap.org/node/1341149548,36.4130007,-5.7749449,colision_aerogenerador,eolico,,2 MW,,,21.49679631667162,8.560738507928596,nov,"Milano real, Águila imperial ibérica, Águila real"
aerogenerador,1341149563,https://www.openstreetmap.org/node/1341149563,36.4139806,-5.7724314,colision_aerogenerador,eolico,,2 MW,,,21.49679631667162,8.560738507928596,nov,"Milano real, Águila imperial ibérica, Águila real"
aerogenerador,1135610306,https://www.openstreetmap.org/node/1135610306,36.1686588,-5.7355795,colision_aerogenerador,eolico,,1.6 MW,,,21.449363532608842,14.597309564399241,ago,"Culebrera europea, Cigüeña blanca, Águila calzada"
aerogenerador,1135610584,https://www.openstreetmap.org/node/1135610584,36.169918,-5.7356221,colision_aerogenerador,eolico,,1.6 MW,,,21.449363532608842,14.597309564399241,ago,"Culebrera europea, Cigüeña blanca, Águila calzada"
apoyo,3455539567,https://www.openstreetmap.org/node/3455539567,36.1750956,-5.7999794,electrocucion,distribucion,66000.0,tower,,1.0,21.428563158422833,12.601380502796866,jul,"Alimoche, Culebrera europea, Halcón peregrino"
apoyo,3455539568,https://www.openstreetmap.org/node/3455539568,36.1779032,-5.7987303,electrocucion,distribucion,66000.0,tower,,1.0,21.428563158422833,12.601380502796866,jul,"Alimoche, Culebrera europea, Halcón peregrino"
aerogenerador,1133862088,https://www.openstreetmap.org/node/1133862088,36.1581189,-5.809759,colision_aerogenerador,eolico,,2 MW,,,21.316490756761457,10.936714404998554,nov,"Buitre negro, Águila perdicera, Halcón peregrino"
aerogenerador,1133862128,https://www.openstreetmap.org/node/1133862128,36.1564536,-5.8099341,colision_aerogenerador,eolico,,2 MW,,,21.316490756761457,10.936714404998554,nov,"Buitre negro, Águila perdicera, Halcón peregrino"
aerogenerador,1135610162,https://www.openstreetmap.org/node/1135610162,36.1637558,-5.7251537,colision_aerogenerador,eolico,,1.6 MW,,,21.270701888071017,13.882954580099922,jul,"Culebrera europea, Cigüeña blanca, Alimoche"
aerogenerador,1135610954,https://www.openstreetmap.org/node/1135610954,36.1624279,-5.725112,colision_aerogenerador,eolico,,1.6 MW,,,21.270701888071017,13.882954580099922,jul,"Culebrera europea, Cigüeña blanca, Alimoche"
linea,181674234,https://www.openstreetmap.org/way/181674234,36.20725952105263,-5.412195636842106,colision_linea,transporte,220000.0,line,Red Eléctrica de España,,21.21066470110412,13.935410812472588,may,"Águila calzada, Cigüeña blanca, Águila real"
apoyo,6345476999,https://www.openstreetmap.org/node/6345476999,36.2260456,-5.4333459,electrocucion,distribucion,15000.0,pole,,1.0,21.210026865399964,12.542618420888877,may,"Cigüeña blanca, Águila calzada, Milano negro"
apoyo,6345476998,https://www.openstreetmap.org/node/6345476998,36.226223,-5.434805,electrocucion,distribucion,15000.0,pole,,1.0,21.210026865399964,12.542618420888877,may,"Cigüeña blanca, Águila calzada, Milano negro"
apoyo,6345477000,https://www.openstreetmap.org/node/6345477000,36.2258908,-5.4321187,electrocucion,distribucion,15000.0,pole,,1.0,21.210026865399964,12.542618420888877,may,"Cigüeña blanca, Águila calzada, Milano negro"
apoyo,6345477002,https://www.openstreetmap.org/node/6345477002,36.2256489,-5.4301679,electrocucion,distribucion,15000.0,pole,,1.0,21.210026865399964,12.542618420888877,may,"Cigüeña blanca, Águila calzada, Milano negro"
apoyo,6345477001,https://www.openstreetmap.org/node/6345477001,36.2257489,-5.4308355,electrocucion,distribucion,15000.0,pole,,1.0,21.210026865399964,12.542618420888877,may,"Cigüeña blanca, Águila calzada, Milano negro"
aerogenerador,1126003965,https://www.openstreetmap.org/node/1126003965,36.2518413,-5.467129,colision_aerogenerador,eolico,,3 MW,,,21.144129854811176,13.878354335406314,nov,"Buitre leonado, Buitre negro, Milano real"
apoyo,6171518335,https://www.openstreetmap.org/node/6171518335,36.2891426,-5.41435,electrocucion,distribucion,15000.0,tower,,1.0,21.12438393959278,10.494926906046398,may,"Cigüeña blanca, Buitre leonado, Águila real"
apoyo,6170070297,https://www.openstreetmap.org/node/6170070297,36.2878962,-5.4116732,electrocucion,distribucion,15000.0,tower,,1.0,21.12438393959278,10.494926906046398,may,"Cigüeña blanca, Buitre leonado, Águila real"
apoyo,6170070296,https://www.openstreetmap.org/node/6170070296,36.2859861,-5.4105654,electrocucion,distribucion,15000.0,tower,,1.0,21.12438393959278,10.494926906046398,may,"Cigüeña blanca, Buitre leonado, Águila real"
apoyo,6171518334,https://www.openstreetmap.org/node/6171518334,36.2887956,-5.4120487,electrocucion,distribucion,15000.0,tower,,1.0,21.12438393959278,10.494926906046398,may,"Cigüeña blanca, Buitre leonado, Águila real"
apoyo,6170070298,https://www.openstreetmap.org/node/6170070298,36.2865039,-5.4110616,electrocucion,distribucion,15000.0,tower,,1.0,21.12438393959278,10.494926906046398,may,"Cigüeña blanca, Buitre leonado, Águila real"
apoyo,6170070299,https://www.openstreetmap.org/node/6170070299,36.285919,-5.4108001,electrocucion,distribucion,15000.0,tower,,1.0,21.12438393959278,10.494926906046398,may,"Cigüeña blanca, Buitre leonado, Águila real"
apoyo,6170070300,https://www.openstreetmap.org/node/6170070300,36.2858077,-5.4107532,electrocucion,distribucion,15000.0,tower,,1.0,21.12438393959278,10.494926906046398,may,"Cigüeña blanca, Buitre leonado, Águila real"
aerogenerador,1126004321,https://www.openstreetmap.org/node/1126004321,36.2514899,-5.4962509,colision_aerogenerador,eolico,,1.8 MW,,,20.973369132267386,13.775520635085634,nov,"Buitre leonado, Buitre negro, Milano real"
apoyo,12183685168,https://www.openstreetmap.org/node/12183685168,36.2983029,-5.3119966,electrocucion,distribucion,66000.0,tower,,1.0,20.824250057190156,7.488194535417256,sep,"Águila calzada, Cigüeña negra, Culebrera europea"
apoyo,12183685167,https://www.openstreetmap.org/node/12183685167,36.2990712,-5.3140529,electrocucion,distribucion,66000.0,tower,,1.0,20.824250057190156,7.488194535417256,sep,"Águila calzada, Cigüeña negra, Culebrera europea"
aerogenerador,1135610848,https://www.openstreetmap.org/node/1135610848,36.1664242,-5.725249,colision_aerogenerador,eolico,,1.6 MW,,,20.669403336555693,13.972212789383526,jul,"Culebrera europea, Cigüeña blanca, Búho real"
aerogenerador,1135611318,https://www.openstreetmap.org/node/1135611318,36.1650916,-5.7252008,colision_aerogenerador,eolico,,1.6 MW,,,20.669403336555693,13.972212789383526,jul,"Culebrera europea, Cigüeña blanca, Búho real"
aerogenerador,1135611051,https://www.openstreetmap.org/node/1135611051,36.1474823,-5.7374924,colision_aerogenerador,eolico,,2 MW,,,20.66528474636113,12.373351746019893,ago,"Cigüeña blanca, Culebrera europea, Alimoche"
aerogenerador,1135610818,https://www.openstreetmap.org/node/1135610818,36.1497792,-5.7375849,colision_aerogenerador,eolico,,2 MW,,,20.66528474636113,12.373351746019893,ago,"Cigüeña blanca, Culebrera europea, Alimoche"
apoyo,4038091738,https://www.openstreetmap.org/node/4038091738,36.2082418,-5.4585499,electrocucion,distribucion,66000.0,tower,,1.0,20.64132831559172,14.439703421867419,mar,"Cigüeña blanca, Milano negro, Culebrera europea"
apoyo,6239685770,https://www.openstreetmap.org/node/6239685770,36.2061931,-5.4558503,electrocucion,distribucion,66000.0,tower,,1.0,20.64132831559172,14.439703421867419,mar,"Cigüeña blanca, Milano negro, Culebrera europea"
apoyo,3455539899,https://www.openstreetmap.org/node/3455539899,36.2548781,-5.8897511,electrocucion,distribucion,66000.0,tower,,1.0,20.64104328088387,12.126804503778365,feb,"Águila real, Búho real, Águila imperial ibérica"
apoyo,12218053065,https://www.openstreetmap.org/node/12218053065,36.2547284,-5.8881272,electrocucion,distribucion,66000.0,tower,,1.0,20.64104328088387,12.126804503778365,feb,"Águila real, Búho real, Águila imperial ibérica"
apoyo,3455539897,https://www.openstreetmap.org/node/3455539897,36.2544975,-5.8854662,electrocucion,distribucion,66000.0,tower,,1.0,20.64104328088387,12.126804503778365,feb,"Águila real, Búho real, Águila imperial ibérica"
linea,1262722034,https://www.openstreetmap.org/way/1262722034,36.187710679999995,-5.416643860000001,colision_linea,distribucion,,minor_line,,,20.615997733008218,14.801533660915295,sep,"Cigüeña blanca, Águila calzada, Milano negro"
apoyo,6450601897,https://www.openstreetmap.org/node/6450601897,36.0756284,-5.6995641,electrocucion,distribucion,20000.0,tower,,1.0,20.59802920868149,9.003754625511773,sep,"Cigüeña negra, Abejero europeo, Águila calzada"
apoyo,6450601896,https://www.openstreetmap.org/node/6450601896,36.0754539,-5.6984161,electrocucion,distribucion,20000.0,tower,,1.0,20.59802920868149,9.003754625511773,sep,"Cigüeña negra, Abejero europeo, Águila calzada"
aerogenerador,1133894707,https://www.openstreetmap.org/node/1133894707,36.1324906,-5.8113265,colision_aerogenerador,eolico,,2 MW,,,20.557877547145402,10.81390401770596,nov,"Buitre negro, Águila perdicera, Grulla común"
aerogenerador,1133895675,https://www.openstreetmap.org/node/1133895675,36.1304105,-5.811532,colision_aerogenerador,eolico,,2 MW,,,20.557877547145402,10.81390401770596,nov,"Buitre negro, Águila perdicera, Grulla común"
aerogenerador,1135687457,https://www.openstreetmap.org/node/1135687457,36.1681672,-5.660384,colision_aerogenerador,eolico,,1.8 MW,,,20.543137323023636,10.357616990313362,mar,"Búho real, Alimoche, Águila real"
aerogenerador,1135687345,https://www.openstreetmap.org/node/1135687345,36.1658485,-5.6600161,colision_aerogenerador,eolico,,1.8 MW,,,20.543137323023636,10.357616990313362,mar,"Búho real, Alimoche, Águila real"
aerogenerador,9032507688,https://www.openstreetmap.org/node/9032507688,36.3398661,-5.918321,colision_aerogenerador,eolico,,3 MW,,,20.51335219967972,9.198332879483381,ene,"Milano real, Águila perdicera, Grulla común"
apoyo,6434174482,https://www.openstreetmap.org/node/6434174482,36.0493321,-5.6360198,electrocucion,distribucion,20000.0,tower,,1.0,20.47228047889114,8.875234953409711,ago,"Milano negro, Cigüeña blanca, Culebrera europea"
apoyo,6434174483,https://www.openstreetmap.org/node/6434174483,36.0498504,-5.637027,electrocucion,distribucion,20000.0,tower,,1.0,20.47228047889114,8.875234953409711,ago,"Milano negro, Cigüeña blanca, Culebrera europea"
linea,661186388,https://www.openstreetmap.org/way/661186388,36.20185206666667,-5.402452433333334,colision_linea,distribucion,66000.0,line,,,20.433439496297588,12.962962605899548,mar,"Cigüeña blanca, Halcón peregrino, Grulla común"
apoyo,6434174472,https://www.openstreetmap.org/node/6434174472,36.0399805,-5.6213468,electrocucion,distribucion,20000.0,tower,,1.43,20.395758396402076,8.99904633777672,sep,"Milano negro, Cigüeña negra, Halcón peregrino"
aerogenerador,1135610730,https://www.openstreetmap.org/node/1135610730,36.1517594,-5.7375143,colision_aerogenerador,eolico,,2 MW,,,20.363536165533848,12.391220362926168,ago,"Culebrera europea, Cigüeña blanca, Alimoche"
aerogenerador,1135610392,https://www.openstreetmap.org/node/1135610392,36.1536538,-5.7374755,colision_aerogenerador,eolico,,2 MW,,,20.363536165533848,12.391220362926168,ago,"Culebrera europea, Cigüeña blanca, Alimoche"
linea,661186390,https://www.openstreetmap.org/way/661186390,36.20478517777778,-5.405408888888889,colision_linea,distribucion,66000.0,line,,,20.294586733964646,13.01294421050111,mar,"Cigüeña blanca, Halcón peregrino, Grulla común"
aerogenerador,1135616782,https://www.openstreetmap.org/node/1135616782,36.1510575,-5.7596152,colision_aerogenerador,eolico,,300 kW,,,20.260889859570096,12.333226519933591,ago,"Cigüeña blanca, Culebrera europea, Alimoche"
aerogenerador,1135616744,https://www.openstreetmap.org/node/1135616744,36.1504592,-5.7597015,colision_aerogenerador,eolico,,300 kW,,,20.260889859570096,12.333226519933591,ago,"Cigüeña blanca, Culebrera europea, Alimoche"
linea,661186387,https://www.openstreetmap.org/way/661186387,36.2051347,-5.4058373500000005,colision_linea,distribucion,66000.0,line,,,20.242776849564613,12.94936479012317,abr,"Cigüeña blanca, Águila calzada, Culebrera europea"
linea,657004744,https://www.openstreetmap.org/way/657004744,36.24316271666667,-5.339391383333333,colision_linea,distribucion,,minor_line,,,20.183520205573338,6.9032034718862825,sep,"Alimoche, Abejero europeo, Búho real"
linea,97199641,https://www.openstreetmap.org/way/97199641,36.31822929052631,-5.585838053684211,colision_linea,transporte,220000.0,Línea de alta tensión Cartuja - Pinar del Rey y Gazules - Pinar del Rey,Red Eléctrica de España,,20.18080869837821,13.67034405148263,mar,"Milano negro, Buitre leonado, Águila calzada"
apoyo,6450602965,https://www.openstreetmap.org/node/6450602965,36.0881187,-5.715369,electrocucion,distribucion,20000.0,pole,,1.0,20.144344368475956,11.028974060913972,sep,"Cigüeña negra, Buitre leonado, Abejero europeo"
apoyo,6450602964,https://www.openstreetmap.org/node/6450602964,36.0880255,-5.7151678,electrocucion,distribucion,20000.0,pole,,1.0,20.144344368475956,11.028974060913972,sep,"Cigüeña negra, Buitre leonado, Abejero europeo"
aerogenerador,1133862324,https://www.openstreetmap.org/node/1133862324,36.1598596,-5.800227,colision_aerogenerador,eolico,,2 MW,,,20.143807668487465,11.149827754340295,nov,"Buitre negro, Águila perdicera, Halcón peregrino"
aerogenerador,1133861822,https://www.openstreetmap.org/node/1133861822,36.1580928,-5.8006655,colision_aerogenerador,eolico,,2 MW,,,20.143807668487465,11.149827754340295,nov,"Buitre negro, Águila perdicera, Halcón peregrino"
linea,662109267,https://www.openstreetmap.org/way/662109267,36.1899029,-5.397431621428571,colision_linea,distribucion,,minor_line,,,20.10119845715874,10.300304586881783,mar,"Cigüeña blanca, Halcón peregrino, Águila calzada"
apoyo,13074151618,https://www.openstreetmap.org/node/13074151618,36.1832803,-5.3865246,electrocucion,distribucion,,tower,,1.0,20.05548360721468,7.5235963497334515,mar,"Halcón peregrino, Cigüeña blanca, Águila calzada"
apoyo,6179370454,https://www.openstreetmap.org/node/6179370454,36.1835001,-5.3867796,electrocucion,distribucion,,tower,,1.0,20.05548360721468,7.5235963497334515,mar,"Halcón peregrino, Cigüeña blanca, Águila calzada"
apoyo,6196433827,https://www.openstreetmap.org/node/6196433827,36.1839837,-5.3896273,electrocucion,distribucion,,tower,,1.0,20.05548360721468,7.5235963497334515,mar,"Halcón peregrino, Cigüeña blanca, Águila calzada"
apoyo,6196433830,https://www.openstreetmap.org/node/6196433830,36.1839159,-5.3897707,electrocucion,distribucion,,tower,,1.0,20.05548360721468,7.5235963497334515,mar,"Halcón peregrino, Cigüeña blanca, Águila calzada"
apoyo,6179370455,https://www.openstreetmap.org/node/6179370455,36.1841842,-5.3861707,electrocucion,distribucion,,tower,,1.0,20.05548360721468,7.5235963497334515,mar,"Halcón peregrino, Cigüeña blanca, Águila calzada"
apoyo,12187920298,https://www.openstreetmap.org/node/12187920298,36.1841351,-5.3887871,electrocucion,distribucion,66000.0,tower,,1.0,20.05548360721468,7.5235963497334515,mar,"Halcón peregrino, Cigüeña blanca, Águila calzada"
apoyo,12187920299,https://www.openstreetmap.org/node/12187920299,36.183979,-5.3893911,electrocucion,distribucion,66000.0,tower,,1.0,20.05548360721468,7.5235963497334515,mar,"Halcón peregrino, Cigüeña blanca, Águila calzada"
apoyo,12187920297,https://www.openstreetmap.org/node/12187920297,36.1847901,-5.3886255,electrocucion,distribucion,66000.0,tower,,1.0,20.05548360721468,7.5235963497334515,mar,"Halcón peregrino, Cigüeña blanca, Águila calzada"
apoyo,6170070465,https://www.openstreetmap.org/node/6170070465,36.2374617,-5.4230415,electrocucion,distribucion,66000.0,tower,,1.0,19.96686104593209,10.225184832573715,may,"Cigüeña blanca, Águila calzada, Abejero europeo"
apoyo,6170070466,https://www.openstreetmap.org/node/6170070466,36.23813,-5.4206581,electrocucion,distribucion,66000.0,tower,,1.0,19.96686104593209,10.225184832573715,may,"Cigüeña blanca, Águila calzada, Abejero europeo"
apoyo,4038091912,https://www.openstreetmap.org/node/4038091912,36.2373613,-5.4225388,electrocucion,distribucion,66000.0,tower,,1.0,19.96686104593209,10.225184832573715,may,"Cigüeña blanca, Águila calzada, Abejero europeo"
apoyo,4038091182,https://www.openstreetmap.org/node/4038091182,36.1221243,-5.4811838,electrocucion,distribucion,66000.0,tower,,0.9,19.953065981291225,9.47030371731922,oct,"Águila real, Cigüeña negra, Halcón peregrino"
apoyo,4038091181,https://www.openstreetmap.org/node/4038091181,36.121259,-5.4829887,electrocucion,distribucion,66000.0,tower,,0.9,19.953065981291225,9.47030371731922,oct,"Águila real, Cigüeña negra, Halcón peregrino"
apoyo,2016382996,https://www.openstreetmap.org/node/2016382996,36.3329519,-5.9452544,electrocucion,distribucion,66000.0,tower,,1.0,19.92571295890831,8.840016032375283,dic,"Águila imperial ibérica, Milano real, Águila real"
apoyo,2016382995,https://www.openstreetmap.org/node/2016382995,36.330262,-5.9464221,electrocucion,distribucion,66000.0,tower,,1.0,19.92571295890831,8.840016032375283,dic,"Águila imperial ibérica, Milano real, Águila real"
apoyo,1133912065,https://www.openstreetmap.org/node/1133912065,36.1649497,-5.7887009,electrocucion,distribucion,66000.0,tower,,1.0,19.83139568160417,12.688569964651329,feb,"Águila real, Águila perdicera, Halcón peregrino"
apoyo,6109973174,https://www.openstreetmap.org/node/6109973174,36.3139689,-5.3042454,electrocucion,distribucion,,tower,,1.0,19.790364359545613,6.787822927873976,sep,"Cigüeña negra, Águila calzada, Culebrera europea"
apoyo,6109973173,https://www.openstreetmap.org/node/6109973173,36.3148863,-5.3029002,electrocucion,distribucion,,tower,,1.0,19.790364359545613,6.787822927873976,sep,"Cigüeña negra, Águila calzada, Culebrera europea"
apoyo,12218053003,https://www.openstreetmap.org/node/12218053003,36.1825353,-5.756737,electrocucion,distribucion,20000.0,tower,,1.0,19.70553303745052,13.928148176358107,ago,"Cigüeña blanca, Culebrera europea, Halcón peregrino"
apoyo,6542347592,https://www.openstreetmap.org/node/6542347592,36.1811014,-5.7573308,electrocucion,distribucion,20000.0,tower,,1.0,19.70553303745052,13.928148176358107,ago,"Cigüeña blanca, Culebrera europea, Halcón peregrino"
aerogenerador,1133878228,https://www.openstreetmap.org/node/1133878228,36.2012498,-5.770169,colision_aerogenerador,eolico,,800 kW,,,19.64380216318181,14.625263824338525,oct,"Cigüeña blanca, Águila imperial ibérica, Grulla común"
aerogenerador,1133878206,https://www.openstreetmap.org/node/1133878206,36.200393,-5.7705146,colision_aerogenerador,eolico,,800 kW,,,19.64380216318181,14.625263824338525,oct,"Cigüeña blanca, Águila imperial ibérica, Grulla común"
apoyo,1135616653,https://www.openstreetmap.org/node/1135616653,36.1745105,-5.752592,electrocucion,distribucion,66000.0,tower,,1.0,19.635265707080592,13.910922146047014,ago,"Culebrera europea, Cigüeña blanca, Halcón peregrino"
linea,659166396,https://www.openstreetmap.org/way/659166396,36.24149417142857,-5.428755228571428,colision_linea,distribucion,15000.0,minor_line,,,19.62295985262681,9.857402284020187,may,"Cigüeña blanca, Águila calzada, Abejero europeo"
apoyo,1125985410,https://www.openstreetmap.org/node/1125985410,36.222795,-5.4485693,electrocucion,distribucion,66000.0,tower,,1.0,19.62080988561715,14.05177717420819,may,"Cigüeña blanca, Milano negro, Águila calzada"
linea,1321575726,https://www.openstreetmap.org/way/1321575726,36.21750243333333,-5.411639393333334,colision_linea,distribucion,66000.0,Línea de alta tensión Pinar del Rey - San Roque,,,19.591341456601015,12.436987447718437,may,"Cigüeña blanca, Águila calzada, Águila real"
apoyo,11732328120,https://www.openstreetmap.org/node/11732328120,36.2085331,-5.4451257,electrocucion,distribucion,15000.0,pole,,1.0,19.570409775219915,13.503229840587883,mar,"Cigüeña blanca, Culebrera europea, Milano negro"
apoyo,11732328121,https://www.openstreetmap.org/node/11732328121,36.2083556,-5.446617,electrocucion,distribucion,15000.0,pole,,1.0,19.570409775219915,13.503229840587883,mar,"Cigüeña blanca, Culebrera europea, Milano negro"
apoyo,11732328122,https://www.openstreetmap.org/node/11732328122,36.2089659,-5.4489076,electrocucion,distribucion,15000.0,pole,,1.0,19.570409775219915,13.503229840587883,mar,"Cigüeña blanca, Culebrera europea, Milano negro"
apoyo,6239685768,https://www.openstreetmap.org/node/6239685768,36.2074973,-5.4495544,electrocucion,distribucion,66000.0,tower,,1.0,19.570409775219915,13.503229840587883,mar,"Cigüeña blanca, Culebrera europea, Milano negro"
apoyo,6239685767,https://www.openstreetmap.org/node/6239685767,36.2077676,-5.4467258,electrocucion,distribucion,66000.0,tower,,1.0,19.570409775219915,13.503229840587883,mar,"Cigüeña blanca, Culebrera europea, Milano negro"
apoyo,1133912091,https://www.openstreetmap.org/node/1133912091,36.1646084,-5.7764781,electrocucion,distribucion,66000.0,tower,,1.0,19.55250858747753,12.382534895591187,feb,"Águila real, Halcón peregrino, Grulla común"
apoyo,1133912077,https://www.openstreetmap.org/node/1133912077,36.1646767,-5.7789776,electrocucion,distribucion,66000.0,tower,,1.0,19.55250858747753,12.382534895591187,feb,"Águila real, Halcón peregrino, Grulla común"
apoyo,12229331467,https://www.openstreetmap.org/node/12229331467,36.1452665,-5.4810114,electrocucion,distribucion,66000.0,tower,,0.9,19.453997762432834,12.407372512544406,oct,"Águila calzada, Águila real, Halcón peregrino"
apoyo,12229331466,https://www.openstreetmap.org/node/12229331466,36.1469462,-5.4804791,electrocucion,distribucion,66000.0,tower,,0.9,19.453997762432834,12.407372512544406,oct,"Águila calzada, Águila real, Halcón peregrino"
apoyo,6170070343,https://www.openstreetmap.org/node/6170070343,36.2468192,-5.4271053,electrocucion,distribucion,15000.0,tower,,1.0,19.42449831647474,9.740494640038637,may,"Cigüeña blanca, Águila calzada, Abejero europeo"
apoyo,6170070344,https://www.openstreetmap.org/node/6170070344,36.2460438,-5.4279006,electrocucion,distribucion,15000.0,tower,,1.0,19.42449831647474,9.740494640038637,may,"Cigüeña blanca, Águila calzada, Abejero europeo"
apoyo,6170070345,https://www.openstreetmap.org/node/6170070345,36.2453029,-5.4286703,electrocucion,distribucion,15000.0,tower,,1.0,19.42449831647474,9.740494640038637,may,"Cigüeña blanca, Águila calzada, Abejero europeo"
apoyo,6170070342,https://www.openstreetmap.org/node/6170070342,36.2476099,-5.4263073,electrocucion,distribucion,15000.0,tower,,1.0,19.42449831647474,9.740494640038637,may,"Cigüeña blanca, Águila calzada, Abejero europeo"
apoyo,1126003736,https://www.openstreetmap.org/node/1126003736,36.2484505,-5.4289315,electrocucion,distribucion,66000.0,tower,,1.0,19.42449831647474,9.740494640038637,may,"Cigüeña blanca, Águila calzada, Abejero europeo"
apoyo,6170070341,https://www.openstreetmap.org/node/6170070341,36.2483486,-5.4255456,electrocucion,distribucion,15000.0,tower,,1.0,19.42449831647474,9.740494640038637,may,"Cigüeña blanca, Águila calzada, Abejero europeo"
apoyo,6239685763,https://www.openstreetmap.org/node/6239685763,36.2088213,-5.4355804,electrocucion,distribucion,66000.0,tower,,1.0,19.393297516646424,13.463594548710915,ago,"Águila calzada, Cigüeña blanca, Milano negro"
apoyo,6239685764,https://www.openstreetmap.org/node/6239685764,36.2084703,-5.4393777,electrocucion,distribucion,66000.0,tower,,1.0,19.393297516646424,13.463594548710915,ago,"Águila calzada, Cigüeña blanca, Milano negro"
apoyo,11732328117,https://www.openstreetmap.org/node/11732328117,36.2097234,-5.4360759,electrocucion,distribucion,15000.0,pole,,1.0,19.393297516646424,13.463594548710915,ago,"Águila calzada, Cigüeña blanca, Milano negro"
apoyo,11732328118,https://www.openstreetmap.org/node/11732328118,36.2092213,-5.4398847,electrocucion,distribucion,15000.0,pole,,1.0,19.393297516646424,13.463594548710915,ago,"Águila calzada, Cigüeña blanca, Milano negro"
apoyo,6198754933,https://www.openstreetmap.org/node/6198754933,36.1982297,-5.4125074,electrocucion,distribucion,,tower,,1.0,19.345252530751193,13.778279003085542,may,"Cigüeña blanca, Águila calzada, Águila real"
apoyo,6207640770,https://www.openstreetmap.org/node/6207640770,36.1969235,-5.4122499,electrocucion,distribucion,,tower,,1.0,19.345252530751193,13.778279003085542,may,"Cigüeña blanca, Águila calzada, Águila real"
apoyo,6198754928,https://www.openstreetmap.org/node/6198754928,36.1964971,-5.4117013,electrocucion,distribucion,,tower,,1.0,19.345252530751193,13.778279003085542,may,"Cigüeña blanca, Águila calzada, Águila real"
apoyo,6198754934,https://www.openstreetmap.org/node/6198754934,36.1964635,-5.4105065,electrocucion,distribucion,,tower,,1.0,19.345252530751193,13.778279003085542,may,"Cigüeña blanca, Águila calzada, Águila real"
apoyo,6207640769,https://www.openstreetmap.org/node/6207640769,36.19872,-5.4142642,electrocucion,distribucion,,tower,,1.0,19.345252530751193,13.778279003085542,may,"Cigüeña blanca, Águila calzada, Águila real"
apoyo,6198877567,https://www.openstreetmap.org/node/6198877567,36.1954126,-5.4102543,electrocucion,distribucion,,tower,,1.0,19.345252530751193,13.778279003085542,may,"Cigüeña blanca, Águila calzada, Águila real"
apoyo,6198754932,https://www.openstreetmap.org/node/6198754932,36.1996334,-5.4141153,electrocucion,distribucion,,tower,,1.0,19.345252530751193,13.778279003085542,may,"Cigüeña blanca, Águila calzada, Águila real"
apoyo,12229331415,https://www.openstreetmap.org/node/12229331415,36.1362945,-5.4590729,electrocucion,distribucion,66000.0,tower,,1.0,19.312802239552862,8.20490002691288,mar,"Halcón peregrino, Milano negro, Culebrera europea"
apoyo,12183779444,https://www.openstreetmap.org/node/12183779444,36.3774739,-5.3421428,electrocucion,distribucion,66000.0,tower,,1.0,19.309246037625787,12.387627089707086,oct,"Águila real, Cigüeña negra, Halcón peregrino"
apoyo,3455539565,https://www.openstreetmap.org/node/3455539565,36.1698158,-5.802325,electrocucion,distribucion,66000.0,tower,,1.0,19.29544937631445,13.469610521418007,jul,"Alimoche, Culebrera europea, Águila calzada"
apoyo,3455539564,https://www.openstreetmap.org/node/3455539564,36.1677613,-5.8029972,electrocucion,distribucion,66000.0,tower,,1.0,19.29544937631445,13.469610521418007,jul,"Alimoche, Culebrera europea, Águila calzada"
apoyo,3455539563,https://www.openstreetmap.org/node/3455539563,36.1650973,-5.8038658,electrocucion,distribucion,66000.0,tower,,1.0,19.29544937631445,13.469610521418007,jul,"Alimoche, Culebrera europea, Águila calzada"
apoyo,6156876494,https://www.openstreetmap.org/node/6156876494,36.1863038,-5.3824895,electrocucion,distribucion,66000.0,tower,,1.0,19.278865107871027,8.336345124864398,mar,"Halcón peregrino, Cigüeña blanca, Águila calzada"
apoyo,12187920296,https://www.openstreetmap.org/node/12187920296,36.185324,-5.3809004,electrocucion,distribucion,66000.0,tower,,1.0,19.278865107871027,8.336345124864398,mar,"Halcón peregrino, Cigüeña blanca, Águila calzada"
apoyo,1920912153,https://www.openstreetmap.org/node/1920912153,36.1851379,-5.3813595,electrocucion,distribucion,,tower,,1.0,19.278865107871027,8.336345124864398,mar,"Halcón peregrino, Cigüeña blanca, Águila calzada"
apoyo,1362722494,https://www.openstreetmap.org/node/1362722494,36.1871997,-5.3837594,electrocucion,distribucion,66000.0,tower,,1.0,19.278865107871027,8.336345124864398,mar,"Halcón peregrino, Cigüeña blanca, Águila calzada"
apoyo,1362722426,https://www.openstreetmap.org/node/1362722426,36.1889894,-5.3836886,electrocucion,distribucion,66000.0,tower,,1.0,19.278865107871027,8.336345124864398,mar,"Halcón peregrino, Cigüeña blanca, Águila calzada"
apoyo,6179370453,https://www.openstreetmap.org/node/6179370453,36.1855762,-5.3803799,electrocucion,distribucion,,tower,,1.0,19.278865107871027,8.336345124864398,mar,"Halcón peregrino, Cigüeña blanca, Águila calzada"
apoyo,1920912157,https://www.openstreetmap.org/node/1920912157,36.1866305,-5.3823866,electrocucion,distribucion,,tower,,1.0,19.278865107871027,8.336345124864398,mar,"Halcón peregrino, Cigüeña blanca, Águila calzada"
apoyo,1920912155,https://www.openstreetmap.org/node/1920912155,36.1863055,-5.3827866,electrocucion,distribucion,,tower,,1.0,19.278865107871027,8.336345124864398,mar,"Halcón peregrino, Cigüeña blanca, Águila calzada"
apoyo,6181855429,https://www.openstreetmap.org/node/6181855429,36.1858143,-5.384253,electrocucion,distribucion,,tower,,1.0,19.278865107871027,8.336345124864398,mar,"Halcón peregrino, Cigüeña blanca, Águila calzada"
apoyo,1920912156,https://www.openstreetmap.org/node/1920912156,36.1863328,-5.3840342,electrocucion,distribucion,,tower,,1.0,19.278865107871027,8.336345124864398,mar,"Halcón peregrino, Cigüeña blanca, Águila calzada"
apoyo,6153498437,https://www.openstreetmap.org/node/6153498437,36.2647756,-5.3483489,electrocucion,distribucion,66000.0,tower,,1.0,19.269529574121584,6.643845231892271,sep,"Abejero europeo, Alimoche, Águila calzada"
apoyo,6153498438,https://www.openstreetmap.org/node/6153498438,36.2626908,-5.348475,electrocucion,distribucion,66000.0,tower,,1.0,19.269529574121584,6.643845231892271,sep,"Abejero europeo, Alimoche, Águila calzada"
aerogenerador,1133861815,https://www.openstreetmap.org/node/1133861815,36.1732717,-5.8083871,colision_aerogenerador,eolico,,800 kW,,,19.252202505914884,12.09326342786401,jul,"Alimoche, Búho real, Culebrera europea"
aerogenerador,1133861772,https://www.openstreetmap.org/node/1133861772,36.1748279,-5.8072725,colision_aerogenerador,eolico,,800 kW,,,19.252202505914884,12.09326342786401,jul,"Alimoche, Búho real, Culebrera europea"
aerogenerador,1133862165,https://www.openstreetmap.org/node/1133862165,36.1740113,-5.8077593,colision_aerogenerador,eolico,,800 kW,,,19.252202505914884,12.09326342786401,jul,"Alimoche, Búho real, Culebrera europea"
linea,677694061,https://www.openstreetmap.org/way/677694061,36.2198554875,-5.4352297499999995,colision_linea,distribucion,15000.0,minor_line,,,19.249131405151143,11.684456211784743,may,"Cigüeña blanca, Águila calzada, Milano negro"
apoyo,3455539572,https://www.openstreetmap.org/node/3455539572,36.1874956,-5.7944577,electrocucion,distribucion,66000.0,tower,,1.0,19.2371302436826,11.716690309349033,jul,"Culebrera europea, Alimoche, Cigüeña blanca"
apoyo,6540690556,https://www.openstreetmap.org/node/6540690556,36.1621719,-5.7345374,electrocucion,distribucion,20000.0,tower,,1.0,19.226987974228187,13.288253012538805,jul,"Culebrera europea, Cigüeña blanca, Alimoche"
apoyo,6540690555,https://www.openstreetmap.org/node/6540690555,36.1609798,-5.7339554,electrocucion,distribucion,20000.0,tower,,1.0,19.226987974228187,13.288253012538805,jul,"Culebrera europea, Cigüeña blanca, Alimoche"
apoyo,4038091959,https://www.openstreetmap.org/node/4038091959,36.2501059,-5.3489091,electrocucion,distribucion,66000.0,tower,,1.0,19.223454213445695,6.683817742936994,sep,"Alimoche, Abejero europeo, Águila calzada"
apoyo,3455539544,https://www.openstreetmap.org/node/3455539544,36.0657026,-5.6009754,electrocucion,distribucion,66000.0,tower,,1.0,19.22184411536981,11.83729342067656,ago,"Milano negro, Cigüeña blanca, Culebrera europea"
apoyo,1135610111,https://www.openstreetmap.org/node/1135610111,36.1673286,-5.7400343,electrocucion,distribucion,66000.0,tower,,1.0,19.1569083609049,13.177406067866885,ago,"Culebrera europea, Cigüeña blanca, Halcón peregrino"
apoyo,1135616747,https://www.openstreetmap.org/node/1135616747,36.1691233,-5.7415692,electrocucion,distribucion,66000.0,tower,,1.0,19.1569083609049,13.177406067866885,ago,"Culebrera europea, Cigüeña blanca, Halcón peregrino"
apoyo,4038091913,https://www.openstreetmap.org/node/4038091913,36.237543,-5.4060979,electrocucion,distribucion,66000.0,tower,,1.0,19.00534616140896,11.046032986849573,feb,"Águila real, Águila perdicera, Buitre negro"
apoyo,4038091916,https://www.openstreetmap.org/node/4038091916,36.2389398,-5.4096841,electrocucion,distribucion,66000.0,tower,,1.0,19.00534616140896,11.046032986849573,feb,"Águila real, Águila perdicera, Buitre negro"
apoyo,4038091915,https://www.openstreetmap.org/node/4038091915,36.2388515,-5.4098081,electrocucion,distribucion,66000.0,tower,,1.0,19.00534616140896,11.046032986849573,feb,"Águila real, Águila perdicera, Buitre negro"
apoyo,6451372962,https://www.openstreetmap.org/node/6451372962,36.0630752,-5.7101787,electrocucion,distribucion,20000.0,pole,,1.0,18.97491335469689,9.601010770639895,ago,"Cigüeña blanca, Milano negro, Abejero europeo"
apoyo,6451372965,https://www.openstreetmap.org/node/6451372965,36.0629312,-5.7117265,electrocucion,distribucion,20000.0,pole,,1.0,18.97491335469689,9.601010770639895,ago,"Cigüeña blanca, Milano negro, Abejero europeo"
apoyo,6451372963,https://www.openstreetmap.org/node/6451372963,36.0630373,-5.7147106,electrocucion,distribucion,20000.0,pole,,1.0,18.97491335469689,9.601010770639895,ago,"Cigüeña blanca, Milano negro, Abejero europeo"
apoyo,6538188638,https://www.openstreetmap.org/node/6538188638,36.1555204,-5.7288551,electrocucion,distribucion,20000.0,tower,,1.0,18.963665668056827,12.537838014176089,jul,"Culebrera europea, Cigüeña blanca, Alimoche"
apoyo,6538188627,https://www.openstreetmap.org/node/6538188627,36.1561463,-5.7299897,electrocucion,distribucion,20000.0,tower,,1.0,18.963665668056827,12.537838014176089,jul,"Culebrera europea, Cigüeña blanca, Alimoche"
apoyo,2318258333,https://www.openstreetmap.org/node/2318258333,36.3739201,-5.9247477,electrocucion,distribucion,66000.0,tower,,1.0,18.892696412786613,9.084172518047671,nov,"Águila imperial ibérica, Águila real, Águila perdicera"
apoyo,6171518344,https://www.openstreetmap.org/node/6171518344,36.2948305,-5.4199746,electrocucion,distribucion,15000.0,tower,,1.0,18.860703292199794,9.890162022233834,may,"Cigüeña blanca, Buitre leonado, Águila real"
apoyo,6171518342,https://www.openstreetmap.org/node/6171518342,36.29306,-5.4193658,electrocucion,distribucion,15000.0,tower,,1.0,18.860703292199794,9.890162022233834,may,"Cigüeña blanca, Buitre leonado, Águila real"
apoyo,6171518340,https://www.openstreetmap.org/node/6171518340,36.2912862,-5.4187569,electrocucion,distribucion,15000.0,tower,,1.0,18.860703292199794,9.890162022233834,may,"Cigüeña blanca, Buitre leonado, Águila real"
apoyo,6171518341,https://www.openstreetmap.org/node/6171518341,36.2920309,-5.4190131,electrocucion,distribucion,15000.0,tower,,1.0,18.860703292199794,9.890162022233834,may,"Cigüeña blanca, Buitre leonado, Águila real"
apoyo,6171518339,https://www.openstreetmap.org/node/6171518339,36.2904322,-5.4184699,electrocucion,distribucion,15000.0,tower,,1.0,18.860703292199794,9.890162022233834,may,"Cigüeña blanca, Buitre leonado, Águila real"
apoyo,6171518343,https://www.openstreetmap.org/node/6171518343,36.2939312,-5.4196635,electrocucion,distribucion,15000.0,tower,,1.0,18.860703292199794,9.890162022233834,may,"Cigüeña blanca, Buitre leonado, Águila real"
aerogenerador,1133869184,https://www.openstreetmap.org/node/1133869184,36.1757054,-5.8070332,colision_aerogenerador,eolico,,800 kW,,,18.855697585693918,10.743491951486595,jul,"Alimoche, Búho real, Águila imperial ibérica"
aerogenerador,1133869089,https://www.openstreetmap.org/node/1133869089,36.177506,-5.8071357,colision_aerogenerador,eolico,,800 kW,,,18.855697585693918,10.743491951486595,jul,"Alimoche, Búho real, Águila imperial ibérica"
aerogenerador,1133868913,https://www.openstreetmap.org/node/1133868913,36.1766058,-5.8070965,colision_aerogenerador,eolico,,800 kW,,,18.855697585693918,10.743491951486595,jul,"Alimoche, Búho real, Águila imperial ibérica"
aerogenerador,1135687293,https://www.openstreetmap.org/node/1135687293,36.1737141,-5.6666428,colision_aerogenerador,eolico,,1.8 MW,,,18.845048348664903,9.055600378424897,nov,"Águila real, Búho real, Águila imperial ibérica"
aerogenerador,1135687375,https://www.openstreetmap.org/node/1135687375,36.1718733,-5.6682973,colision_aerogenerador,eolico,,1.8 MW,,,18.845048348664903,9.055600378424897,nov,"Águila real, Búho real, Águila imperial ibérica"
apoyo,6153752488,https://www.openstreetmap.org/node/6153752488,36.240653,-5.3359021,electrocucion,distribucion,,tower,,1.3,18.764470667701357,7.8812761245498715,sep,"Alimoche, Abejero europeo, Búho real"
aerogenerador,1135616609,https://www.openstreetmap.org/node/1135616609,36.1440837,-5.7685682,colision_aerogenerador,eolico,,300 kW,,,18.558025859699747,10.943369071238719,ago,"Alimoche, Cigüeña blanca, Águila perdicera"
aerogenerador,1135616897,https://www.openstreetmap.org/node/1135616897,36.1446278,-5.7686126,colision_aerogenerador,eolico,,300 kW,,,18.558025859699747,10.943369071238719,ago,"Alimoche, Cigüeña blanca, Águila perdicera"
apoyo,6179370451,https://www.openstreetmap.org/node/6179370451,36.1830715,-5.3761929,electrocucion,distribucion,,tower,,1.0,18.533139271638515,8.697205739977214,mar,"Halcón peregrino, Águila calzada, Milano negro"
apoyo,1920912152,https://www.openstreetmap.org/node/1920912152,36.1842972,-5.3792351,electrocucion,distribucion,66000.0,tower,,1.0,18.533139271638515,8.697205739977214,mar,"Halcón peregrino, Águila calzada, Milano negro"
apoyo,1920912148,https://www.openstreetmap.org/node/1920912148,36.1827864,-5.3784459,electrocucion,distribucion,,tower,,1.0,18.533139271638515,8.697205739977214,mar,"Halcón peregrino, Águila calzada, Milano negro"
apoyo,6179370452,https://www.openstreetmap.org/node/6179370452,36.1834958,-5.3768688,electrocucion,distribucion,,tower,,1.0,18.533139271638515,8.697205739977214,mar,"Halcón peregrino, Águila calzada, Milano negro"
apoyo,6179370449,https://www.openstreetmap.org/node/6179370449,36.1817725,-5.3771988,electrocucion,distribucion,,tower,,1.0,18.533139271638515,8.697205739977214,mar,"Halcón peregrino, Águila calzada, Milano negro"
apoyo,11732297028,https://www.openstreetmap.org/node/11732297028,36.1810408,-5.3759621,electrocucion,distribucion,66000.0,tower,,1.0,18.533139271638515,8.697205739977214,mar,"Halcón peregrino, Águila calzada, Milano negro"
apoyo,6179370448,https://www.openstreetmap.org/node/6179370448,36.1810992,-5.376378,electrocucion,distribucion,,tower,,1.0,18.533139271638515,8.697205739977214,mar,"Halcón peregrino, Águila calzada, Milano negro"
apoyo,6179370447,https://www.openstreetmap.org/node/6179370447,36.1804627,-5.3755881,electrocucion,distribucion,,tower,,1.0,18.533139271638515,8.697205739977214,mar,"Halcón peregrino, Águila calzada, Milano negro"
apoyo,1920912149,https://www.openstreetmap.org/node/1920912149,36.1841571,-5.3779055,electrocucion,distribucion,,tower,,1.0,18.533139271638515,8.697205739977214,mar,"Halcón peregrino, Águila calzada, Milano negro"
apoyo,6179370450,https://www.openstreetmap.org/node/6179370450,36.182461,-5.3751737,electrocucion,distribucion,,tower,,1.0,18.533139271638515,8.697205739977214,mar,"Halcón peregrino, Águila calzada, Milano negro"
apoyo,1125985443,https://www.openstreetmap.org/node/1125985443,36.2162542,-5.4521823,electrocucion,distribucion,66000.0,tower,,1.0,18.465760794520417,13.238958478686634,mar,"Cigüeña blanca, Culebrera europea, Milano negro"
apoyo,6504167740,https://www.openstreetmap.org/node/6504167740,36.1028489,-5.6293036,electrocucion,distribucion,20000.0,pole,,1.0,18.451855346102203,10.38404648418893,sep,"Águila real, Águila calzada, Culebrera europea"
apoyo,6504167741,https://www.openstreetmap.org/node/6504167741,36.1038338,-5.6270425,electrocucion,distribucion,20000.0,pole,,1.0,18.451855346102203,10.38404648418893,sep,"Águila real, Águila calzada, Culebrera europea"
apoyo,6504167742,https://www.openstreetmap.org/node/6504167742,36.1046996,-5.6253862,electrocucion,distribucion,20000.0,pole,,1.0,18.451855346102203,10.38404648418893,sep,"Águila real, Águila calzada, Culebrera europea"
apoyo,2613334183,https://www.openstreetmap.org/node/2613334183,36.0682451,-5.608981,electrocucion,distribucion,66000.0,tower,,1.0,18.42131653876279,10.537733322660603,ago,"Milano negro, Cigüeña blanca, Culebrera europea"
apoyo,3455539547,https://www.openstreetmap.org/node/3455539547,36.0673464,-5.606147,electrocucion,distribucion,66000.0,tower,,1.0,18.42131653876279,10.537733322660603,ago,"Milano negro, Cigüeña blanca, Culebrera europea"
apoyo,1133912094,https://www.openstreetmap.org/node/1133912094,36.164838,-5.7846492,electrocucion,distribucion,66000.0,tower,,1.0,18.353815310534117,11.585586614353106,feb,"Águila real, Halcón peregrino, Águila perdicera"
apoyo,1133912047,https://www.openstreetmap.org/node/1133912047,36.164782,-5.7826805,electrocucion,distribucion,66000.0,tower,,1.0,18.353815310534117,11.585586614353106,feb,"Águila real, Halcón peregrino, Águila perdicera"
apoyo,6171518822,https://www.openstreetmap.org/node/6171518822,36.2413539,-5.4285751,electrocucion,distribucion,15000.0,pole,,1.0,18.16677267297665,9.244309723901049,may,"Cigüeña blanca, Águila calzada, Abejero europeo"
apoyo,6171518821,https://www.openstreetmap.org/node/6171518821,36.2407763,-5.4277651,electrocucion,distribucion,15000.0,pole,,1.0,18.16677267297665,9.244309723901049,may,"Cigüeña blanca, Águila calzada, Abejero europeo"
apoyo,6170070346,https://www.openstreetmap.org/node/6170070346,36.2445339,-5.4294562,electrocucion,distribucion,15000.0,tower,,1.0,18.16677267297665,9.244309723901049,may,"Cigüeña blanca, Águila calzada, Abejero europeo"
apoyo,6171518820,https://www.openstreetmap.org/node/6171518820,36.2401208,-5.4268692,electrocucion,distribucion,15000.0,pole,,1.0,18.16677267297665,9.244309723901049,may,"Cigüeña blanca, Águila calzada, Abejero europeo"
apoyo,6171518823,https://www.openstreetmap.org/node/6171518823,36.2423425,-5.4299364,electrocucion,distribucion,15000.0,pole,,1.0,18.16677267297665,9.244309723901049,may,"Cigüeña blanca, Águila calzada, Abejero europeo"
apoyo,12218053022,https://www.openstreetmap.org/node/12218053022,36.1543426,-5.8110256,electrocucion,distribucion,20000.0,tower,,1.0,18.13171202665676,8.862771050952079,nov,"Buitre negro, Halcón peregrino, Águila perdicera"
linea,659000351,https://www.openstreetmap.org/way/659000351,36.25935448793104,-5.419809310344826,colision_linea,distribucion,15000.0,minor_line,,,18.1120591469694,9.268023532321964,may,"Cigüeña blanca, Águila calzada, Milano negro"
aerogenerador,1133894752,https://www.openstreetmap.org/node/1133894752,36.1422503,-5.8257633,colision_aerogenerador,eolico,,2 MW,,,18.072074873269177,8.297464327221446,nov,"Buitre negro, Águila perdicera, Halcón peregrino"
aerogenerador,1133894838,https://www.openstreetmap.org/node/1133894838,36.1410372,-5.8274031,colision_aerogenerador,eolico,,2 MW,,,18.072074873269177,8.297464327221446,nov,"Buitre negro, Águila perdicera, Halcón peregrino"
aerogenerador,1341149248,https://www.openstreetmap.org/node/1341149248,36.4027798,-5.7840822,colision_aerogenerador,eolico,,2 MW,,,17.970284302247208,7.160245152523815,nov,"Águila imperial ibérica, Milano real, Águila real"
aerogenerador,1341149288,https://www.openstreetmap.org/node/1341149288,36.4044599,-5.7824037,colision_aerogenerador,eolico,,2 MW,,,17.970284302247208,7.160245152523815,nov,"Águila imperial ibérica, Milano real, Águila real"
linea,1320320242,https://www.openstreetmap.org/way/1320320242,36.16463723333333,-5.794589599999999,colision_linea,distribucion,66000.0,line,,,17.923839373589363,11.250048458937831,feb,"Águila real, Grulla común, Águila perdicera"
linea,1320320243,https://www.openstreetmap.org/way/1320320243,36.164660100000006,-5.794464700000001,colision_linea,distribucion,66000.0,line,,,17.923839373589363,11.250048458937831,feb,"Águila real, Grulla común, Águila perdicera"
apoyo,4038091948,https://www.openstreetmap.org/node/4038091948,36.2471051,-5.3431626,electrocucion,distribucion,66000.0,tower,,1.0,17.917489046781306,6.681423816116703,sep,"Alimoche, Abejero europeo, Águila calzada"
apoyo,6153591730,https://www.openstreetmap.org/node/6153591730,36.2453223,-5.3401132,electrocucion,distribucion,,tower,,1.0,17.917489046781306,6.681423816116703,sep,"Alimoche, Abejero europeo, Águila calzada"
apoyo,6239685765,https://www.openstreetmap.org/node/6239685765,36.2082347,-5.4417973,electrocucion,distribucion,66000.0,tower,,1.0,17.9047391273054,12.55227171567614,ago,"Águila calzada, Milano negro, Cigüeña blanca"
apoyo,6239685766,https://www.openstreetmap.org/node/6239685766,36.2080057,-5.4442004,electrocucion,distribucion,66000.0,tower,,1.0,17.9047391273054,12.55227171567614,ago,"Águila calzada, Milano negro, Cigüeña blanca"
apoyo,11732328119,https://www.openstreetmap.org/node/11732328119,36.2088837,-5.4425132,electrocucion,distribucion,15000.0,pole,,1.0,17.9047391273054,12.55227171567614,ago,"Águila calzada, Milano negro, Cigüeña blanca"
apoyo,2318258342,https://www.openstreetmap.org/node/2318258342,36.3916446,-5.9210697,electrocucion,distribucion,66000.0,tower,,1.0,17.840445171098274,11.106041918313693,oct,"Águila imperial ibérica, Águila real, Milano real"
apoyo,2318258341,https://www.openstreetmap.org/node/2318258341,36.3900134,-5.9239008,electrocucion,distribucion,66000.0,tower,,1.0,17.840445171098274,11.106041918313693,oct,"Águila imperial ibérica, Águila real, Milano real"
linea,121810833,https://www.openstreetmap.org/way/121810833,36.312397457615894,-5.668775001324504,colision_linea,transporte,220000.0,Línea de alta tensión Algeciras - Puerto Real,Red Eléctrica de España,,17.831768700745386,11.400813211467485,sep,"Águila imperial ibérica, Buitre negro, Culebrera europea"
apoyo,2318258343,https://www.openstreetmap.org/node/2318258343,36.392648,-5.9193404,electrocucion,distribucion,66000.0,tower,,1.0,17.82988293018871,10.657185978098461,oct,"Águila imperial ibérica, Milano real, Águila real"
aerogenerador,1133862354,https://www.openstreetmap.org/node/1133862354,36.1592449,-5.7900917,colision_aerogenerador,eolico,,300 kW,,,17.811107597149174,12.013706575661836,nov,"Buitre negro, Águila real, Halcón peregrino"
aerogenerador,1133862322,https://www.openstreetmap.org/node/1133862322,36.1598972,-5.7908726,colision_aerogenerador,eolico,,300 kW,,,17.811107597149174,12.013706575661836,nov,"Buitre negro, Águila real, Halcón peregrino"
aerogenerador,1135610220,https://www.openstreetmap.org/node/1135610220,36.1348228,-5.7184442,colision_aerogenerador,eolico,,2 MW,,,17.806416379016948,10.205252354915395,sep,"Águila perdicera, Culebrera europea, Águila calzada"
apoyo,1123196961,https://www.openstreetmap.org/node/1123196961,36.0611375,-5.5840755,electrocucion,distribucion,66000.0,tower,,1.0,17.746481020026735,9.972236783139065,nov,"Buitre negro, Milano real, Águila perdicera"
apoyo,6406806907,https://www.openstreetmap.org/node/6406806907,36.0639221,-5.5197515,electrocucion,distribucion,20000.0,pole,,1.0,17.615045058436184,8.203160342058718,nov,"Buitre negro, Milano real, Halcón peregrino"
linea,696169448,https://www.openstreetmap.org/way/696169448,36.132312075,-5.710063037499999,colision_linea,distribucion,20000.0,minor_line,,,17.5747733531332,9.688518132422283,sep,"Culebrera europea, Cigüeña negra, Alimoche"
aerogenerador,1133869135,https://www.openstreetmap.org/node/1133869135,36.1803412,-5.7888021,colision_aerogenerador,eolico,,800 kW,,,17.490519084183738,10.426721437424487,jul,"Culebrera europea, Alimoche, Cigüeña blanca"
aerogenerador,1133868920,https://www.openstreetmap.org/node/1133868920,36.1812374,-5.7886731,colision_aerogenerador,eolico,,800 kW,,,17.490519084183738,10.426721437424487,jul,"Culebrera europea, Alimoche, Cigüeña blanca"
apoyo,6190163482,https://www.openstreetmap.org/node/6190163482,36.2059955,-5.4099163,electrocucion,distribucion,66000.0,tower,,1.0,17.444328046882333,11.184880663580413,may,"Cigüeña blanca, Águila calzada, Águila real"
apoyo,6190163471,https://www.openstreetmap.org/node/6190163471,36.2050519,-5.4059748,electrocucion,distribucion,66000.0,tower,,1.0,17.444328046882333,11.184880663580413,may,"Cigüeña blanca, Águila calzada, Águila real"
apoyo,6190163486,https://www.openstreetmap.org/node/6190163486,36.2060096,-5.4055578,electrocucion,distribucion,66000.0,tower,,1.0,17.444328046882333,11.184880663580413,may,"Cigüeña blanca, Águila calzada, Águila real"
apoyo,6190163483,https://www.openstreetmap.org/node/6190163483,36.2064479,-5.408936,electrocucion,distribucion,66000.0,tower,,1.0,17.444328046882333,11.184880663580413,may,"Cigüeña blanca, Águila calzada, Águila real"
apoyo,6190163484,https://www.openstreetmap.org/node/6190163484,36.2066859,-5.408012,electrocucion,distribucion,66000.0,tower,,1.0,17.444328046882333,11.184880663580413,may,"Cigüeña blanca, Águila calzada, Águila real"
apoyo,6190163485,https://www.openstreetmap.org/node/6190163485,36.2070398,-5.4062256,electrocucion,distribucion,66000.0,tower,,1.0,17.444328046882333,11.184880663580413,may,"Cigüeña blanca, Águila calzada, Águila real"
apoyo,6190163467,https://www.openstreetmap.org/node/6190163467,36.2024828,-5.4031612,electrocucion,distribucion,66000.0,tower,,1.0,17.440525422151527,11.408372907324067,may,"Cigüeña blanca, Águila calzada, Águila real"
apoyo,6190163473,https://www.openstreetmap.org/node/6190163473,36.2018909,-5.4018697,electrocucion,distribucion,66000.0,tower,,1.0,17.440525422151527,11.408372907324067,may,"Cigüeña blanca, Águila calzada, Águila real"
apoyo,6190163472,https://www.openstreetmap.org/node/6190163472,36.2026765,-5.4028595,electrocucion,distribucion,66000.0,tower,,1.0,17.440525422151527,11.408372907324067,may,"Cigüeña blanca, Águila calzada, Águila real"
apoyo,6190163466,https://www.openstreetmap.org/node/6190163466,36.2004256,-5.4008921,electrocucion,distribucion,66000.0,tower,,1.0,17.440525422151527,11.408372907324067,may,"Cigüeña blanca, Águila calzada, Águila real"
aerogenerador,1135610359,https://www.openstreetmap.org/node/1135610359,36.1321776,-5.7209945,colision_aerogenerador,eolico,,2 MW,,,17.40123989352151,10.04569409765113,sep,"Águila perdicera, Culebrera europea, Alimoche"
linea,121810882,https://www.openstreetmap.org/way/121810882,36.21876866666666,-5.381969592857143,colision_linea,distribucion,66000.0,Línea de alta tensión Algeciras - Pinar del Rey y Crinavis - Pinar del Rey,,,17.380494720221876,10.859037501885327,may,"Águila calzada, Cigüeña blanca, Águila real"
apoyo,6542347580,https://www.openstreetmap.org/node/6542347580,36.1884648,-5.7708772,electrocucion,distribucion,20000.0,tower,,1.0,17.33967096050781,11.760595988944727,jul,"Culebrera europea, Cigüeña blanca, Alimoche"
apoyo,6542347579,https://www.openstreetmap.org/node/6542347579,36.1893259,-5.7719317,electrocucion,distribucion,20000.0,tower,,1.0,17.33967096050781,11.760595988944727,jul,"Culebrera europea, Cigüeña blanca, Alimoche"
apoyo,4038091710,https://www.openstreetmap.org/node/4038091710,36.1597093,-5.4680244,electrocucion,distribucion,66000.0,tower,,1.3,17.338135617415702,10.079261602919503,oct,"Águila calzada, Cigüeña blanca, Cigüeña negra"
apoyo,6711594529,https://www.openstreetmap.org/node/6711594529,36.2729586,-5.9200752,electrocucion,distribucion,20000.0,tower,,1.0,17.196751323031574,9.23110165090752,abr,"Búho real, Águila real, Buitre leonado"
apoyo,6711594528,https://www.openstreetmap.org/node/6711594528,36.2718482,-5.9201074,electrocucion,distribucion,20000.0,tower,,1.0,17.196751323031574,9.23110165090752,abr,"Búho real, Águila real, Buitre leonado"
apoyo,6711594531,https://www.openstreetmap.org/node/6711594531,36.2747512,-5.9200349,electrocucion,distribucion,20000.0,tower,,1.0,17.196751323031574,9.23110165090752,abr,"Búho real, Águila real, Buitre leonado"
apoyo,6711594530,https://www.openstreetmap.org/node/6711594530,36.2740766,-5.9200296,electrocucion,distribucion,20000.0,tower,,1.0,17.196751323031574,9.23110165090752,abr,"Búho real, Águila real, Buitre leonado"
apoyo,12187936208,https://www.openstreetmap.org/node/12187936208,36.1866682,-5.3911958,electrocucion,distribucion,66000.0,tower,,1.0,17.075198141219133,7.101942682554305,mar,"Halcón peregrino, Cigüeña blanca, Águila calzada"
apoyo,6190163506,https://www.openstreetmap.org/node/6190163506,36.1888483,-5.3903027,electrocucion,distribucion,,tower,,1.0,17.075198141219133,7.101942682554305,mar,"Halcón peregrino, Cigüeña blanca, Águila calzada"
apoyo,6190163505,https://www.openstreetmap.org/node/6190163505,36.1898127,-5.3910107,electrocucion,distribucion,,tower,,1.0,17.075198141219133,7.101942682554305,mar,"Halcón peregrino, Cigüeña blanca, Águila calzada"
apoyo,12187936210,https://www.openstreetmap.org/node/12187936210,36.1895706,-5.3935655,electrocucion,distribucion,66000.0,tower,,1.0,17.075198141219133,7.101942682554305,mar,"Halcón peregrino, Cigüeña blanca, Águila calzada"
apoyo,11732297020,https://www.openstreetmap.org/node/11732297020,36.1888234,-5.3904811,electrocucion,distribucion,,tower,,1.0,17.075198141219133,7.101942682554305,mar,"Halcón peregrino, Cigüeña blanca, Águila calzada"
apoyo,12187936209,https://www.openstreetmap.org/node/12187936209,36.1879314,-5.3922344,electrocucion,distribucion,66000.0,tower,,1.0,17.075198141219133,7.101942682554305,mar,"Halcón peregrino, Cigüeña blanca, Águila calzada"
apoyo,11732297019,https://www.openstreetmap.org/node/11732297019,36.1883407,-5.3901243,electrocucion,distribucion,,tower,,1.0,17.075198141219133,7.101942682554305,mar,"Halcón peregrino, Cigüeña blanca, Águila calzada"
apoyo,1135616594,https://www.openstreetmap.org/node/1135616594,36.1738081,-5.7642904,electrocucion,distribucion,66000.0,tower,,1.0,16.99367732316996,12.122151064202129,jul,"Culebrera europea, Cigüeña blanca, Alimoche"
aerogenerador,1135611296,https://www.openstreetmap.org/node/1135611296,36.1312367,-5.7131288,colision_aerogenerador,eolico,,2 MW,,,16.956748482972454,9.760381740669096,sep,"Culebrera europea, Águila calzada, Cigüeña negra"
apoyo,2245272108,https://www.openstreetmap.org/node/2245272108,36.1645905,-5.7948245,electrocucion,distribucion,66000.0,tower,,1.0,16.94554978567595,11.158620634791035,feb,"Águila real, Águila perdicera, Halcón peregrino"
apoyo,1133912004,https://www.openstreetmap.org/node/1133912004,36.1644145,-5.7945784,electrocucion,distribucion,66000.0,tower,,1.0,16.94554978567595,11.158620634791035,feb,"Águila real, Águila perdicera, Halcón peregrino"
apoyo,1126003923,https://www.openstreetmap.org/node/1126003923,36.2482216,-5.4547165,electrocucion,distribucion,66000.0,tower,,1.0,16.932497284376183,12.008964072621149,nov,"Buitre negro, Buitre leonado, Milano real"
apoyo,1126003756,https://www.openstreetmap.org/node/1126003756,36.2480524,-5.4500395,electrocucion,distribucion,66000.0,tower,,1.0,16.932497284376183,12.008964072621149,nov,"Buitre negro, Buitre leonado, Milano real"
linea,705440736,https://www.openstreetmap.org/way/705440736,36.22888508571429,-5.948031071428572,colision_linea,distribucion,20000.0,minor_line,,,16.87633370218029,8.401607855238234,abr,"Águila real, Búho real, Cigüeña blanca"
aerogenerador,1133869259,https://www.openstreetmap.org/node/1133869259,36.1883484,-5.7868695,colision_aerogenerador,eolico,,800 kW,,,16.800883467758997,10.352046760288216,jul,"Culebrera europea, Cigüeña blanca, Águila imperial ibérica"
aerogenerador,1133868861,https://www.openstreetmap.org/node/1133868861,36.1891658,-5.786747,colision_aerogenerador,eolico,,800 kW,,,16.800883467758997,10.352046760288216,jul,"Culebrera europea, Cigüeña blanca, Águila imperial ibérica"
apoyo,6540690571,https://www.openstreetmap.org/node/6540690571,36.1788465,-5.7511067,electrocucion,distribucion,20000.0,tower,,1.0,16.794191177895897,11.873387555456636,ago,"Cigüeña blanca, Culebrera europea, Halcón peregrino"
linea,97199643,https://www.openstreetmap.org/way/97199643,36.186681050000004,-5.423572374999999,colision_linea,transporte,220000.0,Línea de alta tensión Los Barrios - Pinar del Rey,,,16.766081877494674,11.754852570211485,sep,"Cigüeña blanca, Águila calzada, Milano negro"
apoyo,6171370186,https://www.openstreetmap.org/node/6171370186,36.2159668,-5.4285979,electrocucion,distribucion,15000.0,tower,,1.0,16.5916067884627,10.087466175145519,may,"Cigüeña blanca, Águila calzada, Águila real"
apoyo,6171370188,https://www.openstreetmap.org/node/6171370188,36.2181545,-5.4292538,electrocucion,distribucion,15000.0,tower,,1.0,16.5916067884627,10.087466175145519,may,"Cigüeña blanca, Águila calzada, Águila real"
apoyo,6171370187,https://www.openstreetmap.org/node/6171370187,36.2174025,-5.4290304,electrocucion,distribucion,15000.0,tower,,1.0,16.5916067884627,10.087466175145519,may,"Cigüeña blanca, Águila calzada, Águila real"
apoyo,6171370190,https://www.openstreetmap.org/node/6171370190,36.2197461,-5.4297338,electrocucion,distribucion,15000.0,tower,,1.0,16.5916067884627,10.087466175145519,may,"Cigüeña blanca, Águila calzada, Águila real"
apoyo,6171370189,https://www.openstreetmap.org/node/6171370189,36.2189194,-5.4294844,electrocucion,distribucion,15000.0,tower,,1.0,16.5916067884627,10.087466175145519,may,"Cigüeña blanca, Águila calzada, Águila real"
aerogenerador,1135616733,https://www.openstreetmap.org/node/1135616733,36.1457071,-5.7686884,colision_aerogenerador,eolico,,300 kW,,,16.50634418726084,10.283534615188179,ago,"Cigüeña blanca, Alimoche, Culebrera europea"
aerogenerador,1135616850,https://www.openstreetmap.org/node/1135616850,36.1451928,-5.7685096,colision_aerogenerador,eolico,,300 kW,,,16.50634418726084,10.283534615188179,ago,"Cigüeña blanca, Alimoche, Culebrera europea"
apoyo,6171518345,https://www.openstreetmap.org/node/6171518345,36.2957072,-5.4202603,electrocucion,distribucion,15000.0,tower,,1.0,16.470513083730303,8.898696913749017,sep,"Abejero europeo, Águila calzada, Halcón peregrino"
apoyo,6171518347,https://www.openstreetmap.org/node/6171518347,36.2975176,-5.4208826,electrocucion,distribucion,15000.0,tower,,1.0,16.470513083730303,8.898696913749017,sep,"Abejero europeo, Águila calzada, Halcón peregrino"
apoyo,6171518348,https://www.openstreetmap.org/node/6171518348,36.2984439,-5.4211977,electrocucion,distribucion,15000.0,tower,,1.0,16.470513083730303,8.898696913749017,sep,"Abejero europeo, Águila calzada, Halcón peregrino"
apoyo,6171518349,https://www.openstreetmap.org/node/6171518349,36.2993291,-5.4214981,electrocucion,distribucion,15000.0,tower,,1.0,16.470513083730303,8.898696913749017,sep,"Abejero europeo, Águila calzada, Halcón peregrino"
apoyo,6171518346,https://www.openstreetmap.org/node/6171518346,36.2966356,-5.4205835,electrocucion,distribucion,15000.0,tower,,1.0,16.470513083730303,8.898696913749017,sep,"Abejero europeo, Águila calzada, Halcón peregrino"
linea,677694055,https://www.openstreetmap.org/way/677694055,36.225722616666665,-5.438496149999999,colision_linea,distribucion,15000.0,minor_line,,,16.44429388758623,10.103188489677853,may,"Cigüeña blanca, Águila calzada, Milano negro"
aerogenerador,1133861925,https://www.openstreetmap.org/node/1133861925,36.1442551,-5.7828469,colision_aerogenerador,eolico,,300 kW,,,16.40753722795873,10.940117926624161,nov,"Buitre negro, Búho real, Grulla común"
aerogenerador,1133861962,https://www.openstreetmap.org/node/1133861962,36.1447456,-5.7828223,colision_aerogenerador,eolico,,300 kW,,,16.40753722795873,10.940117926624161,nov,"Buitre negro, Búho real, Grulla común"
aerogenerador,1135616692,https://www.openstreetmap.org/node/1135616692,36.155239,-5.7656977,colision_aerogenerador,eolico,,300 kW,,,16.39002282700634,10.97740573587496,feb,"Águila real, Búho real, Grulla común"
aerogenerador,1135616836,https://www.openstreetmap.org/node/1135616836,36.1558485,-5.7659708,colision_aerogenerador,eolico,,300 kW,,,16.39002282700634,10.97740573587496,feb,"Águila real, Búho real, Grulla común"
apoyo,1133912061,https://www.openstreetmap.org/node/1133912061,36.1591793,-5.8048422,electrocucion,distribucion,66000.0,tower,,1.0,16.335638915986454,9.413740736201666,nov,"Buitre negro, Halcón peregrino, Águila perdicera"
apoyo,1133912104,https://www.openstreetmap.org/node/1133912104,36.1591061,-5.8046931,electrocucion,distribucion,66000.0,tower,,1.0,16.335638915986454,9.413740736201666,nov,"Buitre negro, Halcón peregrino, Águila perdicera"
apoyo,6616118957,https://www.openstreetmap.org/node/6616118957,36.2253796,-5.9429705,electrocucion,distribucion,20000.0,tower,,1.0,16.261484175520103,8.116653023814594,abr,"Águila real, Búho real, Cigüeña blanca"
apoyo,6616118959,https://www.openstreetmap.org/node/6616118959,36.2283579,-5.9440662,electrocucion,distribucion,20000.0,tower,,1.0,16.261484175520103,8.116653023814594,abr,"Águila real, Búho real, Cigüeña blanca"
apoyo,6616118958,https://www.openstreetmap.org/node/6616118958,36.2267817,-5.9434801,electrocucion,distribucion,20000.0,tower,,1.0,16.261484175520103,8.116653023814594,abr,"Águila real, Búho real, Cigüeña blanca"
aerogenerador,1135691166,https://www.openstreetmap.org/node/1135691166,36.1590084,-5.6440695,colision_aerogenerador,eolico,,1.8 MW,,,16.260340156044194,5.112707813753722,sep,"Águila calzada, Abejero europeo, Águila perdicera"
aerogenerador,2246305715,https://www.openstreetmap.org/node/2246305715,36.0696981,-5.5978317,colision_aerogenerador,eolico,,2 MW,,,16.24172380170447,10.562016046941542,ago,"Milano negro, Águila perdicera, Cigüeña blanca"
aerogenerador,2246305695,https://www.openstreetmap.org/node/2246305695,36.0686543,-5.5990561,colision_aerogenerador,eolico,,2 MW,,,16.24172380170447,10.562016046941542,ago,"Milano negro, Águila perdicera, Cigüeña blanca"
apoyo,3455539902,https://www.openstreetmap.org/node/3455539902,36.2575128,-5.9422884,electrocucion,distribucion,66000.0,tower,,1.0,16.24158290116241,7.291075059111683,abr,"Águila real, Búho real, Cigüeña blanca"
apoyo,6710451053,https://www.openstreetmap.org/node/6710451053,36.2788704,-5.9270811,electrocucion,distribucion,20000.0,tower,,1.0,16.171189442760912,7.835769647993897,dic,"Águila imperial ibérica, Águila real, Milano real"
apoyo,6710451052,https://www.openstreetmap.org/node/6710451052,36.2783472,-5.9290579,electrocucion,distribucion,20000.0,tower,,1.0,16.171189442760912,7.835769647993897,dic,"Águila imperial ibérica, Águila real, Milano real"
apoyo,6710451054,https://www.openstreetmap.org/node/6710451054,36.2793418,-5.9253967,electrocucion,distribucion,20000.0,tower,,1.0,16.171189442760912,7.835769647993897,dic,"Águila imperial ibérica, Águila real, Milano real"
apoyo,3455539551,https://www.openstreetmap.org/node/3455539551,36.0846906,-5.6511554,electrocucion,distribucion,66000.0,tower,,1.0,16.153780914823816,7.777060366378431,sep,"Cigüeña negra, Milano negro, Águila calzada"
apoyo,4038091891,https://www.openstreetmap.org/node/4038091891,36.2314308,-5.4430551,electrocucion,distribucion,66000.0,tower,,1.0,15.954521078158844,10.804627247224353,may,"Cigüeña blanca, Milano negro, Águila calzada"
apoyo,1126003921,https://www.openstreetmap.org/node/1126003921,36.2505803,-5.4748416,electrocucion,distribucion,66000.0,tower,,1.0,15.854591407467373,10.768801081651807,nov,"Buitre leonado, Buitre negro, Milano real"
apoyo,6710451044,https://www.openstreetmap.org/node/6710451044,36.2740095,-5.9446389,electrocucion,distribucion,20000.0,tower,,1.0,15.795179044175867,7.5104177609783696,abr,"Águila real, Búho real, Buitre leonado"
apoyo,6710451045,https://www.openstreetmap.org/node/6710451045,36.2743231,-5.943456,electrocucion,distribucion,20000.0,tower,,1.0,15.795179044175867,7.5104177609783696,abr,"Águila real, Búho real, Buitre leonado"
apoyo,6710451046,https://www.openstreetmap.org/node/6710451046,36.2748399,-5.9415329,electrocucion,distribucion,20000.0,tower,,1.0,15.795179044175867,7.5104177609783696,abr,"Águila real, Búho real, Buitre leonado"
aerogenerador,1341149622,https://www.openstreetmap.org/node/1341149622,36.4159096,-5.7675167,colision_aerogenerador,eolico,,2 MW,,,15.715942956677745,6.2035905204303745,nov,"Milano real, Águila imperial ibérica, Águila real"
apoyo,2640941045,https://www.openstreetmap.org/node/2640941045,36.0704503,-5.5159016,electrocucion,distribucion,20000.0,tower,,1.0,15.598758917483638,8.628155336061976,nov,"Buitre negro, Halcón peregrino, Águila perdicera"
linea,181677163,https://www.openstreetmap.org/way/181677163,36.181457413333334,-5.377007326666668,colision_linea,distribucion,,minor_line,,,15.595599292582198,7.082767167961298,mar,"Halcón peregrino, Cigüeña blanca, Águila calzada"
apoyo,2613334184,https://www.openstreetmap.org/node/2613334184,36.0691293,-5.6117602,electrocucion,distribucion,66000.0,tower,,1.0,15.594163169439025,8.44123633654573,ago,"Milano negro, Cigüeña blanca, Culebrera europea"
apoyo,6710451058,https://www.openstreetmap.org/node/6710451058,36.2831018,-5.9225562,electrocucion,distribucion,20000.0,tower,,1.0,15.538966190495723,8.148300593403476,dic,"Águila real, Águila imperial ibérica, Milano real"
apoyo,6710451060,https://www.openstreetmap.org/node/6710451060,36.283318,-5.9202495,electrocucion,distribucion,20000.0,tower,,1.0,15.538966190495723,8.148300593403476,dic,"Águila real, Águila imperial ibérica, Milano real"
apoyo,6710451057,https://www.openstreetmap.org/node/6710451057,36.2830478,-5.9242192,electrocucion,distribucion,20000.0,tower,,1.0,15.538966190495723,8.148300593403476,dic,"Águila real, Águila imperial ibérica, Milano real"
apoyo,6710451059,https://www.openstreetmap.org/node/6710451059,36.2831386,-5.921317,electrocucion,distribucion,20000.0,tower,,1.0,15.538966190495723,8.148300593403476,dic,"Águila real, Águila imperial ibérica, Milano real"
apoyo,6710451048,https://www.openstreetmap.org/node/6710451048,36.2765395,-5.9358117,electrocucion,distribucion,20000.0,tower,,1.0,15.528946405768105,7.338698331349492,dic,"Milano real, Águila imperial ibérica, Águila real"
apoyo,6710451049,https://www.openstreetmap.org/node/6710451049,36.276546,-5.9350446,electrocucion,distribucion,20000.0,tower,,1.0,15.528946405768105,7.338698331349492,dic,"Milano real, Águila imperial ibérica, Águila real"
apoyo,6710451047,https://www.openstreetmap.org/node/6710451047,36.2757091,-5.938392,electrocucion,distribucion,20000.0,tower,,1.0,15.528946405768105,7.338698331349492,dic,"Milano real, Águila imperial ibérica, Águila real"
apoyo,1123247998,https://www.openstreetmap.org/node/1123247998,36.1593662,-5.475666,electrocucion,distribucion,66000.0,tower,,1.0,15.52862030205698,9.176270583834418,oct,"Águila calzada, Cigüeña blanca, Halcón peregrino"
apoyo,6198754808,https://www.openstreetmap.org/node/6198754808,36.1948531,-5.4055779,electrocucion,distribucion,66000.0,tower,,1.0,15.504709376907421,9.788601184604723,mar,"Cigüeña blanca, Halcón peregrino, Águila calzada"
apoyo,6190163461,https://www.openstreetmap.org/node/6190163461,36.1900789,-5.4089467,electrocucion,distribucion,66000.0,tower,,1.0,15.504709376907421,9.788601184604723,mar,"Cigüeña blanca, Halcón peregrino, Águila calzada"
apoyo,6198754809,https://www.openstreetmap.org/node/6198754809,36.1937329,-5.4073602,electrocucion,distribucion,66000.0,tower,,1.0,15.504709376907421,9.788601184604723,mar,"Cigüeña blanca, Halcón peregrino, Águila calzada"
apoyo,6198754810,https://www.openstreetmap.org/node/6198754810,36.1934363,-5.4077907,electrocucion,distribucion,66000.0,tower,,1.0,15.504709376907421,9.788601184604723,mar,"Cigüeña blanca, Halcón peregrino, Águila calzada"
apoyo,6198754811,https://www.openstreetmap.org/node/6198754811,36.1927545,-5.4085417,electrocucion,distribucion,66000.0,tower,,1.0,15.504709376907421,9.788601184604723,mar,"Cigüeña blanca, Halcón peregrino, Águila calzada"
apoyo,6190163462,https://www.openstreetmap.org/node/6190163462,36.1915856,-5.4062873,electrocucion,distribucion,66000.0,tower,,1.0,15.504709376907421,9.788601184604723,mar,"Cigüeña blanca, Halcón peregrino, Águila calzada"
aerogenerador,9556249768,https://www.openstreetmap.org/node/9556249768,36.3653558,-5.3556897,colision_aerogenerador,eolico,,2.2 MW,,,15.481663117722672,5.041067404911861,feb,"Halcón peregrino, Culebrera europea, Águila perdicera"
aerogenerador,9556249765,https://www.openstreetmap.org/node/9556249765,36.3684646,-5.3557466,colision_aerogenerador,eolico,,2.2 MW,,,15.481663117722672,5.041067404911861,feb,"Halcón peregrino, Culebrera europea, Águila perdicera"
aerogenerador,1133862032,https://www.openstreetmap.org/node/1133862032,36.1649041,-5.7969588,colision_aerogenerador,eolico,,1.8 MW,,,15.423824268568156,10.415829148537744,nov,"Buitre negro, Águila real, Halcón peregrino"
aerogenerador,1133862075,https://www.openstreetmap.org/node/1133862075,36.1627624,-5.7975909,colision_aerogenerador,eolico,,2 MW,,,15.423824268568156,10.415829148537744,nov,"Buitre negro, Águila real, Halcón peregrino"
apoyo,12218053066,https://www.openstreetmap.org/node/12218053066,36.2547557,-5.8938922,electrocucion,distribucion,66000.0,tower,,1.0,15.394263677457806,9.848233520340957,feb,"Águila real, Búho real, Águila imperial ibérica"
apoyo,4038091691,https://www.openstreetmap.org/node/4038091691,36.1342266,-5.4699937,electrocucion,distribucion,66000.0,tower,,1.0,15.384586721855836,7.055722457141375,mar,"Halcón peregrino, Milano negro, Culebrera europea"
apoyo,4038091689,https://www.openstreetmap.org/node/4038091689,36.1305822,-5.4696528,electrocucion,distribucion,66000.0,tower,,1.0,15.384586721855836,7.055722457141375,mar,"Halcón peregrino, Milano negro, Culebrera europea"
linea,1321572058,https://www.openstreetmap.org/way/1321572058,36.13619075,-5.45902925,colision_linea,distribucion,66000.0,line,,,15.305551575746012,6.456032327854495,mar,"Halcón peregrino, Culebrera europea, Milano negro"
linea,1321572055,https://www.openstreetmap.org/way/1321572055,36.136251349999995,-5.4588792,colision_linea,distribucion,66000.0,line,,,15.305551575746012,6.456032327854495,mar,"Halcón peregrino, Culebrera europea, Milano negro"
linea,1321572053,https://www.openstreetmap.org/way/1321572053,36.13630435,-5.45892845,colision_linea,distribucion,66000.0,line,,,15.305551575746012,6.456032327854495,mar,"Halcón peregrino, Culebrera europea, Milano negro"
linea,1321572052,https://www.openstreetmap.org/way/1321572052,36.1363184,-5.458895249999999,colision_linea,distribucion,66000.0,line,,,15.305551575746012,6.456032327854495,mar,"Halcón peregrino, Culebrera europea, Milano negro"
linea,1321572054,https://www.openstreetmap.org/way/1321572054,36.13622385,-5.45894925,colision_linea,distribucion,66000.0,line,,,15.305551575746012,6.456032327854495,mar,"Halcón peregrino, Culebrera europea, Milano negro"
linea,662109265,https://www.openstreetmap.org/way/662109265,36.19414913333333,-5.412848353333333,colision_linea,distribucion,,minor_line,,,15.223210857108656,10.326795360325939,abr,"Cigüeña blanca, Águila calzada, Milano negro"
aerogenerador,1135611076,https://www.openstreetmap.org/node/1135611076,36.1345764,-5.7275589,colision_aerogenerador,eolico,,2 MW,,,15.191972022775493,8.882713107364603,sep,"Águila perdicera, Alimoche, Culebrera europea"
linea,97199650,https://www.openstreetmap.org/way/97199650,36.216893065625,-5.387159678125,colision_linea,transporte,400000.0,line,Red Eléctrica de España,,15.178562390379842,9.413045496810915,mar,"Águila calzada, Cigüeña blanca, Águila real"
linea,659166345,https://www.openstreetmap.org/way/659166345,36.2966529,-5.4205198,colision_linea,distribucion,15000.0,minor_line,,,15.086697533059468,8.049018161573072,may,"Cigüeña blanca, Águila real, Buitre leonado"
apoyo,6434174477,https://www.openstreetmap.org/node/6434174477,36.0453472,-5.6287994,electrocucion,distribucion,20000.0,tower,,1.0,15.076722724839243,6.715592986004556,ago,"Milano negro, Cigüeña blanca, Culebrera europea"
linea,401373752,https://www.openstreetmap.org/way/401373752,36.21431233888889,-5.381694555555556,colision_linea,transporte,220000.0,Línea de alta tensión Algeciras - Pinar del Rey 1 y Algeciras - Pinar del Rey 2,,,15.048753363099568,8.640497861281283,mar,"Halcón peregrino, Cigüeña blanca, Águila calzada"
aerogenerador,1135611011,https://www.openstreetmap.org/node/1135611011,36.1367545,-5.7196488,colision_aerogenerador,eolico,,2 MW,,,15.039006582234766,8.958404765192666,sep,"Culebrera europea, Águila perdicera, Águila calzada"
aerogenerador,1133869093,https://www.openstreetmap.org/node/1133869093,36.1809989,-5.7957405,colision_aerogenerador,eolico,,800 kW,,,15.021855042590543,8.368115228045065,jul,"Alimoche, Culebrera europea, Águila imperial ibérica"
aerogenerador,1133869265,https://www.openstreetmap.org/node/1133869265,36.1800323,-5.7960202,colision_aerogenerador,eolico,,800 kW,,,15.021855042590543,8.368115228045065,jul,"Alimoche, Culebrera europea, Águila imperial ibérica"
linea,325690547,https://www.openstreetmap.org/way/325690547,36.17012991666667,-5.452119733333333,colision_linea,distribucion,20000.0,minor_line,,,14.998859993718199,9.636576049366285,oct,"Cigüeña blanca, Cigüeña negra, Halcón peregrino"
apoyo,9957292709,https://www.openstreetmap.org/node/9957292709,36.3004089,-5.3166835,electrocucion,distribucion,66000.0,tower,,1.0,14.993100780564905,5.802296804340866,sep,"Águila calzada, Cigüeña negra, Abejero europeo"
apoyo,6239877282,https://www.openstreetmap.org/node/6239877282,36.2479189,-5.4458847,electrocucion,distribucion,66000.0,tower,,1.0,14.991331481588865,10.827070310610559,nov,"Buitre negro, Buitre leonado, Halcón peregrino"
linea,1262722030,https://www.openstreetmap.org/way/1262722030,36.18386145,-5.4205174,colision_linea,desconocida,,line,,,14.955189352872756,9.912061112679593,sep,"Cigüeña blanca, Águila calzada, Abejero europeo"
linea,664867465,https://www.openstreetmap.org/way/664867465,36.184552133333334,-5.420774766666668,colision_linea,transporte,400000.0,line,,,14.955189352872756,9.912061112679593,sep,"Cigüeña blanca, Águila calzada, Abejero europeo"
linea,1262722029,https://www.openstreetmap.org/way/1262722029,36.1838907,-5.42042715,colision_linea,desconocida,,line,,,14.955189352872756,9.912061112679593,sep,"Cigüeña blanca, Águila calzada, Abejero europeo"
linea,1262722028,https://www.openstreetmap.org/way/1262722028,36.18383125,-5.42060135,colision_linea,desconocida,,line,,,14.955189352872756,9.912061112679593,sep,"Cigüeña blanca, Águila calzada, Abejero europeo"
aerogenerador,1135610130,https://www.openstreetmap.org/node/1135610130,36.1387875,-5.720556,colision_aerogenerador,eolico,,2 MW,,,14.805537677389738,8.9070111475907,sep,"Águila perdicera, Culebrera europea, Águila calzada"
apoyo,6710451042,https://www.openstreetmap.org/node/6710451042,36.2731467,-5.9478602,electrocucion,distribucion,20000.0,tower,,1.0,14.773739408648979,6.757257045210124,abr,"Águila real, Búho real, Buitre leonado"
apoyo,6710451043,https://www.openstreetmap.org/node/6710451043,36.2736181,-5.9460282,electrocucion,distribucion,20000.0,tower,,1.0,14.773739408648979,6.757257045210124,abr,"Águila real, Búho real, Buitre leonado"
apoyo,12229350722,https://www.openstreetmap.org/node/12229350722,36.2006075,-5.4600172,electrocucion,distribucion,66000.0,tower,,1.0,14.751947779026448,10.739512602390183,mar,"Cigüeña blanca, Milano negro, Culebrera europea"
apoyo,4038091732,https://www.openstreetmap.org/node/4038091732,36.2011444,-5.464158,electrocucion,distribucion,66000.0,tower,,1.0,14.751947779026448,10.739512602390183,mar,"Cigüeña blanca, Milano negro, Culebrera europea"
apoyo,6109973014,https://www.openstreetmap.org/node/6109973014,36.3175481,-5.313034,electrocucion,distribucion,66000.0,tower,,1.0,14.599730191543717,7.3207272576009474,sep,"Águila calzada, Cigüeña negra, Culebrera europea"
apoyo,6110486086,https://www.openstreetmap.org/node/6110486086,36.3196031,-5.3136532,electrocucion,distribucion,,tower,,1.0,14.599730191543717,7.3207272576009474,sep,"Águila calzada, Cigüeña negra, Culebrera europea"
apoyo,12218053074,https://www.openstreetmap.org/node/12218053074,36.256372,-5.929002,electrocucion,distribucion,66000.0,tower,,1.0,14.49266420041481,7.753593530878675,abr,"Búho real, Águila real, Cigüeña blanca"
apoyo,12218053073,https://www.openstreetmap.org/node/12218053073,36.2560777,-5.9255542,electrocucion,distribucion,66000.0,tower,,1.0,14.49266420041481,7.753593530878675,abr,"Búho real, Águila real, Cigüeña blanca"
apoyo,6710451050,https://www.openstreetmap.org/node/6710451050,36.2770692,-5.9334353,electrocucion,distribucion,20000.0,tower,,1.0,14.452640832690044,6.821377351315152,dic,"Águila imperial ibérica, Milano real, Águila real"
apoyo,6710451051,https://www.openstreetmap.org/node/6710451051,36.2776466,-5.9316731,electrocucion,distribucion,20000.0,tower,,1.0,14.452640832690044,6.821377351315152,dic,"Águila imperial ibérica, Milano real, Águila real"
apoyo,3455539901,https://www.openstreetmap.org/node/3455539901,36.2572716,-5.9395822,electrocucion,distribucion,66000.0,tower,,1.0,14.44606832642357,6.865362611453501,abr,"Águila real, Búho real, Cigüeña blanca"
apoyo,12218053076,https://www.openstreetmap.org/node/12218053076,36.2569627,-5.9359218,electrocucion,distribucion,66000.0,tower,,1.0,14.44606832642357,6.865362611453501,abr,"Águila real, Búho real, Cigüeña blanca"
apoyo,6153752490,https://www.openstreetmap.org/node/6153752490,36.2404063,-5.3382464,electrocucion,distribucion,,tower,,1.0,14.43420820592412,6.062520095807593,sep,"Alimoche, Abejero europeo, Búho real"
apoyo,6153752358,https://www.openstreetmap.org/node/6153752358,36.2402733,-5.3380063,electrocucion,distribucion,,tower,,1.0,14.43420820592412,6.062520095807593,sep,"Alimoche, Abejero europeo, Búho real"
apoyo,6153752359,https://www.openstreetmap.org/node/6153752359,36.2423209,-5.337266,electrocucion,distribucion,,tower,,1.0,14.43420820592412,6.062520095807593,sep,"Alimoche, Abejero europeo, Búho real"
aerogenerador,9556249766,https://www.openstreetmap.org/node/9556249766,36.3683388,-5.3499334,colision_aerogenerador,eolico,,2.2 MW,,,14.428267452192081,6.056215711312785,ene,"Halcón peregrino, Águila perdicera, Buitre leonado"
aerogenerador,9556249767,https://www.openstreetmap.org/node/9556249767,36.3656348,-5.3469598,colision_aerogenerador,eolico,,2.2 MW,,,14.428267452192081,6.056215711312785,ene,"Halcón peregrino, Águila perdicera, Buitre leonado"
linea,97253943,https://www.openstreetmap.org/way/97253943,36.33365717,-5.351059936666668,colision_linea,transporte,220000.0,Línea de alta tensión Jordana - Pinar del Rey,Red Eléctrica de España,,14.42103464867195,10.602034220722208,may,"Águila calzada, Cigüeña blanca, Águila real"
apoyo,4038091755,https://www.openstreetmap.org/node/4038091755,36.2164228,-5.4014268,electrocucion,distribucion,66000.0,tower,,1.0,14.332456786254314,9.561991064262395,may,"Cigüeña blanca, Águila calzada, Águila real"
apoyo,12229350716,https://www.openstreetmap.org/node/12229350716,36.2176736,-5.4028062,electrocucion,distribucion,66000.0,tower,,1.0,14.332456786254314,9.561991064262395,may,"Cigüeña blanca, Águila calzada, Águila real"
apoyo,4038091758,https://www.openstreetmap.org/node/4038091758,36.2181665,-5.4012966,electrocucion,distribucion,66000.0,tower,,1.0,14.332456786254314,9.561991064262395,may,"Cigüeña blanca, Águila calzada, Águila real"
apoyo,12229350715,https://www.openstreetmap.org/node/12229350715,36.2179744,-5.4014366,electrocucion,distribucion,66000.0,tower,,1.0,14.332456786254314,9.561991064262395,may,"Cigüeña blanca, Águila calzada, Águila real"
apoyo,6627658462,https://www.openstreetmap.org/node/6627658462,36.2263814,-5.9476228,electrocucion,distribucion,20000.0,pole,,1.0,14.297871489751826,7.05080897150341,abr,"Águila real, Búho real, Cigüeña blanca"
apoyo,6627658463,https://www.openstreetmap.org/node/6627658463,36.2276763,-5.9477636,electrocucion,distribucion,20000.0,pole,,1.0,14.297871489751826,7.05080897150341,abr,"Águila real, Búho real, Cigüeña blanca"
apoyo,6627658460,https://www.openstreetmap.org/node/6627658460,36.2291346,-5.9479179,electrocucion,distribucion,20000.0,pole,,1.0,14.297871489751826,7.05080897150341,abr,"Águila real, Búho real, Cigüeña blanca"
aerogenerador,1135610822,https://www.openstreetmap.org/node/1135610822,36.1291535,-5.716874,colision_aerogenerador,eolico,,2 MW,,,14.286335251829604,8.068414708887527,sep,"Águila perdicera, Culebrera europea, Águila calzada"
aerogenerador,9014436879,https://www.openstreetmap.org/node/9014436879,36.3202843,-5.8949094,colision_aerogenerador,eolico,,3 MW,,,14.234263138875486,7.195122623231147,ene,"Milano real, Búho real, Halcón peregrino"
aerogenerador,9014436998,https://www.openstreetmap.org/node/9014436998,36.3229165,-5.8948946,colision_aerogenerador,eolico,,3 MW,,,14.234263138875486,7.195122623231147,ene,"Milano real, Búho real, Halcón peregrino"
apoyo,375665487,https://www.openstreetmap.org/node/375665487,36.0814392,-5.4295963,electrocucion,desconocida,,tower,,1.0,14.185054160887791,4.249614841727901,mar,"Cigüeña negra, Halcón peregrino, Alimoche"
apoyo,6598432612,https://www.openstreetmap.org/node/6598432612,36.1661109,-5.8858207,electrocucion,distribucion,20000.0,tower,,1.0,14.153002592440156,7.953900177607387,oct,"Halcón peregrino, Cigüeña negra, Buitre leonado"
apoyo,6598432610,https://www.openstreetmap.org/node/6598432610,36.1682665,-5.8895262,electrocucion,distribucion,20000.0,tower,,1.0,14.153002592440156,7.953900177607387,oct,"Halcón peregrino, Cigüeña negra, Buitre leonado"
apoyo,6598432613,https://www.openstreetmap.org/node/6598432613,36.1673267,-5.8882816,electrocucion,distribucion,20000.0,tower,,1.0,14.153002592440156,7.953900177607387,oct,"Halcón peregrino, Cigüeña negra, Buitre leonado"
apoyo,6598432611,https://www.openstreetmap.org/node/6598432611,36.1659625,-5.8853164,electrocucion,distribucion,20000.0,tower,,1.0,14.153002592440156,7.953900177607387,oct,"Halcón peregrino, Cigüeña negra, Buitre leonado"
apoyo,12218053075,https://www.openstreetmap.org/node/12218053075,36.2566915,-5.9327442,electrocucion,distribucion,66000.0,tower,,1.0,14.031769125661562,7.079513706207293,abr,"Águila real, Búho real, Cigüeña blanca"
aerogenerador,1133869130,https://www.openstreetmap.org/node/1133869130,36.1782808,-5.8040747,colision_aerogenerador,eolico,,800 kW,,,13.99471654257344,7.956865393813942,jul,"Alimoche, Culebrera europea, Búho real"
aerogenerador,1133869294,https://www.openstreetmap.org/node/1133869294,36.1791889,-5.8037328,colision_aerogenerador,eolico,,800 kW,,,13.99471654257344,7.956865393813942,jul,"Alimoche, Culebrera europea, Búho real"
apoyo,12183779443,https://www.openstreetmap.org/node/12183779443,36.374761,-5.3458743,electrocucion,distribucion,66000.0,tower,,1.0,13.930403828218669,6.38154660438423,feb,"Halcón peregrino, Buitre leonado, Culebrera europea"
apoyo,11732328127,https://www.openstreetmap.org/node/11732328127,36.1807268,-5.4619539,electrocucion,distribucion,66000.0,tower,,1.0,13.854064422462601,9.282362414567432,sep,"Cigüeña blanca, Águila calzada, Abejero europeo"
apoyo,11732328128,https://www.openstreetmap.org/node/11732328128,36.1832035,-5.4649472,electrocucion,distribucion,66000.0,tower,,1.0,13.854064422462601,9.282362414567432,sep,"Cigüeña blanca, Águila calzada, Abejero europeo"
linea,714032801,https://www.openstreetmap.org/way/714032801,36.33075502,-5.785662159999999,colision_linea,distribucion,,minor_line,,,13.803836557271714,7.80286597505759,nov,"Milano real, Búho real, Águila imperial ibérica"
linea,651665370,https://www.openstreetmap.org/way/651665370,36.3195671,-5.3158942,colision_linea,distribucion,,minor_line,,,13.728216149779422,6.0705492150491045,sep,"Cigüeña negra, Águila calzada, Culebrera europea"
apoyo,4038091690,https://www.openstreetmap.org/node/4038091690,36.1322617,-5.4705875,electrocucion,distribucion,66000.0,tower,,1.0,13.64863565028439,6.942822187283094,mar,"Milano negro, Culebrera europea, Halcón peregrino"
aerogenerador,2318258295,https://www.openstreetmap.org/node/2318258295,36.3334596,-5.9343013,colision_aerogenerador,eolico,,2 MW,,,13.638078711719837,6.150303953315791,ene,"Milano real, Águila perdicera, Grulla común"
aerogenerador,1133869049,https://www.openstreetmap.org/node/1133869049,36.1809293,-5.803464,colision_aerogenerador,eolico,,800 kW,,,13.615002743698005,7.404459134563418,jul,"Águila imperial ibérica, Alimoche, Búho real"
aerogenerador,1133868876,https://www.openstreetmap.org/node/1133868876,36.1800578,-5.8036012,colision_aerogenerador,eolico,,800 kW,,,13.615002743698005,7.404459134563418,jul,"Águila imperial ibérica, Alimoche, Búho real"
apoyo,4038091950,https://www.openstreetmap.org/node/4038091950,36.2473006,-5.3506306,electrocucion,distribucion,66000.0,tower,,1.0,13.590731160539061,4.68393357757997,sep,"Alimoche, Abejero europeo, Águila calzada"
apoyo,4038091932,https://www.openstreetmap.org/node/4038091932,36.246199,-5.3515475,electrocucion,distribucion,66000.0,tower,,1.0,13.590731160539061,4.68393357757997,sep,"Alimoche, Abejero europeo, Águila calzada"
apoyo,11732328133,https://www.openstreetmap.org/node/11732328133,36.1959061,-5.4606128,electrocucion,distribucion,66000.0,tower,,1.0,13.56105699496226,10.309770725280115,mar,"Cigüeña blanca, Milano negro, Culebrera europea"
apoyo,6239877399,https://www.openstreetmap.org/node/6239877399,36.1986451,-5.4608949,electrocucion,distribucion,66000.0,tower,,1.0,13.56105699496226,10.309770725280115,mar,"Cigüeña blanca, Milano negro, Culebrera europea"
apoyo,6239877398,https://www.openstreetmap.org/node/6239877398,36.1959689,-5.4621041,electrocucion,distribucion,66000.0,tower,,1.0,13.56105699496226,10.309770725280115,mar,"Cigüeña blanca, Milano negro, Culebrera europea"
apoyo,6198877518,https://www.openstreetmap.org/node/6198877518,36.1896265,-5.4134193,electrocucion,distribucion,,tower,,1.0,13.509204206604345,8.725599800376015,mar,"Cigüeña blanca, Halcón peregrino, Águila calzada"
apoyo,6198877560,https://www.openstreetmap.org/node/6198877560,36.1891438,-5.4141676,electrocucion,distribucion,,tower,,1.0,13.509204206604345,8.725599800376015,mar,"Cigüeña blanca, Halcón peregrino, Águila calzada"
apoyo,6198877559,https://www.openstreetmap.org/node/6198877559,36.1881556,-5.4145083,electrocucion,distribucion,,tower,,1.0,13.509204206604345,8.725599800376015,mar,"Cigüeña blanca, Halcón peregrino, Águila calzada"
apoyo,6198877520,https://www.openstreetmap.org/node/6198877520,36.189068,-5.4135843,electrocucion,distribucion,,tower,,1.0,13.509204206604345,8.725599800376015,mar,"Cigüeña blanca, Halcón peregrino, Águila calzada"
apoyo,6198877561,https://www.openstreetmap.org/node/6198877561,36.1896352,-5.4139289,electrocucion,distribucion,,tower,,1.0,13.509204206604345,8.725599800376015,mar,"Cigüeña blanca, Halcón peregrino, Águila calzada"
apoyo,6515532313,https://www.openstreetmap.org/node/6515532313,36.1500216,-5.696564,electrocucion,distribucion,20000.0,tower,,1.0,13.473318130707332,8.387265555635079,abr,"Águila calzada, Culebrera europea, Alimoche"
apoyo,6153591729,https://www.openstreetmap.org/node/6153591729,36.2449308,-5.3404243,electrocucion,distribucion,,tower,,1.0,13.468160677102867,5.175963100885296,sep,"Alimoche, Abejero europeo, Halcón peregrino"
apoyo,6153752492,https://www.openstreetmap.org/node/6153752492,36.2417206,-5.3406121,electrocucion,distribucion,,tower,,1.0,13.468160677102867,5.175963100885296,sep,"Alimoche, Abejero europeo, Halcón peregrino"
apoyo,6153591728,https://www.openstreetmap.org/node/6153591728,36.244045,-5.341233,electrocucion,distribucion,,tower,,1.0,13.468160677102867,5.175963100885296,sep,"Alimoche, Abejero europeo, Halcón peregrino"
aerogenerador,1135691107,https://www.openstreetmap.org/node/1135691107,36.1630397,-5.6509779,colision_aerogenerador,eolico,,1.8 MW,,,13.398919913473273,5.376168313083201,sep,"Águila calzada, Abejero europeo, Águila perdicera"
aerogenerador,2318258298,https://www.openstreetmap.org/node/2318258298,36.3368102,-5.9408233,colision_aerogenerador,eolico,,2 MW,,,13.373102997772607,5.851749077849644,ene,"Milano real, Águila perdicera, Águila imperial ibérica"
linea,216251169,https://www.openstreetmap.org/way/216251169,36.32523817654321,-5.567444302469136,colision_linea,transporte,400000.0,line,Red Eléctrica de España,,13.276871861397655,8.73604989052856,mar,"Alimoche, Culebrera europea, Cigüeña negra"
apoyo,6170070310,https://www.openstreetmap.org/node/6170070310,36.2752832,-5.4119387,electrocucion,distribucion,15000.0,tower,,1.0,13.251944152419629,7.124192080956331,may,"Cigüeña blanca, Águila real, Buitre leonado"
apoyo,6170070309,https://www.openstreetmap.org/node/6170070309,36.276147,-5.4118341,electrocucion,distribucion,15000.0,tower,,1.0,13.251944152419629,7.124192080956331,may,"Cigüeña blanca, Águila real, Buitre leonado"
apoyo,6170070307,https://www.openstreetmap.org/node/6170070307,36.277745,-5.4116732,electrocucion,distribucion,15000.0,tower,,1.0,13.251944152419629,7.124192080956331,may,"Cigüeña blanca, Águila real, Buitre leonado"
apoyo,6170070306,https://www.openstreetmap.org/node/6170070306,36.2783428,-5.4116142,electrocucion,distribucion,15000.0,tower,,1.0,13.251944152419629,7.124192080956331,may,"Cigüeña blanca, Águila real, Buitre leonado"
apoyo,6170070308,https://www.openstreetmap.org/node/6170070308,36.2770411,-5.4117268,electrocucion,distribucion,15000.0,tower,,1.0,13.251944152419629,7.124192080956331,may,"Cigüeña blanca, Águila real, Buitre leonado"
apoyo,6170070305,https://www.openstreetmap.org/node/6170070305,36.2791894,-5.4115056,electrocucion,distribucion,15000.0,tower,,1.0,13.251944152419629,7.124192080956331,may,"Cigüeña blanca, Águila real, Buitre leonado"
apoyo,6170070396,https://www.openstreetmap.org/node/6170070396,36.2345896,-5.433243,electrocucion,distribucion,66000.0,tower,,1.3,13.209825207806702,7.612613229013661,may,"Cigüeña blanca, Águila calzada, Milano negro"
apoyo,6345477020,https://www.openstreetmap.org/node/6345477020,36.2395549,-5.4349507,electrocucion,distribucion,15000.0,pole,,1.0,13.186659922310485,7.3826738275974355,may,"Cigüeña blanca, Águila calzada, Abejero europeo"
apoyo,6170070356,https://www.openstreetmap.org/node/6170070356,36.2397411,-5.4344183,electrocucion,distribucion,15000.0,tower,,1.0,13.186659922310485,7.3826738275974355,may,"Cigüeña blanca, Águila calzada, Abejero europeo"
apoyo,6170070355,https://www.openstreetmap.org/node/6170070355,36.2391971,-5.434985,electrocucion,distribucion,15000.0,tower,,1.0,13.186659922310485,7.3826738275974355,may,"Cigüeña blanca, Águila calzada, Abejero europeo"
apoyo,6109973018,https://www.openstreetmap.org/node/6109973018,36.3243078,-5.3013325,electrocucion,distribucion,66000.0,tower,,1.0,13.177116327686228,6.368075264782561,sep,"Cigüeña negra, Águila calzada, Culebrera europea"
apoyo,6109973019,https://www.openstreetmap.org/node/6109973019,36.3232327,-5.3031939,electrocucion,distribucion,66000.0,tower,,1.0,13.177116327686228,6.368075264782561,sep,"Cigüeña negra, Águila calzada, Culebrera europea"
apoyo,6109973015,https://www.openstreetmap.org/node/6109973015,36.3189179,-5.310663,electrocucion,distribucion,66000.0,tower,,0.9,13.139757172389345,6.588654531840852,sep,"Águila calzada, Cigüeña negra, Culebrera europea"
apoyo,3455539898,https://www.openstreetmap.org/node/3455539898,36.2545778,-5.899734,electrocucion,distribucion,66000.0,tower,,1.0,13.109460680841387,9.201302322964237,feb,"Águila real, Búho real, Águila imperial ibérica"
apoyo,12218053067,https://www.openstreetmap.org/node/12218053067,36.2546808,-5.8964272,electrocucion,distribucion,66000.0,tower,,1.0,13.109460680841387,9.201302322964237,feb,"Águila real, Búho real, Águila imperial ibérica"
apoyo,9605203095,https://www.openstreetmap.org/node/9605203095,36.1700247,-5.4654286,electrocucion,distribucion,66000.0,tower,,1.3,13.060799958006468,8.014561380005809,oct,"Cigüeña blanca, Águila calzada, Halcón peregrino"
linea,401373778,https://www.openstreetmap.org/way/401373778,36.273850452380955,-5.347345941269841,colision_linea,distribucion,66000.0,Línea de alta tensión Alcaides - Pinar del Rey y Las Mesas - Pinar del Rey,,,13.040422527613824,4.736690895287385,sep,"Abejero europeo, Alimoche, Águila calzada"
apoyo,6190163498,https://www.openstreetmap.org/node/6190163498,36.1991734,-5.3995255,electrocucion,distribucion,66000.0,tower,,1.3,13.031025717732355,7.649322088273794,mar,"Cigüeña blanca, Halcón peregrino, Águila calzada"
apoyo,3455539575,https://www.openstreetmap.org/node/3455539575,36.208913,-5.7849035,electrocucion,distribucion,66000.0,tower,,1.0,12.975463189657505,8.427333298320455,oct,"Cigüeña blanca, Águila imperial ibérica, Cigüeña negra"
aerogenerador,1135674262,https://www.openstreetmap.org/node/1135674262,36.1539498,-5.7078202,colision_aerogenerador,eolico,,1.6 MW,,,12.903833786655705,8.757792969375558,jul,"Culebrera europea, Cigüeña blanca, Alimoche"
apoyo,1125985482,https://www.openstreetmap.org/node/1125985482,36.210559,-5.4567049,electrocucion,distribucion,66000.0,tower,,1.0,12.809432117878533,9.110346142919555,mar,"Cigüeña blanca, Milano negro, Culebrera europea"
linea,713871054,https://www.openstreetmap.org/way/713871054,36.276205641666664,-5.921103808333332,colision_linea,distribucion,20000.0,minor_line,,,12.778252793627958,5.458390831240686,dic,"Águila imperial ibérica, Águila real, Búho real"
apoyo,12218053071,https://www.openstreetmap.org/node/12218053071,36.2555368,-5.9192182,electrocucion,distribucion,66000.0,tower,,1.0,12.777690133368575,7.634602535961984,abr,"Búho real, Águila real, Culebrera europea"
apoyo,12218053070,https://www.openstreetmap.org/node/12218053070,36.2552798,-5.9162074,electrocucion,distribucion,66000.0,tower,,1.0,12.777690133368575,7.634602535961984,abr,"Búho real, Águila real, Culebrera europea"
apoyo,3455539895,https://www.openstreetmap.org/node/3455539895,36.2543997,-5.905841,electrocucion,distribucion,66000.0,tower,,1.0,12.772578063939507,9.42100074627651,abr,"Búho real, Águila real, Culebrera europea"
apoyo,12218053068,https://www.openstreetmap.org/node/12218053068,36.2547032,-5.9093877,electrocucion,distribucion,66000.0,tower,,1.0,12.772578063939507,9.42100074627651,abr,"Búho real, Águila real, Culebrera europea"
apoyo,2612084278,https://www.openstreetmap.org/node/2612084278,36.198243,-5.7896651,electrocucion,distribucion,66000.0,tower,,0.9,12.742511677353322,9.918456874750861,jul,"Cigüeña blanca, Culebrera europea, Halcón peregrino"
linea,692789389,https://www.openstreetmap.org/way/692789389,36.10458015999999,-5.619443366666667,colision_linea,distribucion,20000.0,minor_line,,,12.722557135568213,6.583372367021325,sep,"Águila real, Águila calzada, Culebrera europea"
apoyo,6170070467,https://www.openstreetmap.org/node/6170070467,36.2400743,-5.4181011,electrocucion,distribucion,66000.0,tower,,1.0,12.622321642235196,6.337773666843396,may,"Cigüeña blanca, Águila calzada, Águila real"
apoyo,6170070468,https://www.openstreetmap.org/node/6170070468,36.2423761,-5.4155401,electrocucion,distribucion,66000.0,tower,,1.0,12.622321642235196,6.337773666843396,may,"Cigüeña blanca, Águila calzada, Águila real"
aerogenerador,9556249761,https://www.openstreetmap.org/node/9556249761,36.3810575,-5.3540319,colision_aerogenerador,eolico,,2.2 MW,,,12.607163143977832,7.324168285747831,feb,"Halcón peregrino, Águila perdicera, Culebrera europea"
aerogenerador,9556249760,https://www.openstreetmap.org/node/9556249760,36.3829972,-5.3523361,colision_aerogenerador,eolico,,2.2 MW,,,12.607163143977832,7.324168285747831,feb,"Halcón peregrino, Águila perdicera, Culebrera europea"
linea,401373815,https://www.openstreetmap.org/way/401373815,36.243081775,-5.402448274999999,colision_linea,transporte,220000.0,"Línea de alta tensión Alcaides - Pinar del Rey, Algeciras - Pinar del Rey 1, Algeciras - Pinar del Rey 2 y Las Mesas - Pinar del Rey",,,12.588595392988305,6.839550332392601,abr,"Cigüeña blanca, Águila calzada, Halcón peregrino"
apoyo,6504167752,https://www.openstreetmap.org/node/6504167752,36.1046866,-5.613268,electrocucion,distribucion,20000.0,pole,,1.0,12.575414234915405,6.996045178000567,sep,"Águila real, Águila calzada, Culebrera europea"
apoyo,6504167751,https://www.openstreetmap.org/node/6504167751,36.1047624,-5.6122783,electrocucion,distribucion,20000.0,pole,,1.0,12.575414234915405,6.996045178000567,sep,"Águila real, Águila calzada, Culebrera europea"
apoyo,6171518494,https://www.openstreetmap.org/node/6171518494,36.3079397,-5.4600495,electrocucion,distribucion,15000.0,tower,,1.0,12.553757727984284,3.4808017055899243,sep,"Buitre leonado, Abejero europeo, Águila calzada"
aerogenerador,1135691148,https://www.openstreetmap.org/node/1135691148,36.165309,-5.644603,colision_aerogenerador,eolico,,1.8 MW,,,12.477111217967705,4.452824345057619,sep,"Águila calzada, Abejero europeo, Águila perdicera"
linea,121810892,https://www.openstreetmap.org/way/121810892,36.181667420000004,-5.37860522,colision_linea,distribucion,66000.0,Línea de alta tensión Algeciras - Crinavis y Crinavis - Pinar del Rey,,,12.464545175113415,5.738952143900146,mar,"Halcón peregrino, Cigüeña blanca, Águila calzada"
apoyo,4038091903,https://www.openstreetmap.org/node/4038091903,36.2348504,-5.408052,electrocucion,distribucion,66000.0,tower,,1.0,12.450803998164243,7.586045727916915,may,"Cigüeña blanca, Águila calzada, Águila real"
apoyo,4038091904,https://www.openstreetmap.org/node/4038091904,36.2349209,-5.4079228,electrocucion,distribucion,66000.0,tower,,1.0,12.450803998164243,7.586045727916915,may,"Cigüeña blanca, Águila calzada, Águila real"
apoyo,4038091894,https://www.openstreetmap.org/node/4038091894,36.2322108,-5.4069039,electrocucion,distribucion,66000.0,tower,,1.0,12.450803998164243,7.586045727916915,may,"Cigüeña blanca, Águila calzada, Águila real"
apoyo,4038091895,https://www.openstreetmap.org/node/4038091895,36.2322922,-5.4067699,electrocucion,distribucion,66000.0,tower,,1.0,12.450803998164243,7.586045727916915,may,"Cigüeña blanca, Águila calzada, Águila real"
apoyo,4038091727,https://www.openstreetmap.org/node/4038091727,36.1959229,-5.4673935,electrocucion,distribucion,66000.0,tower,,1.0,12.364883323207314,9.573371400052528,sep,"Águila calzada, Alimoche, Milano negro"
apoyo,4038091729,https://www.openstreetmap.org/node/4038091729,36.1976019,-5.4669584,electrocucion,distribucion,66000.0,tower,,1.0,12.364883323207314,9.573371400052528,sep,"Águila calzada, Alimoche, Milano negro"
apoyo,4038091730,https://www.openstreetmap.org/node/4038091730,36.1989824,-5.4658704,electrocucion,distribucion,66000.0,tower,,1.0,12.364883323207314,9.573371400052528,sep,"Águila calzada, Alimoche, Milano negro"
apoyo,6190163496,https://www.openstreetmap.org/node/6190163496,36.2013346,-5.3996542,electrocucion,distribucion,66000.0,tower,,1.3,12.352193732754442,8.088697244704433,mar,"Cigüeña blanca, Halcón peregrino, Águila calzada"
linea,1316892963,https://www.openstreetmap.org/way/1316892963,36.18395155,-5.3899193499999996,colision_linea,distribucion,,minor_line,,,12.245875112499153,4.835931834978973,mar,"Halcón peregrino, Cigüeña blanca, Águila calzada"
linea,661859189,https://www.openstreetmap.org/way/661859189,36.183985449999994,-5.38984765,colision_linea,distribucion,,minor_line,,,12.245875112499153,4.835931834978973,mar,"Halcón peregrino, Cigüeña blanca, Águila calzada"
aerogenerador,1133862157,https://www.openstreetmap.org/node/1133862157,36.172157,-5.8106491,colision_aerogenerador,eolico,,2 MW,,,12.192650674502875,7.396179677252543,nov,"Buitre negro, Águila real, Águila perdicera"
aerogenerador,1133861978,https://www.openstreetmap.org/node/1133861978,36.1706714,-5.8106833,colision_aerogenerador,eolico,,2 MW,,,12.192650674502875,7.396179677252543,nov,"Buitre negro, Águila real, Águila perdicera"
linea,704287302,https://www.openstreetmap.org/way/704287302,36.22631928333333,-5.938906378571429,colision_linea,distribucion,20000.0,minor_line,,,12.068659467707736,6.234847851929241,abr,"Águila real, Búho real, Cigüeña blanca"
aerogenerador,1135691043,https://www.openstreetmap.org/node/1135691043,36.1671141,-5.6457009,colision_aerogenerador,eolico,,1.8 MW,,,12.054161902184568,4.731176263479825,sep,"Águila calzada, Abejero europeo, Águila perdicera"
apoyo,6170070335,https://www.openstreetmap.org/node/6170070335,36.2529014,-5.4208271,electrocucion,distribucion,15000.0,tower,,1.0,12.026494956692096,5.952268983042753,may,"Cigüeña blanca, Águila calzada, Águila real"
apoyo,6170070337,https://www.openstreetmap.org/node/6170070337,36.2514526,-5.4223672,electrocucion,distribucion,15000.0,tower,,1.0,12.026494956692096,5.952268983042753,may,"Cigüeña blanca, Águila calzada, Águila real"
apoyo,6170070338,https://www.openstreetmap.org/node/6170070338,36.2507236,-5.4231222,electrocucion,distribucion,15000.0,tower,,1.0,12.026494956692096,5.952268983042753,may,"Cigüeña blanca, Águila calzada, Águila real"
apoyo,6170070333,https://www.openstreetmap.org/node/6170070333,36.253341,-5.4203699,electrocucion,distribucion,15000.0,tower,,1.0,12.026494956692096,5.952268983042753,may,"Cigüeña blanca, Águila calzada, Águila real"
apoyo,6170070336,https://www.openstreetmap.org/node/6170070336,36.2522204,-5.4215598,electrocucion,distribucion,15000.0,tower,,1.0,12.026494956692096,5.952268983042753,may,"Cigüeña blanca, Águila calzada, Águila real"
linea,713722159,https://www.openstreetmap.org/way/713722159,36.27817432105263,-5.932572447368422,colision_linea,distribucion,20000.0,minor_line,,,12.021819101515273,5.0892998811134476,dic,"Milano real, Águila imperial ibérica, Águila real"
apoyo,6223116494,https://www.openstreetmap.org/node/6223116494,36.2130605,-5.4244646,electrocucion,distribucion,66000.0,tower,,1.0,12.003555971713386,7.531993049643042,may,"Cigüeña blanca, Águila calzada, Águila real"
apoyo,6223116495,https://www.openstreetmap.org/node/6223116495,36.2134522,-5.4226515,electrocucion,distribucion,66000.0,tower,,1.0,12.003555971713386,7.531993049643042,may,"Cigüeña blanca, Águila calzada, Águila real"
apoyo,6223116497,https://www.openstreetmap.org/node/6223116497,36.2139499,-5.4203126,electrocucion,distribucion,66000.0,tower,,1.0,12.003555971713386,7.531993049643042,may,"Cigüeña blanca, Águila calzada, Águila real"
apoyo,4038091752,https://www.openstreetmap.org/node/4038091752,36.2142816,-5.4245929,electrocucion,distribucion,66000.0,tower,,1.0,12.003555971713386,7.531993049643042,may,"Cigüeña blanca, Águila calzada, Águila real"
aerogenerador,1135687539,https://www.openstreetmap.org/node/1135687539,36.1581902,-5.6651977,colision_aerogenerador,eolico,,1.8 MW,,,11.996382801843422,5.985481409128817,mar,"Búho real, Alimoche, Cigüeña negra"
linea,1043690164,https://www.openstreetmap.org/way/1043690164,36.16825995,-5.4657646,colision_linea,distribucion,66000.0,Línea de alta tensión Cañuelo - Isla Verde 1 y Cañuelo - Isla Verde 2,,,11.91035370864524,7.2686245796801,oct,"Cigüeña blanca, Águila calzada, Halcón peregrino"
apoyo,3455539896,https://www.openstreetmap.org/node/3455539896,36.2544778,-5.9030806,electrocucion,distribucion,66000.0,tower,,1.0,11.814035523497807,9.051191590195476,feb,"Águila real, Búho real, Águila imperial ibérica"
aerogenerador,9589891803,https://www.openstreetmap.org/node/9589891803,36.3398902,-5.8926154,colision_aerogenerador,eolico,,2.625 MW,,,11.789326779591331,6.06170579089765,nov,"Águila real, Milano real, Águila imperial ibérica"
aerogenerador,1133895410,https://www.openstreetmap.org/node/1133895410,36.1445019,-5.8143201,colision_aerogenerador,eolico,,2 MW,,,11.78872052127153,5.771771417110487,nov,"Buitre negro, Águila perdicera, Grulla común"
apoyo,6190163493,https://www.openstreetmap.org/node/6190163493,36.2066827,-5.4000632,electrocucion,distribucion,66000.0,tower,,1.0,11.783654077142637,7.654722151675048,may,"Cigüeña blanca, Águila calzada, Águila real"
apoyo,6190163492,https://www.openstreetmap.org/node/6190163492,36.207833,-5.4001491,electrocucion,distribucion,66000.0,tower,,1.0,11.783654077142637,7.654722151675048,may,"Cigüeña blanca, Águila calzada, Águila real"
apoyo,4038091737,https://www.openstreetmap.org/node/4038091737,36.2081598,-5.4020442,electrocucion,distribucion,,tower,,1.0,11.783654077142637,7.654722151675048,may,"Cigüeña blanca, Águila calzada, Águila real"
apoyo,4038091736,https://www.openstreetmap.org/node/4038091736,36.2078233,-5.4007732,electrocucion,distribucion,,tower,,1.0,11.783654077142637,7.654722151675048,may,"Cigüeña blanca, Águila calzada, Águila real"
apoyo,9559243962,https://www.openstreetmap.org/node/9559243962,36.0400857,-5.6051543,electrocucion,distribucion,66000.0,tower,,1.0,11.772259727525695,5.5887788838426316,ago,"Milano negro, Cigüeña blanca, Alimoche"
linea,702634615,https://www.openstreetmap.org/way/702634615,36.166916650000005,-5.8872362250000005,colision_linea,distribucion,20000.0,minor_line,,,11.762464797741346,6.537936461802772,oct,"Halcón peregrino, Cigüeña negra, Águila calzada"
apoyo,4038091786,https://www.openstreetmap.org/node/4038091786,36.2295224,-5.4057122,electrocucion,distribucion,66000.0,tower,,1.0,11.706296922094523,7.3373119777188185,may,"Cigüeña blanca, Águila calzada, Águila real"
apoyo,4038091775,https://www.openstreetmap.org/node/4038091775,36.2269159,-5.4059205,electrocucion,distribucion,66000.0,tower,,1.0,11.706296922094523,7.3373119777188185,may,"Cigüeña blanca, Águila calzada, Águila real"
apoyo,4038091785,https://www.openstreetmap.org/node/4038091785,36.2294017,-5.4054977,electrocucion,distribucion,66000.0,tower,,1.0,11.706296922094523,7.3373119777188185,may,"Cigüeña blanca, Águila calzada, Águila real"
apoyo,4038091770,https://www.openstreetmap.org/node/4038091770,36.22547,-5.4080351,electrocucion,distribucion,66000.0,tower,,1.0,11.706296922094523,7.3373119777188185,may,"Cigüeña blanca, Águila calzada, Águila real"
linea,651604831,https://www.openstreetmap.org/way/651604831,36.3144276,-5.3035727999999995,colision_linea,distribucion,,minor_line,,,11.634681075813745,3.206766008063658,sep,"Cigüeña negra, Águila calzada, Culebrera europea"
apoyo,4038091760,https://www.openstreetmap.org/node/4038091760,36.2203193,-5.402075,electrocucion,distribucion,66000.0,tower,,1.0,11.597333665327822,7.628263158610602,abr,"Cigüeña blanca, Águila calzada, Milano negro"
apoyo,4038091763,https://www.openstreetmap.org/node/4038091763,36.2224819,-5.4028565,electrocucion,distribucion,66000.0,tower,,1.0,11.597333665327822,7.628263158610602,abr,"Cigüeña blanca, Águila calzada, Milano negro"
apoyo,12229350713,https://www.openstreetmap.org/node/12229350713,36.2225454,-5.4030534,electrocucion,distribucion,66000.0,tower,,1.0,11.597333665327822,7.628263158610602,abr,"Cigüeña blanca, Águila calzada, Milano negro"
apoyo,12229350714,https://www.openstreetmap.org/node/12229350714,36.2201506,-5.4021862,electrocucion,distribucion,66000.0,tower,,1.0,11.597333665327822,7.628263158610602,abr,"Cigüeña blanca, Águila calzada, Milano negro"
linea,1486888050,https://www.openstreetmap.org/way/1486888050,36.338411699999995,-5.8622225,colision_linea,transporte,220000.0,line,,,11.42162959982449,5.206629596661386,nov,"Águila real, Búho real, Milano real"
linea,191054131,https://www.openstreetmap.org/way/191054131,36.42831656078432,-5.5355527833333324,colision_linea,transporte,220000.0,line,,,11.421561881753682,7.345203306003163,oct,"Halcón peregrino, Cigüeña negra, Águila calzada"
apoyo,6170070340,https://www.openstreetmap.org/node/6170070340,36.2490451,-5.424816,electrocucion,distribucion,15000.0,tower,,1.0,11.27999601915286,5.4893457533158925,may,"Cigüeña blanca, Águila calzada, Águila real"
apoyo,6170070339,https://www.openstreetmap.org/node/6170070339,36.249773,-5.4240583,electrocucion,distribucion,15000.0,tower,,1.0,11.27999601915286,5.4893457533158925,may,"Cigüeña blanca, Águila calzada, Águila real"
apoyo,1125985480,https://www.openstreetmap.org/node/1125985480,36.248897,-5.4231269,electrocucion,distribucion,66000.0,tower,,1.0,11.27999601915286,5.4893457533158925,may,"Cigüeña blanca, Águila calzada, Águila real"
apoyo,1125985407,https://www.openstreetmap.org/node/1125985407,36.2491123,-5.4202764,electrocucion,distribucion,66000.0,tower,,1.0,11.27999601915286,5.4893457533158925,may,"Cigüeña blanca, Águila calzada, Águila real"
aerogenerador,1135610896,https://www.openstreetmap.org/node/1135610896,36.1751465,-5.7358002,colision_aerogenerador,eolico,,1.6 MW,,,11.26156869297998,7.832605388340639,ago,"Cigüeña blanca, Culebrera europea, Águila calzada"
apoyo,6504167745,https://www.openstreetmap.org/node/6504167745,36.105419,-5.6211282,electrocucion,distribucion,20000.0,pole,,1.0,11.215212466276332,6.358824946358191,sep,"Águila real, Águila calzada, Culebrera europea"
apoyo,6504167744,https://www.openstreetmap.org/node/6504167744,36.1052392,-5.6223379,electrocucion,distribucion,20000.0,pole,,1.0,11.215212466276332,6.358824946358191,sep,"Águila real, Águila calzada, Culebrera europea"
aerogenerador,1133894947,https://www.openstreetmap.org/node/1133894947,36.1362442,-5.811261,colision_aerogenerador,eolico,,2 MW,,,11.155447073660984,5.603247468730136,nov,"Buitre negro, Águila perdicera, Grulla común"
aerogenerador,1135610715,https://www.openstreetmap.org/node/1135610715,36.1489568,-5.7250898,colision_aerogenerador,eolico,,2 MW,,,11.122005148801025,7.271124912191371,jul,"Culebrera europea, Cigüeña blanca, Alimoche"
apoyo,11732297030,https://www.openstreetmap.org/node/11732297030,36.1854766,-5.3860205,electrocucion,distribucion,,tower,,1.0,11.118243751175246,4.53532891016662,mar,"Halcón peregrino, Cigüeña blanca, Águila calzada"
apoyo,1920912154,https://www.openstreetmap.org/node/1920912154,36.1853339,-5.3851446,electrocucion,distribucion,,tower,,1.0,11.118243751175246,4.53532891016662,mar,"Halcón peregrino, Cigüeña blanca, Águila calzada"
apoyo,11732297031,https://www.openstreetmap.org/node/11732297031,36.1854766,-5.385401,electrocucion,distribucion,,tower,,1.0,11.118243751175246,4.53532891016662,mar,"Halcón peregrino, Cigüeña blanca, Águila calzada"
apoyo,12187936207,https://www.openstreetmap.org/node/12187936207,36.185356,-5.3897083,electrocucion,distribucion,66000.0,tower,,1.0,11.118243751175246,4.53532891016662,mar,"Halcón peregrino, Cigüeña blanca, Águila calzada"
apoyo,12187936206,https://www.openstreetmap.org/node/12187936206,36.1853147,-5.3886806,electrocucion,distribucion,66000.0,tower,,1.0,11.118243751175246,4.53532891016662,mar,"Halcón peregrino, Cigüeña blanca, Águila calzada"
apoyo,6640269648,https://www.openstreetmap.org/node/6640269648,36.2404518,-5.8940417,electrocucion,distribucion,20000.0,tower,,1.0,11.112371714612268,8.068443175138874,feb,"Águila real, Búho real, Halcón peregrino"
apoyo,6640269649,https://www.openstreetmap.org/node/6640269649,36.2412738,-5.8949013,electrocucion,distribucion,20000.0,tower,,1.0,11.112371714612268,8.068443175138874,feb,"Águila real, Búho real, Halcón peregrino"
aerogenerador,1133861917,https://www.openstreetmap.org/node/1133861917,36.1595787,-5.8100146,colision_aerogenerador,eolico,,1.8 MW,,,11.100640902085955,5.335903866957156,nov,"Buitre negro, Águila perdicera, Halcón peregrino"
aerogenerador,1133895368,https://www.openstreetmap.org/node/1133895368,36.1358039,-5.7916497,colision_aerogenerador,eolico,,2 MW,,,11.043652529950073,6.28907926990955,oct,"Águila perdicera, Cigüeña negra, Halcón peregrino"
aerogenerador,1135687507,https://www.openstreetmap.org/node/1135687507,36.1697998,-5.66998,colision_aerogenerador,eolico,,1.8 MW,,,10.867098453915611,5.245220675456218,mar,"Búho real, Alimoche, Águila real"
linea,1321575725,https://www.openstreetmap.org/way/1321575725,36.207873125000006,-5.400149375,colision_linea,distribucion,,minor_line,,,10.831934964850184,6.832073743597802,mar,"Cigüeña blanca, Grulla común, Halcón peregrino"
apoyo,6345476988,https://www.openstreetmap.org/node/6345476988,36.2251011,-5.4405388,electrocucion,distribucion,15000.0,pole,,1.0,10.81262283810845,7.3064786056934174,may,"Cigüeña blanca, Milano negro, Águila calzada"
apoyo,6345476989,https://www.openstreetmap.org/node/6345476989,36.2250173,-5.44181,electrocucion,distribucion,15000.0,pole,,1.0,10.81262283810845,7.3064786056934174,may,"Cigüeña blanca, Milano negro, Águila calzada"
apoyo,6483832995,https://www.openstreetmap.org/node/6483832995,36.0750696,-5.6156729,electrocucion,distribucion,66000.0,tower,,1.3,10.78797190945249,5.701825421513322,sep,"Milano negro, Águila real, Cigüeña negra"
apoyo,12218053072,https://www.openstreetmap.org/node/12218053072,36.2558149,-5.922476,electrocucion,distribucion,66000.0,tower,,1.0,10.777167138996207,6.0971158463885695,abr,"Búho real, Águila real, Cigüeña blanca"
apoyo,6170070303,https://www.openstreetmap.org/node/6170070303,36.2810662,-5.4112896,electrocucion,distribucion,15000.0,tower,,1.0,10.744555468374216,5.4890721271091065,may,"Cigüeña blanca, Águila real, Buitre leonado"
apoyo,6170070304,https://www.openstreetmap.org/node/6170070304,36.2802478,-5.4114036,electrocucion,distribucion,15000.0,tower,,1.0,10.744555468374216,5.4890721271091065,may,"Cigüeña blanca, Águila real, Buitre leonado"
apoyo,6170070301,https://www.openstreetmap.org/node/6170070301,36.2835894,-5.4110026,electrocucion,distribucion,15000.0,tower,,1.0,10.744555468374216,5.4890721271091065,may,"Cigüeña blanca, Águila real, Buitre leonado"
apoyo,6170070302,https://www.openstreetmap.org/node/6170070302,36.282917,-5.4110804,electrocucion,distribucion,15000.0,tower,,1.0,10.744555468374216,5.4890721271091065,may,"Cigüeña blanca, Águila real, Buitre leonado"
apoyo,1126004169,https://www.openstreetmap.org/node/1126004169,36.2477937,-5.4427032,electrocucion,distribucion,66000.0,tower,,1.0,10.740175466184876,7.301068930630968,may,"Cigüeña blanca, Milano negro, Buitre leonado"
apoyo,6109973008,https://www.openstreetmap.org/node/6109973008,36.3092939,-5.3273097,electrocucion,distribucion,66000.0,tower,,1.0,10.711842547126937,5.277284386504966,sep,"Abejero europeo, Búho real, Águila calzada"
aerogenerador,1133895346,https://www.openstreetmap.org/node/1133895346,36.129253,-5.8060371,colision_aerogenerador,eolico,,2 MW,,,10.689866501777082,6.019076780099134,oct,"Águila perdicera, Cigüeña negra, Halcón peregrino"
apoyo,6616118954,https://www.openstreetmap.org/node/6616118954,36.2225415,-5.9376412,electrocucion,distribucion,20000.0,tower,,1.0,10.638788141629524,5.358014833521014,abr,"Águila real, Búho real, Cigüeña blanca"
apoyo,6616118953,https://www.openstreetmap.org/node/6616118953,36.2216113,-5.9359311,electrocucion,distribucion,20000.0,tower,,1.0,10.638788141629524,5.358014833521014,abr,"Águila real, Búho real, Cigüeña blanca"
apoyo,6616118955,https://www.openstreetmap.org/node/6616118955,36.2234755,-5.9393951,electrocucion,distribucion,20000.0,tower,,1.0,10.638788141629524,5.358014833521014,abr,"Águila real, Búho real, Cigüeña blanca"
apoyo,6170070329,https://www.openstreetmap.org/node/6170070329,36.2580073,-5.4161109,electrocucion,distribucion,15000.0,tower,,1.0,10.613093009411774,5.626324461505519,may,"Águila real, Cigüeña blanca, Águila calzada"
apoyo,6170070332,https://www.openstreetmap.org/node/6170070332,36.2552637,-5.4183935,electrocucion,distribucion,15000.0,tower,,1.0,10.613093009411774,5.626324461505519,may,"Águila real, Cigüeña blanca, Águila calzada"
apoyo,6170070331,https://www.openstreetmap.org/node/6170070331,36.2560056,-5.4176129,electrocucion,distribucion,15000.0,tower,,1.0,10.613093009411774,5.626324461505519,may,"Águila real, Cigüeña blanca, Águila calzada"
apoyo,6170070330,https://www.openstreetmap.org/node/6170070330,36.2572297,-5.4163644,electrocucion,distribucion,15000.0,tower,,1.0,10.613093009411774,5.626324461505519,may,"Águila real, Cigüeña blanca, Águila calzada"
apoyo,6170070327,https://www.openstreetmap.org/node/6170070327,36.259452,-5.4157139,electrocucion,distribucion,15000.0,tower,,1.0,10.613093009411774,5.626324461505519,may,"Águila real, Cigüeña blanca, Águila calzada"
apoyo,6170070328,https://www.openstreetmap.org/node/6170070328,36.2587794,-5.415891,electrocucion,distribucion,15000.0,tower,,1.0,10.613093009411774,5.626324461505519,may,"Águila real, Cigüeña blanca, Águila calzada"
apoyo,6190163491,https://www.openstreetmap.org/node/6190163491,36.2088956,-5.4002228,electrocucion,distribucion,66000.0,tower,,0.9,10.605288669428374,6.889249936507542,may,"Cigüeña blanca, Águila calzada, Águila real"
aerogenerador,1133895433,https://www.openstreetmap.org/node/1133895433,36.1362837,-5.7873573,colision_aerogenerador,eolico,,2 MW,,,10.587946915162926,6.292283433337931,oct,"Águila perdicera, Cigüeña negra, Halcón peregrino"
aerogenerador,1135610932,https://www.openstreetmap.org/node/1135610932,36.145071,-5.7320469,colision_aerogenerador,eolico,,2 MW,,,10.567722309242582,6.674425376295457,ago,"Cigüeña blanca, Culebrera europea, Alimoche"
apoyo,6627658461,https://www.openstreetmap.org/node/6627658461,36.2239255,-5.9473747,electrocucion,distribucion,20000.0,pole,,1.0,10.50664142536122,5.188324637558888,abr,"Águila real, Búho real, Cigüeña blanca"
apoyo,6619841997,https://www.openstreetmap.org/node/6619841997,36.2215118,-5.9493689,electrocucion,distribucion,20000.0,pole,,1.0,10.50664142536122,5.188324637558888,abr,"Águila real, Búho real, Cigüeña blanca"
apoyo,6619841998,https://www.openstreetmap.org/node/6619841998,36.2221534,-5.9498316,electrocucion,distribucion,20000.0,pole,,1.0,10.50664142536122,5.188324637558888,abr,"Águila real, Búho real, Cigüeña blanca"
aerogenerador,1133861782,https://www.openstreetmap.org/node/1133861782,36.1486861,-5.7976578,colision_aerogenerador,eolico,,2 MW,,,10.490286453897832,5.7295093571193485,nov,"Buitre negro, Águila perdicera, Grulla común"
aerogenerador,1135610754,https://www.openstreetmap.org/node/1135610754,36.1699155,-5.722441,colision_aerogenerador,eolico,,1.6 MW,,,10.457582224722925,6.72277849981234,jul,"Culebrera europea, Cigüeña blanca, Alimoche"
apoyo,3323072335,https://www.openstreetmap.org/node/3323072335,36.1664793,-5.4491945,electrocucion,distribucion,20000.0,tower,,1.0,10.406739339798682,6.691203616952297,sep,"Cigüeña blanca, Águila calzada, Abejero europeo"
aerogenerador,1135610517,https://www.openstreetmap.org/node/1135610517,36.1663506,-5.7329035,colision_aerogenerador,eolico,,1.5 MW,,,10.376157152397141,7.176120586678709,ago,"Culebrera europea, Cigüeña blanca, Águila calzada"
aerogenerador,1135610927,https://www.openstreetmap.org/node/1135610927,36.1532181,-5.7308713,colision_aerogenerador,eolico,,2 MW,,,10.369167363555214,6.6083094691570965,ago,"Culebrera europea, Cigüeña blanca, Alimoche"
aerogenerador,1341149588,https://www.openstreetmap.org/node/1341149588,36.4147523,-5.7697447,colision_aerogenerador,eolico,,2 MW,,,10.343890055252624,4.437076686316657,nov,"Milano real, Águila imperial ibérica, Águila real"
linea,181674246,https://www.openstreetmap.org/way/181674246,36.294826411320756,-5.347144079245282,colision_linea,transporte,220000.0,Línea de alta tensión Algeciras - Nueva Casares,,,10.333753874571862,5.554213097243867,sep,"Abejero europeo, Águila calzada, Búho real"
aerogenerador,1133895467,https://www.openstreetmap.org/node/1133895467,36.1436736,-5.8241975,colision_aerogenerador,eolico,,2 MW,,,10.273493645838006,4.7822323257092165,nov,"Buitre negro, Águila perdicera, Halcón peregrino"
apoyo,3323073153,https://www.openstreetmap.org/node/3323073153,36.1684965,-5.450047,electrocucion,distribucion,20000.0,tower,,1.0,10.27157080753068,6.505585564118924,oct,"Cigüeña blanca, Águila calzada, Cigüeña negra"
apoyo,4038091757,https://www.openstreetmap.org/node/4038091757,36.2178413,-5.4193404,electrocucion,distribucion,66000.0,tower,,1.0,10.212510348748966,6.208306238901861,may,"Cigüeña blanca, Águila calzada, Águila real"
apoyo,4038091759,https://www.openstreetmap.org/node/4038091759,36.219598,-5.4167438,electrocucion,distribucion,66000.0,tower,,1.0,10.212510348748966,6.208306238901861,may,"Cigüeña blanca, Águila calzada, Águila real"
apoyo,6451372972,https://www.openstreetmap.org/node/6451372972,36.0696655,-5.6994487,electrocucion,distribucion,20000.0,pole,,1.0,10.198931005518567,4.399587913767373,sep,"Cigüeña negra, Abejero europeo, Águila calzada"
apoyo,1920912194,https://www.openstreetmap.org/node/1920912194,36.2342656,-5.434252,electrocucion,distribucion,66000.0,tower,,1.0,10.161404006005155,5.855856330010507,may,"Cigüeña blanca, Águila calzada, Milano negro"
apoyo,6612939559,https://www.openstreetmap.org/node/6612939559,36.2179338,-5.9315041,electrocucion,distribucion,20000.0,tower,,1.0,10.155043680173145,5.252758125602707,abr,"Águila real, Búho real, Cigüeña blanca"
apoyo,6612939560,https://www.openstreetmap.org/node/6612939560,36.2163087,-5.9307799,electrocucion,distribucion,20000.0,tower,,1.0,10.155043680173145,5.252758125602707,abr,"Águila real, Búho real, Cigüeña blanca"
apoyo,6612939558,https://www.openstreetmap.org/node/6612939558,36.2196758,-5.9322846,electrocucion,distribucion,20000.0,tower,,1.0,10.155043680173145,5.252758125602707,abr,"Águila real, Búho real, Cigüeña blanca"
apoyo,6198877522,https://www.openstreetmap.org/node/6198877522,36.1865969,-5.4190037,electrocucion,distribucion,,tower,,1.0,10.099588450437173,7.097843519095396,mar,"Cigüeña blanca, Culebrera europea, Águila calzada"
apoyo,4038091911,https://www.openstreetmap.org/node/4038091911,36.237202,-5.3590965,electrocucion,distribucion,66000.0,tower,,1.0,10.04236315132911,3.652829430270437,sep,"Halcón peregrino, Alimoche, Águila calzada"
apoyo,4038091917,https://www.openstreetmap.org/node/4038091917,36.2393829,-5.3572758,electrocucion,distribucion,66000.0,tower,,1.0,10.04236315132911,3.652829430270437,sep,"Halcón peregrino, Alimoche, Águila calzada"
apoyo,6190163465,https://www.openstreetmap.org/node/6190163465,36.1992525,-5.399563,electrocucion,distribucion,66000.0,tower,,1.0,10.023865936717195,5.884093914056765,mar,"Cigüeña blanca, Halcón peregrino, Águila calzada"
apoyo,6190163499,https://www.openstreetmap.org/node/6190163499,36.197417,-5.3988308,electrocucion,distribucion,66000.0,tower,,1.0,10.023865936717195,5.884093914056765,mar,"Cigüeña blanca, Halcón peregrino, Águila calzada"
linea,659000347,https://www.openstreetmap.org/way/659000347,36.30023122,-5.402848090000001,colision_linea,distribucion,15000.0,minor_line,,,10.015326364377467,4.596713232998046,may,"Cigüeña blanca, Águila real, Buitre leonado"
apoyo,6198754927,https://www.openstreetmap.org/node/6198754927,36.1962102,-5.409789,electrocucion,distribucion,,tower,,1.0,9.939137302935569,6.851520141486785,may,"Cigüeña blanca, Águila calzada, Águila real"
apoyo,6198754935,https://www.openstreetmap.org/node/6198754935,36.1960858,-5.409046,electrocucion,distribucion,,tower,,1.0,9.939137302935569,6.851520141486785,may,"Cigüeña blanca, Águila calzada, Águila real"
apoyo,6198754936,https://www.openstreetmap.org/node/6198754936,36.1955046,-5.4067071,electrocucion,distribucion,,tower,,1.0,9.939137302935569,6.851520141486785,may,"Cigüeña blanca, Águila calzada, Águila real"
apoyo,6198754937,https://www.openstreetmap.org/node/6198754937,36.1950812,-5.405307,electrocucion,distribucion,,tower,,1.0,9.939137302935569,6.851520141486785,may,"Cigüeña blanca, Águila calzada, Águila real"
apoyo,4038091925,https://www.openstreetmap.org/node/4038091925,36.2421251,-5.3549855,electrocucion,distribucion,66000.0,tower,,1.0,9.771790733765352,3.4485756903212934,sep,"Alimoche, Águila calzada, Abejero europeo"
apoyo,4038091931,https://www.openstreetmap.org/node/4038091931,36.2442062,-5.3532322,electrocucion,distribucion,66000.0,tower,,1.0,9.771790733765352,3.4485756903212934,sep,"Alimoche, Águila calzada, Abejero europeo"
apoyo,6190163494,https://www.openstreetmap.org/node/6190163494,36.2048311,-5.3999358,electrocucion,distribucion,66000.0,tower,,1.0,9.501687486734186,6.222074803618795,mar,"Cigüeña blanca, Halcón peregrino, Águila calzada"
apoyo,6190163495,https://www.openstreetmap.org/node/6190163495,36.202682,-5.3997749,electrocucion,distribucion,66000.0,tower,,1.0,9.501687486734186,6.222074803618795,mar,"Cigüeña blanca, Halcón peregrino, Águila calzada"
apoyo,6190163497,https://www.openstreetmap.org/node/6190163497,36.200563,-5.399626,electrocucion,distribucion,66000.0,tower,,1.0,9.501687486734186,6.222074803618795,mar,"Cigüeña blanca, Halcón peregrino, Águila calzada"
apoyo,6190163504,https://www.openstreetmap.org/node/6190163504,36.1917161,-5.392961,electrocucion,distribucion,,tower,,1.0,9.48436776050739,4.532412134145988,mar,"Cigüeña blanca, Halcón peregrino, Águila calzada"
apoyo,1920912198,https://www.openstreetmap.org/node/1920912198,36.2382044,-5.4193487,electrocucion,distribucion,66000.0,tower,,1.0,9.430271480989353,4.898857082083689,may,"Cigüeña blanca, Águila calzada, Águila real"
apoyo,4038091919,https://www.openstreetmap.org/node/4038091919,36.239962,-5.4175035,electrocucion,distribucion,66000.0,tower,,1.0,9.430271480989353,4.898857082083689,may,"Cigüeña blanca, Águila calzada, Águila real"
apoyo,6156866697,https://www.openstreetmap.org/node/6156866697,36.2272847,-5.3657819,electrocucion,distribucion,66000.0,tower,,1.0,9.428573691832447,4.4795488483447174,abr,"Cigüeña blanca, Halcón peregrino, Águila calzada"
apoyo,6156866696,https://www.openstreetmap.org/node/6156866696,36.2260272,-5.3658073,electrocucion,distribucion,66000.0,tower,,1.0,9.428573691832447,4.4795488483447174,abr,"Cigüeña blanca, Halcón peregrino, Águila calzada"
apoyo,4038091784,https://www.openstreetmap.org/node/4038091784,36.2293697,-5.3660583,electrocucion,distribucion,66000.0,tower,,1.0,9.428573691832447,4.4795488483447174,abr,"Cigüeña blanca, Halcón peregrino, Águila calzada"
apoyo,4038091774,https://www.openstreetmap.org/node/4038091774,36.2267037,-5.3681646,electrocucion,distribucion,66000.0,tower,,1.0,9.428573691832447,4.4795488483447174,abr,"Cigüeña blanca, Halcón peregrino, Águila calzada"
apoyo,4038091769,https://www.openstreetmap.org/node/4038091769,36.2253987,-5.3694687,electrocucion,distribucion,66000.0,tower,,1.0,9.428573691832447,4.4795488483447174,abr,"Cigüeña blanca, Halcón peregrino, Águila calzada"
apoyo,4038091780,https://www.openstreetmap.org/node/4038091780,36.2283168,-5.366522,electrocucion,distribucion,66000.0,tower,,1.0,9.428573691832447,4.4795488483447174,abr,"Cigüeña blanca, Halcón peregrino, Águila calzada"
apoyo,6156866698,https://www.openstreetmap.org/node/6156866698,36.2282501,-5.3663664,electrocucion,distribucion,66000.0,tower,,1.0,9.428573691832447,4.4795488483447174,abr,"Cigüeña blanca, Halcón peregrino, Águila calzada"
apoyo,1126003713,https://www.openstreetmap.org/node/1126003713,36.2480823,-5.4338368,electrocucion,distribucion,66000.0,tower,,1.0,9.405926497864613,5.083290030941977,may,"Cigüeña blanca, Águila calzada, Abejero europeo"
aerogenerador,1341149500,https://www.openstreetmap.org/node/1341149500,36.4113236,-5.7765036,colision_aerogenerador,eolico,,2 MW,,,9.344515126301982,3.692172419640132,nov,"Milano real, Águila imperial ibérica, Águila real"
apoyo,6171518336,https://www.openstreetmap.org/node/6171518336,36.2893653,-5.4157904,electrocucion,distribucion,15000.0,tower,,1.0,9.336473225336627,4.805123504611578,may,"Cigüeña blanca, Buitre leonado, Águila real"
apoyo,6171518338,https://www.openstreetmap.org/node/6171518338,36.2897263,-5.4182459,electrocucion,distribucion,15000.0,tower,,1.0,9.336473225336627,4.805123504611578,may,"Cigüeña blanca, Buitre leonado, Águila real"
apoyo,6171518337,https://www.openstreetmap.org/node/6171518337,36.2894864,-5.4165883,electrocucion,distribucion,15000.0,tower,,1.0,9.336473225336627,4.805123504611578,may,"Cigüeña blanca, Buitre leonado, Águila real"
aerogenerador,1133869003,https://www.openstreetmap.org/node/1133869003,36.1898604,-5.7771837,colision_aerogenerador,eolico,,800 kW,,,9.33364504334333,6.097264148039282,jul,"Culebrera europea, Cigüeña blanca, Águila imperial ibérica"
aerogenerador,1133869098,https://www.openstreetmap.org/node/1133869098,36.1806648,-5.7823688,colision_aerogenerador,eolico,,800 kW,,,9.289407137733226,5.741761557078508,jul,"Culebrera europea, Cigüeña blanca, Alimoche"
apoyo,12218053026,https://www.openstreetmap.org/node/12218053026,36.1563555,-5.8152962,electrocucion,distribucion,20000.0,tower,,1.0,9.265865911276803,4.287649809201795,nov,"Buitre negro, Halcón peregrino, Águila perdicera"
apoyo,1123260036,https://www.openstreetmap.org/node/1123260036,36.166164,-5.4750612,electrocucion,distribucion,66000.0,tower,,1.0,9.153903063356303,5.4560993361479495,sep,"Águila calzada, Abejero europeo, Cigüeña negra"
apoyo,9957292707,https://www.openstreetmap.org/node/9957292707,36.3048817,-5.3237552,electrocucion,distribucion,66000.0,tower,,1.0,9.141196743266299,3.790517950578922,sep,"Abejero europeo, Águila calzada, Búho real"
apoyo,9957292708,https://www.openstreetmap.org/node/9957292708,36.3022986,-5.3204628,electrocucion,distribucion,66000.0,tower,,1.0,9.141196743266299,3.790517950578922,sep,"Abejero europeo, Águila calzada, Búho real"
apoyo,12229331488,https://www.openstreetmap.org/node/12229331488,36.1151296,-5.4618851,electrocucion,distribucion,20000.0,tower,,1.0,9.102577909239558,4.3695634875878095,mar,"Halcón peregrino, Culebrera europea, Milano negro"
apoyo,12229350712,https://www.openstreetmap.org/node/12229350712,36.2255256,-5.404134,electrocucion,distribucion,66000.0,tower,,1.0,9.099707023761537,5.757645854687532,abr,"Cigüeña blanca, Águila calzada, Milano negro"
apoyo,4038091777,https://www.openstreetmap.org/node/4038091777,36.2275333,-5.4048499,electrocucion,distribucion,66000.0,tower,,1.0,9.099707023761537,5.757645854687532,abr,"Cigüeña blanca, Águila calzada, Milano negro"
apoyo,4038091772,https://www.openstreetmap.org/node/4038091772,36.2260128,-5.4041468,electrocucion,distribucion,66000.0,tower,,1.0,9.099707023761537,5.757645854687532,abr,"Cigüeña blanca, Águila calzada, Milano negro"
apoyo,4038091778,https://www.openstreetmap.org/node/4038091778,36.2277061,-5.4047647,electrocucion,distribucion,66000.0,tower,,1.0,9.099707023761537,5.757645854687532,abr,"Cigüeña blanca, Águila calzada, Milano negro"
apoyo,6198877521,https://www.openstreetmap.org/node/6198877521,36.1875321,-5.4169531,electrocucion,distribucion,,tower,,0.9,9.089629605393455,6.388059167185857,mar,"Cigüeña blanca, Culebrera europea, Águila calzada"
apoyo,11732328135,https://www.openstreetmap.org/node/11732328135,36.1985642,-5.456686,electrocucion,distribucion,66000.0,tower,,1.0,9.078397970335427,6.505323518778244,ago,"Águila calzada, Milano negro, Búho real"
apoyo,11732328134,https://www.openstreetmap.org/node/11732328134,36.1977503,-5.4578769,electrocucion,distribucion,66000.0,tower,,1.0,9.078397970335427,6.505323518778244,ago,"Águila calzada, Milano negro, Búho real"
apoyo,6504167753,https://www.openstreetmap.org/node/6504167753,36.1045381,-5.6153803,electrocucion,distribucion,20000.0,pole,,1.0,9.044245239777762,4.924174615016226,sep,"Águila real, Águila calzada, Culebrera europea"
apoyo,6504167748,https://www.openstreetmap.org/node/6504167748,36.1045154,-5.6170084,electrocucion,distribucion,20000.0,pole,,1.0,9.044245239777762,4.924174615016226,sep,"Águila real, Águila calzada, Culebrera europea"
aerogenerador,2016274992,https://www.openstreetmap.org/node/2016274992,36.3181722,-5.9464125,colision_aerogenerador,eolico,,2 MW,,,9.040705746060443,3.8052365086622686,oct,"Milano real, Águila real, Águila calzada"
aerogenerador,2016274991,https://www.openstreetmap.org/node/2016274991,36.3159191,-5.9463415,colision_aerogenerador,eolico,,2 MW,,,9.040705746060443,3.8052365086622686,oct,"Milano real, Águila real, Águila calzada"
apoyo,6110486132,https://www.openstreetmap.org/node/6110486132,36.3198171,-5.3163703,electrocucion,distribucion,,tower,,1.0,9.033251364427514,5.453320998216609,sep,"Águila calzada, Cigüeña negra, Culebrera europea"
apoyo,6110486131,https://www.openstreetmap.org/node/6110486131,36.3192811,-5.3176591,electrocucion,distribucion,,tower,,1.0,9.033251364427514,5.453320998216609,sep,"Águila calzada, Cigüeña negra, Culebrera europea"
apoyo,6109973013,https://www.openstreetmap.org/node/6109973013,36.3160523,-5.315579,electrocucion,distribucion,66000.0,tower,,1.0,9.033251364427514,5.453320998216609,sep,"Águila calzada, Cigüeña negra, Culebrera europea"
apoyo,12183779442,https://www.openstreetmap.org/node/12183779442,36.3706682,-5.3514749,electrocucion,distribucion,66000.0,tower,,1.0,9.00634611726783,3.520509564711412,feb,"Halcón peregrino, Buitre leonado, Culebrera europea"
apoyo,6710451004,https://www.openstreetmap.org/node/6710451004,36.3240723,-5.9491088,electrocucion,distribucion,66000.0,tower,,1.0,8.917566657400533,3.8389368529739354,dic,"Águila imperial ibérica, Milano real, Águila real"
apoyo,6170070311,https://www.openstreetmap.org/node/6170070311,36.2745112,-5.4120165,electrocucion,distribucion,15000.0,tower,,1.0,8.804289915438881,5.021405305612544,may,"Cigüeña blanca, Águila real, Buitre leonado"
apoyo,6170070315,https://www.openstreetmap.org/node/6170070315,36.2700793,-5.4125074,electrocucion,distribucion,15000.0,tower,,1.0,8.804289915438881,5.021405305612544,may,"Cigüeña blanca, Águila real, Buitre leonado"
apoyo,6170070312,https://www.openstreetmap.org/node/6170070312,36.2727813,-5.4121842,electrocucion,distribucion,15000.0,tower,,1.0,8.804289915438881,5.021405305612544,may,"Cigüeña blanca, Águila real, Buitre leonado"
apoyo,6170070314,https://www.openstreetmap.org/node/6170070314,36.2709994,-5.4124001,electrocucion,distribucion,15000.0,tower,,1.0,8.804289915438881,5.021405305612544,may,"Cigüeña blanca, Águila real, Buitre leonado"
apoyo,6170070313,https://www.openstreetmap.org/node/6170070313,36.271886,-5.4122861,electrocucion,distribucion,15000.0,tower,,1.0,8.804289915438881,5.021405305612544,may,"Cigüeña blanca, Águila real, Buitre leonado"
apoyo,6170070291,https://www.openstreetmap.org/node/6170070291,36.2963211,-5.403196,electrocucion,distribucion,15000.0,tower,,1.0,8.713691247223549,4.596145287252984,may,"Cigüeña blanca, Águila real, Buitre leonado"
apoyo,6170070290,https://www.openstreetmap.org/node/6170070290,36.2980321,-5.4014848,electrocucion,distribucion,15000.0,tower,,1.0,8.713691247223549,4.596145287252984,may,"Cigüeña blanca, Águila real, Buitre leonado"
apoyo,6170070292,https://www.openstreetmap.org/node/6170070292,36.2954348,-5.4035582,electrocucion,distribucion,15000.0,tower,,1.0,8.713691247223549,4.596145287252984,may,"Cigüeña blanca, Águila real, Buitre leonado"
apoyo,1135610861,https://www.openstreetmap.org/node/1135610861,36.1594185,-5.7351855,electrocucion,distribucion,66000.0,tower,,1.0,8.7051486894536,5.799283887199507,ago,"Culebrera europea, Cigüeña blanca, Alimoche"
apoyo,6710451055,https://www.openstreetmap.org/node/6710451055,36.2807126,-5.9255067,electrocucion,distribucion,20000.0,tower,,1.0,8.563023010076732,4.2136767988788035,dic,"Águila imperial ibérica, Águila real, Milano real"
apoyo,6710451056,https://www.openstreetmap.org/node/6710451056,36.2819862,-5.9256193,electrocucion,distribucion,20000.0,tower,,1.0,8.563023010076732,4.2136767988788035,dic,"Águila imperial ibérica, Águila real, Milano real"
apoyo,6504167747,https://www.openstreetmap.org/node/6504167747,36.1050777,-5.6184809,electrocucion,distribucion,20000.0,pole,,1.0,8.47761567325601,4.78058761225068,sep,"Águila real, Águila calzada, Culebrera europea"
apoyo,6504167746,https://www.openstreetmap.org/node/6504167746,36.1055436,-5.6196383,electrocucion,distribucion,20000.0,pole,,1.0,8.47761567325601,4.78058761225068,sep,"Águila real, Águila calzada, Culebrera europea"
aerogenerador,1135687477,https://www.openstreetmap.org/node/1135687477,36.1756011,-5.6651656,colision_aerogenerador,eolico,,1.8 MW,,,8.444912092764099,3.73469795004973,nov,"Águila real, Búho real, Águila imperial ibérica"
apoyo,9249311729,https://www.openstreetmap.org/node/9249311729,36.437632,-5.3077308,electrocucion,distribucion,66000.0,tower,,1.0,8.418904020320557,5.719890194699436,mar,"Buitre leonado, Águila calzada, Águila real"
aerogenerador,1135687357,https://www.openstreetmap.org/node/1135687357,36.1778291,-5.6632823,colision_aerogenerador,eolico,,1.8 MW,,,8.397059507397005,3.723875318092128,nov,"Águila real, Águila imperial ibérica, Búho real"
apoyo,6109973011,https://www.openstreetmap.org/node/6109973011,36.3133464,-5.320297,electrocucion,distribucion,66000.0,tower,,1.0,8.388971047648717,4.5684761940306275,sep,"Águila calzada, Abejero europeo, Búho real"
apoyo,6109973010,https://www.openstreetmap.org/node/6109973010,36.3110695,-5.3242184,electrocucion,distribucion,66000.0,tower,,1.0,8.388971047648717,4.5684761940306275,sep,"Águila calzada, Abejero europeo, Búho real"
apoyo,6222562431,https://www.openstreetmap.org/node/6222562431,36.2032804,-5.4119005,electrocucion,distribucion,66000.0,tower,,1.0,8.356127174847337,5.555978318315527,may,"Cigüeña blanca, Águila calzada, Águila real"
apoyo,6222562428,https://www.openstreetmap.org/node/6222562428,36.2033264,-5.4117523,electrocucion,distribucion,66000.0,tower,,1.0,8.356127174847337,5.555978318315527,may,"Cigüeña blanca, Águila calzada, Águila real"
apoyo,6222562434,https://www.openstreetmap.org/node/6222562434,36.2032517,-5.411979,electrocucion,distribucion,66000.0,tower,,1.0,8.356127174847337,5.555978318315527,may,"Cigüeña blanca, Águila calzada, Águila real"
aerogenerador,1341149406,https://www.openstreetmap.org/node/1341149406,36.4064766,-5.7630874,colision_aerogenerador,eolico,,2 MW,,,8.34854874529269,4.202312754975303,dic,"Milano real, Águila imperial ibérica, Águila real"
linea,1486888055,https://www.openstreetmap.org/way/1486888055,36.319221296551724,-5.902424179310345,colision_linea,transporte,220000.0,line,,,8.333847346517606,4.925171886287713,ene,"Milano real, Búho real, Águila perdicera"
apoyo,4038091767,https://www.openstreetmap.org/node/4038091767,36.2236625,-5.4107092,electrocucion,distribucion,66000.0,tower,,1.0,8.331297490132151,5.077376740361246,may,"Cigüeña blanca, Águila calzada, Águila real"
apoyo,4038091762,https://www.openstreetmap.org/node/4038091762,36.2215365,-5.4138856,electrocucion,distribucion,66000.0,tower,,1.0,8.331297490132151,5.077376740361246,may,"Cigüeña blanca, Águila calzada, Águila real"
apoyo,4038091765,https://www.openstreetmap.org/node/4038091765,36.2226991,-5.4121732,electrocucion,distribucion,66000.0,tower,,1.0,8.331297490132151,5.077376740361246,may,"Cigüeña blanca, Águila calzada, Águila real"
apoyo,1135616872,https://www.openstreetmap.org/node/1135616872,36.1654777,-5.7753276,electrocucion,distribucion,66000.0,tower,,1.0,8.312918498469834,5.500800889590262,feb,"Águila real, Halcón peregrino, Grulla común"
aerogenerador,1135691114,https://www.openstreetmap.org/node/1135691114,36.1705779,-5.6500274,colision_aerogenerador,eolico,,1.8 MW,,,8.30302516311626,4.235088009796656,sep,"Águila calzada, Abejero europeo, Búho real"
aerogenerador,9556249771,https://www.openstreetmap.org/node/9556249771,36.3576247,-5.3551931,colision_aerogenerador,eolico,,2.2 MW,,,8.300173186682311,3.035750580465477,feb,"Halcón peregrino, Águila perdicera, Culebrera europea"
aerogenerador,9556249770,https://www.openstreetmap.org/node/9556249770,36.3599853,-5.3555748,colision_aerogenerador,eolico,,2.2 MW,,,8.300173186682311,3.035750580465477,feb,"Halcón peregrino, Águila perdicera, Culebrera europea"
apoyo,2612084267,https://www.openstreetmap.org/node/2612084267,36.195435,-5.7909175,electrocucion,distribucion,66000.0,tower,,0.9,8.265413845485073,6.3113752725364884,jul,"Cigüeña blanca, Culebrera europea, Halcón peregrino"
apoyo,3455539571,https://www.openstreetmap.org/node/3455539571,36.1855656,-5.79531,electrocucion,distribucion,66000.0,tower,,1.0,8.2608378043479,4.845855663391872,jul,"Culebrera europea, Alimoche, Cigüeña blanca"
apoyo,6619841995,https://www.openstreetmap.org/node/6619841995,36.2192419,-5.947832,electrocucion,distribucion,20000.0,pole,,1.0,8.254076483392664,4.023750689436796,abr,"Águila real, Búho real, Cigüeña blanca"
apoyo,6619841996,https://www.openstreetmap.org/node/6619841996,36.2198981,-5.9482069,electrocucion,distribucion,20000.0,pole,,1.0,8.254076483392664,4.023750689436796,abr,"Águila real, Búho real, Cigüeña blanca"
apoyo,6619841994,https://www.openstreetmap.org/node/6619841994,36.2167469,-5.9458056,electrocucion,distribucion,20000.0,pole,,1.0,8.254076483392664,4.023750689436796,abr,"Águila real, Búho real, Cigüeña blanca"
apoyo,6109973020,https://www.openstreetmap.org/node/6109973020,36.3216778,-5.3058855,electrocucion,distribucion,66000.0,tower,,1.0,8.191954205774685,4.706840324059686,sep,"Cigüeña negra, Águila calzada, Culebrera europea"
apoyo,6110486085,https://www.openstreetmap.org/node/6110486085,36.3206245,-5.3077089,electrocucion,distribucion,66000.0,tower,,1.0,8.191954205774685,4.706840324059686,sep,"Cigüeña negra, Águila calzada, Culebrera europea"
aerogenerador,1341149261,https://www.openstreetmap.org/node/1341149261,36.4034917,-5.7763928,colision_aerogenerador,eolico,,2 MW,,,8.18548306770877,3.2250400469266847,nov,"Águila imperial ibérica, Milano real, Águila real"
aerogenerador,1341149377,https://www.openstreetmap.org/node/1341149377,36.4055169,-5.7654772,colision_aerogenerador,eolico,,2 MW,,,8.17713008261281,3.7838899084329185,nov,"Milano real, Águila imperial ibérica, Águila real"
apoyo,6153752489,https://www.openstreetmap.org/node/6153752489,36.2397336,-5.3349754,electrocucion,distribucion,,tower,,1.0,8.176224843492836,3.660621284768308,abr,"Halcón peregrino, Águila calzada, Culebrera europea"
apoyo,6153752487,https://www.openstreetmap.org/node/6153752487,36.2359011,-5.3342003,electrocucion,distribucion,,tower,,1.0,8.176224843492836,3.660621284768308,abr,"Halcón peregrino, Águila calzada, Culebrera europea"
apoyo,11732297029,https://www.openstreetmap.org/node/11732297029,36.1799193,-5.3753561,electrocucion,distribucion,,tower,,1.0,8.17557277893749,3.842251807432224,mar,"Halcón peregrino, Águila calzada, Milano negro"
apoyo,12187920294,https://www.openstreetmap.org/node/12187920294,36.175276,-5.3766392,electrocucion,distribucion,66000.0,tower,,1.0,8.17557277893749,3.842251807432224,mar,"Halcón peregrino, Águila calzada, Milano negro"
apoyo,11732297026,https://www.openstreetmap.org/node/11732297026,36.1780492,-5.3750394,electrocucion,distribucion,66000.0,tower,,1.0,8.17557277893749,3.842251807432224,mar,"Halcón peregrino, Águila calzada, Milano negro"
apoyo,11732297025,https://www.openstreetmap.org/node/11732297025,36.1786466,-5.3764847,electrocucion,distribucion,66000.0,tower,,1.0,8.17557277893749,3.842251807432224,mar,"Halcón peregrino, Águila calzada, Milano negro"
apoyo,11732297027,https://www.openstreetmap.org/node/11732297027,36.179839,-5.3754407,electrocucion,distribucion,66000.0,tower,,1.0,8.17557277893749,3.842251807432224,mar,"Halcón peregrino, Águila calzada, Milano negro"
linea,704857855,https://www.openstreetmap.org/way/704857855,36.216614199999995,-5.945582660000001,colision_linea,distribucion,20000.0,minor_line,,,8.112201369436708,4.195657781393818,abr,"Águila real, Búho real, Cigüeña blanca"
aerogenerador,2246305751,https://www.openstreetmap.org/node/2246305751,36.0675236,-5.6002711,colision_aerogenerador,eolico,,2 MW,,,7.913396267710178,4.725299797014057,ago,"Milano negro, Cigüeña blanca, Culebrera europea"
linea,181674245,https://www.openstreetmap.org/way/181674245,36.31742615434782,-5.366652106521738,colision_linea,transporte,400000.0,Línea de alta tensión Jordana Pinar del Rey y Pinar del Rey - Tajo Encantada 2,Red Eléctrica de España,,7.905628008466587,5.660139568155171,may,"Águila real, Águila calzada, Cigüeña blanca"
linea,1385771761,https://www.openstreetmap.org/way/1385771761,36.3074823,-5.3928274428571426,colision_linea,transporte,400000.0,Línea de alta tensión Castellar de la Frontera - Jordana y Castellar de la Frontera - Pinar del Rey,,,7.904250788665724,4.352253915598133,may,"Cigüeña blanca, Águila real, Culebrera europea"
apoyo,6619841990,https://www.openstreetmap.org/node/6619841990,36.2118475,-5.9417139,electrocucion,distribucion,20000.0,pole,,1.0,7.892411750367017,3.825574082554183,abr,"Águila real, Búho real, Cigüeña blanca"
apoyo,6619841989,https://www.openstreetmap.org/node/6619841989,36.211538,-5.9414591,electrocucion,distribucion,20000.0,pole,,1.0,7.892411750367017,3.825574082554183,abr,"Águila real, Búho real, Cigüeña blanca"
apoyo,6619841992,https://www.openstreetmap.org/node/6619841992,36.2147398,-5.9441628,electrocucion,distribucion,20000.0,pole,,1.0,7.892411750367017,3.825574082554183,abr,"Águila real, Búho real, Cigüeña blanca"
apoyo,6619841991,https://www.openstreetmap.org/node/6619841991,36.2133959,-5.9430148,electrocucion,distribucion,20000.0,pole,,1.0,7.892411750367017,3.825574082554183,abr,"Águila real, Búho real, Cigüeña blanca"
aerogenerador,9014436833,https://www.openstreetmap.org/node/9014436833,36.3254467,-5.8945633,colision_aerogenerador,eolico,,3 MW,,,7.879674422707302,4.374121676868858,ene,"Milano real, Búho real, Halcón peregrino"
apoyo,6170070289,https://www.openstreetmap.org/node/6170070289,36.3005505,-5.4007217,electrocucion,distribucion,15000.0,tower,,1.0,7.877257208960085,4.20337067438536,may,"Cigüeña blanca, Águila real, Buitre leonado"
apoyo,6170070288,https://www.openstreetmap.org/node/6170070288,36.301962,-5.4002792,electrocucion,distribucion,15000.0,tower,,1.0,7.877257208960085,4.20337067438536,may,"Cigüeña blanca, Águila real, Buitre leonado"
apoyo,6170070287,https://www.openstreetmap.org/node/6170070287,36.3040923,-5.4002376,electrocucion,distribucion,15000.0,tower,,1.0,7.877257208960085,4.20337067438536,may,"Cigüeña blanca, Águila real, Buitre leonado"
apoyo,6612939575,https://www.openstreetmap.org/node/6612939575,36.1973326,-5.9299216,electrocucion,distribucion,20000.0,tower,,1.0,7.854844449977906,5.114650480146548,sep,"Halcón peregrino, Cigüeña blanca, Milano negro"
apoyo,6612939574,https://www.openstreetmap.org/node/6612939574,36.1959592,-5.928335,electrocucion,distribucion,20000.0,tower,,1.0,7.854844449977906,5.114650480146548,sep,"Halcón peregrino, Cigüeña blanca, Milano negro"
apoyo,6612939572,https://www.openstreetmap.org/node/6612939572,36.1975544,-5.9296748,electrocucion,distribucion,20000.0,tower,,1.0,7.854844449977906,5.114650480146548,sep,"Halcón peregrino, Cigüeña blanca, Milano negro"
apoyo,6612939573,https://www.openstreetmap.org/node/6612939573,36.196812,-5.9290499,electrocucion,distribucion,20000.0,tower,,1.0,7.854844449977906,5.114650480146548,sep,"Halcón peregrino, Cigüeña blanca, Milano negro"
apoyo,9249377671,https://www.openstreetmap.org/node/9249377671,36.1963246,-5.9263503,electrocucion,distribucion,20000.0,tower,,1.0,7.854844449977906,5.114650480146548,sep,"Halcón peregrino, Cigüeña blanca, Milano negro"
apoyo,10560078206,https://www.openstreetmap.org/node/10560078206,36.2140828,-5.9498009,electrocucion,distribucion,20000.0,tower,,1.0,7.822502687545276,3.76466880271229,abr,"Águila real, Búho real, Cigüeña blanca"
apoyo,10560078208,https://www.openstreetmap.org/node/10560078208,36.2147776,-5.9470315,electrocucion,distribucion,20000.0,tower,,1.0,7.822502687545276,3.76466880271229,abr,"Águila real, Búho real, Cigüeña blanca"
apoyo,10560081309,https://www.openstreetmap.org/node/10560081309,36.2149342,-5.9455073,electrocucion,distribucion,20000.0,tower,,1.0,7.822502687545276,3.76466880271229,abr,"Águila real, Búho real, Cigüeña blanca"
apoyo,10560078207,https://www.openstreetmap.org/node/10560078207,36.2144188,-5.9484505,electrocucion,distribucion,20000.0,tower,,1.0,7.822502687545276,3.76466880271229,abr,"Águila real, Búho real, Cigüeña blanca"
apoyo,4038091893,https://www.openstreetmap.org/node/4038091893,36.232087,-5.363389,electrocucion,distribucion,66000.0,tower,,1.0,7.7997816840604415,3.097948820835089,sep,"Halcón peregrino, Águila calzada, Cigüeña negra"
apoyo,4038091898,https://www.openstreetmap.org/node/4038091898,36.233459,-5.3622363,electrocucion,distribucion,66000.0,tower,,1.0,7.7997816840604415,3.097948820835089,sep,"Halcón peregrino, Águila calzada, Cigüeña negra"
linea,704263423,https://www.openstreetmap.org/way/704263423,36.215972108333325,-5.944033624999999,colision_linea,distribucion,20000.0,minor_line,,,7.758315568377766,4.021484112815464,abr,"Águila real, Búho real, Cigüeña blanca"
apoyo,6612939578,https://www.openstreetmap.org/node/6612939578,36.2013271,-5.9331925,electrocucion,distribucion,20000.0,tower,,1.0,7.73774887941839,4.844076205521666,abr,"Águila real, Búho real, Cigüeña blanca"
apoyo,6612939567,https://www.openstreetmap.org/node/6612939567,36.201721,-5.9331657,electrocucion,distribucion,20000.0,tower,,1.0,7.73774887941839,4.844076205521666,abr,"Águila real, Búho real, Cigüeña blanca"
apoyo,6612939568,https://www.openstreetmap.org/node/6612939568,36.2009082,-5.9324871,electrocucion,distribucion,20000.0,tower,,1.0,7.73774887941839,4.844076205521666,abr,"Águila real, Búho real, Cigüeña blanca"
apoyo,6612939580,https://www.openstreetmap.org/node/6612939580,36.2034103,-5.9339181,electrocucion,distribucion,20000.0,tower,,1.0,7.73774887941839,4.844076205521666,abr,"Águila real, Búho real, Cigüeña blanca"
apoyo,6612939579,https://www.openstreetmap.org/node/6612939579,36.2027328,-5.9343848,electrocucion,distribucion,20000.0,tower,,1.0,7.73774887941839,4.844076205521666,abr,"Águila real, Búho real, Cigüeña blanca"
apoyo,11732297024,https://www.openstreetmap.org/node/11732297024,36.1789061,-5.373449,electrocucion,distribucion,,tower,,1.0,7.73358260896075,4.154573627770599,mar,"Halcón peregrino, Milano negro, Águila calzada"
apoyo,12187920295,https://www.openstreetmap.org/node/12187920295,36.177519,-5.373767,electrocucion,distribucion,66000.0,tower,,1.0,7.73358260896075,4.154573627770599,mar,"Halcón peregrino, Milano negro, Águila calzada"
apoyo,11732297023,https://www.openstreetmap.org/node/11732297023,36.1778647,-5.3714803,electrocucion,distribucion,,tower,,1.0,7.73358260896075,4.154573627770599,mar,"Halcón peregrino, Milano negro, Águila calzada"
apoyo,7816210929,https://www.openstreetmap.org/node/7816210929,36.0796304,-5.7350497,electrocucion,distribucion,20000.0,tower,,1.0,7.732135089021915,4.469142978993436,ago,"Cigüeña blanca, Halcón peregrino, Milano negro"
apoyo,6171518357,https://www.openstreetmap.org/node/6171518357,36.3058917,-5.4248965,electrocucion,distribucion,15000.0,tower,,1.0,7.724753045649546,3.4440976724980454,sep,"Águila calzada, Abejero europeo, Buitre leonado"
apoyo,6171518356,https://www.openstreetmap.org/node/6171518356,36.3057793,-5.4236814,electrocucion,distribucion,15000.0,tower,,1.0,7.724753045649546,3.4440976724980454,sep,"Águila calzada, Abejero europeo, Buitre leonado"
aerogenerador,9556249764,https://www.openstreetmap.org/node/9556249764,36.3733899,-5.3575476,colision_aerogenerador,eolico,,2.2 MW,,,7.701325253454232,2.6322536636274383,feb,"Halcón peregrino, Culebrera europea, Águila perdicera"
linea,677694058,https://www.openstreetmap.org/way/677694058,36.225888116666674,-5.431677633333334,colision_linea,distribucion,15000.0,minor_line,,,7.669491569579398,4.318946961527235,may,"Cigüeña blanca, Águila calzada, Milano negro"
linea,704287301,https://www.openstreetmap.org/way/704287301,36.1985258,-5.930486955555556,colision_linea,distribucion,20000.0,minor_line,,,7.662432463112101,5.129966342675151,feb,"Águila real, Grulla común, Halcón peregrino"
apoyo,6153752368,https://www.openstreetmap.org/node/6153752368,36.2072194,-5.3393447,electrocucion,distribucion,,tower,,1.0,7.608628012727338,2.5184560009043824,may,"Abejero europeo, Águila real, Búho real"
apoyo,6153752369,https://www.openstreetmap.org/node/6153752369,36.2073514,-5.3380251,electrocucion,distribucion,,tower,,1.0,7.608628012727338,2.5184560009043824,may,"Abejero europeo, Águila real, Búho real"
apoyo,6153752371,https://www.openstreetmap.org/node/6153752371,36.2085699,-5.3385723,electrocucion,distribucion,,tower,,1.0,7.608628012727338,2.5184560009043824,may,"Abejero europeo, Águila real, Búho real"
apoyo,6153752372,https://www.openstreetmap.org/node/6153752372,36.2097061,-5.3389853,electrocucion,distribucion,,tower,,1.0,7.608628012727338,2.5184560009043824,may,"Abejero europeo, Águila real, Búho real"
apoyo,6153752370,https://www.openstreetmap.org/node/6153752370,36.2073742,-5.3377408,electrocucion,distribucion,,tower,,1.0,7.608628012727338,2.5184560009043824,may,"Abejero europeo, Águila real, Búho real"
linea,664867463,https://www.openstreetmap.org/way/664867463,36.18479385,-5.42007325,colision_linea,transporte,220000.0,line,,,7.566664940298049,5.015828215628356,sep,"Cigüeña blanca, Águila calzada, Abejero europeo"
aerogenerador,1341149329,https://www.openstreetmap.org/node/1341149329,36.4049452,-5.7746528,colision_aerogenerador,eolico,,2 MW,,,7.539511455044187,3.2176396097865143,nov,"Águila imperial ibérica, Milano real, Águila real"
apoyo,6109973012,https://www.openstreetmap.org/node/6109973012,36.3146281,-5.3180426,electrocucion,distribucion,66000.0,tower,,1.0,7.469560261223836,3.51299656421849,sep,"Águila calzada, Cigüeña negra, Culebrera europea"
apoyo,6223116638,https://www.openstreetmap.org/node/6223116638,36.2156309,-5.4124298,electrocucion,distribucion,66000.0,tower,,1.0,7.466928941571462,4.637159003755718,may,"Cigüeña blanca, Águila calzada, Águila real"
apoyo,12229350718,https://www.openstreetmap.org/node/12229350718,36.2160362,-5.4105396,electrocucion,distribucion,66000.0,tower,,1.0,7.466928941571462,4.637159003755718,may,"Cigüeña blanca, Águila calzada, Águila real"
apoyo,6223116639,https://www.openstreetmap.org/node/6223116639,36.2151755,-5.4145611,electrocucion,distribucion,66000.0,tower,,1.0,7.466928941571462,4.637159003755718,may,"Cigüeña blanca, Águila calzada, Águila real"
apoyo,4038091754,https://www.openstreetmap.org/node/4038091754,36.2162721,-5.4216599,electrocucion,distribucion,66000.0,tower,,1.0,7.4495076948863606,4.4945595921770645,may,"Cigüeña blanca, Águila calzada, Águila real"
apoyo,11732297012,https://www.openstreetmap.org/node/11732297012,36.1887238,-5.4084116,electrocucion,distribucion,,tower,,1.0,7.429863498985478,4.2774899469226275,mar,"Cigüeña blanca, Halcón peregrino, Águila calzada"
apoyo,11732297010,https://www.openstreetmap.org/node/11732297010,36.1894761,-5.4090768,electrocucion,desconocida,,tower,,1.0,7.429863498985478,4.2774899469226275,mar,"Cigüeña blanca, Halcón peregrino, Águila calzada"
apoyo,11732297011,https://www.openstreetmap.org/node/11732297011,36.1895269,-5.4090433,electrocucion,distribucion,,tower,,1.0,7.429863498985478,4.2774899469226275,mar,"Cigüeña blanca, Halcón peregrino, Águila calzada"
apoyo,6170070319,https://www.openstreetmap.org/node/6170070319,36.2659996,-5.4136942,electrocucion,distribucion,15000.0,tower,,1.0,7.394913402408456,4.375411573058538,may,"Cigüeña blanca, Águila real, Buitre leonado"
apoyo,6170070320,https://www.openstreetmap.org/node/6170070320,36.2651562,-5.4139638,electrocucion,distribucion,15000.0,tower,,1.0,7.394913402408456,4.375411573058538,may,"Cigüeña blanca, Águila real, Buitre leonado"
apoyo,6170070316,https://www.openstreetmap.org/node/6170070316,36.2686228,-5.412907,electrocucion,distribucion,15000.0,tower,,1.0,7.394913402408456,4.375411573058538,may,"Cigüeña blanca, Águila real, Buitre leonado"
apoyo,6170070317,https://www.openstreetmap.org/node/6170070317,36.2678616,-5.4131377,electrocucion,distribucion,15000.0,tower,,1.0,7.394913402408456,4.375411573058538,may,"Cigüeña blanca, Águila real, Buitre leonado"
apoyo,6170070318,https://www.openstreetmap.org/node/6170070318,36.2670528,-5.4133844,electrocucion,distribucion,15000.0,tower,,1.0,7.394913402408456,4.375411573058538,may,"Cigüeña blanca, Águila real, Buitre leonado"
aerogenerador,1133895116,https://www.openstreetmap.org/node/1133895116,36.1341571,-5.8250668,colision_aerogenerador,eolico,,2 MW,,,7.282485917316917,3.808140024277574,nov,"Águila perdicera, Buitre negro, Águila real"
apoyo,4038091921,https://www.openstreetmap.org/node/4038091921,36.2409693,-5.408619,electrocucion,distribucion,66000.0,tower,,1.0,7.280526768723587,3.8640784053849693,feb,"Águila real, Águila perdicera, Buitre negro"
apoyo,4038091930,https://www.openstreetmap.org/node/4038091930,36.2439323,-5.4095312,electrocucion,distribucion,66000.0,tower,,1.0,7.280526768723587,3.8640784053849693,feb,"Águila real, Águila perdicera, Buitre negro"
apoyo,6345477033,https://www.openstreetmap.org/node/6345477033,36.2173462,-5.4346349,electrocucion,distribucion,15000.0,pole,,1.0,7.279113662109865,4.524589844265068,may,"Cigüeña blanca, Águila calzada, Milano negro"
apoyo,6345477032,https://www.openstreetmap.org/node/6345477032,36.2161787,-5.4342432,electrocucion,distribucion,15000.0,pole,,1.0,7.279113662109865,4.524589844265068,may,"Cigüeña blanca, Águila calzada, Milano negro"
linea,688102626,https://www.openstreetmap.org/way/688102626,36.06307545,-5.7164486,colision_linea,distribucion,20000.0,minor_line,,,7.224858199760124,3.3833714906852976,ago,"Cigüeña blanca, Milano negro, Abejero europeo"
apoyo,6223116498,https://www.openstreetmap.org/node/6223116498,36.2143994,-5.4181921,electrocucion,distribucion,66000.0,tower,,1.0,7.175938130460126,4.482876907882326,may,"Cigüeña blanca, Águila calzada, Águila real"
apoyo,6171518364,https://www.openstreetmap.org/node/6171518364,36.304932,-5.4336405,electrocucion,distribucion,15000.0,pole,,1.0,7.0485537871296025,2.4357439959579743,sep,"Abejero europeo, Águila calzada, Buitre leonado"
aerogenerador,1133862258,https://www.openstreetmap.org/node/1133862258,36.1703466,-5.8045898,colision_aerogenerador,eolico,,2 MW,,,7.027752437532049,4.34375745303722,jul,"Alimoche, Culebrera europea, Búho real"
apoyo,6222829806,https://www.openstreetmap.org/node/6222829806,36.2061676,-5.4171798,electrocucion,distribucion,,tower,,1.0,7.020873031421074,4.544936186184564,may,"Cigüeña blanca, Águila calzada, Águila real"
apoyo,6222829805,https://www.openstreetmap.org/node/6222829805,36.2051818,-5.4162611,electrocucion,distribucion,,tower,,1.0,7.020873031421074,4.544936186184564,may,"Cigüeña blanca, Águila calzada, Águila real"
aerogenerador,1133862355,https://www.openstreetmap.org/node/1133862355,36.1687516,-5.8044874,colision_aerogenerador,eolico,,2 MW,,,7.001568655373533,4.732088920764238,nov,"Buitre negro, Águila real, Águila perdicera"
apoyo,6153752378,https://www.openstreetmap.org/node/6153752378,36.2183493,-5.3396559,electrocucion,distribucion,,tower,,1.0,6.969635776124237,2.5365463164503557,may,"Abejero europeo, Águila real, Búho real"
apoyo,6153752375,https://www.openstreetmap.org/node/6153752375,36.2155426,-5.3387895,electrocucion,distribucion,,tower,,1.0,6.969635776124237,2.5365463164503557,may,"Abejero europeo, Águila real, Búho real"
apoyo,6153752377,https://www.openstreetmap.org/node/6153752377,36.217408,-5.3399536,electrocucion,distribucion,,tower,,1.0,6.969635776124237,2.5365463164503557,may,"Abejero europeo, Águila real, Búho real"
apoyo,6153752376,https://www.openstreetmap.org/node/6153752376,36.2167653,-5.3395781,electrocucion,distribucion,,tower,,1.0,6.969635776124237,2.5365463164503557,may,"Abejero europeo, Águila real, Búho real"
apoyo,6153752379,https://www.openstreetmap.org/node/6153752379,36.2197905,-5.3397363,electrocucion,distribucion,,tower,,1.0,6.969635776124237,2.5365463164503557,may,"Abejero europeo, Águila real, Búho real"
aerogenerador,9556249762,https://www.openstreetmap.org/node/9556249762,36.3787396,-5.3545283,colision_aerogenerador,eolico,,2.2 MW,,,6.9457958581032955,3.161027045013603,feb,"Halcón peregrino, Águila perdicera, Culebrera europea"
apoyo,4038091753,https://www.openstreetmap.org/node/4038091753,36.2145302,-5.4013334,electrocucion,distribucion,66000.0,tower,,1.0,6.901849646410131,4.531898235973762,may,"Cigüeña blanca, Águila calzada, Águila real"
apoyo,4038091750,https://www.openstreetmap.org/node/4038091750,36.2124147,-5.4008477,electrocucion,distribucion,66000.0,tower,,1.0,6.901849646410131,4.531898235973762,may,"Cigüeña blanca, Águila calzada, Águila real"
apoyo,6190163490,https://www.openstreetmap.org/node/6190163490,36.2110316,-5.4003811,electrocucion,distribucion,66000.0,tower,,1.0,6.901849646410131,4.531898235973762,may,"Cigüeña blanca, Águila calzada, Águila real"
aerogenerador,2246305704,https://www.openstreetmap.org/node/2246305704,36.0707861,-5.5966489,colision_aerogenerador,eolico,,2 MW,,,6.854100583696478,4.663740204840805,ago,"Milano negro, Águila perdicera, Culebrera europea"
apoyo,6612939562,https://www.openstreetmap.org/node/6612939562,36.2129133,-5.9292617,electrocucion,distribucion,20000.0,tower,,1.0,6.836617001400364,3.922715012643341,abr,"Águila real, Búho real, Cigüeña blanca"
apoyo,6612939563,https://www.openstreetmap.org/node/6612939563,36.2112037,-5.9284893,electrocucion,distribucion,20000.0,tower,,1.0,6.836617001400364,3.922715012643341,abr,"Águila real, Búho real, Cigüeña blanca"
aerogenerador,1341149231,https://www.openstreetmap.org/node/1341149231,36.401153,-5.785854,colision_aerogenerador,eolico,,2 MW,,,6.8072749188784085,3.003129549309621,nov,"Águila imperial ibérica, Águila real, Milano real"
apoyo,4038091901,https://www.openstreetmap.org/node/4038091901,36.2344835,-5.4038476,electrocucion,distribucion,66000.0,tower,,1.0,6.78313899770135,4.130243382854052,abr,"Cigüeña blanca, Águila calzada, Halcón peregrino"
apoyo,4038091892,https://www.openstreetmap.org/node/4038091892,36.2320818,-5.4020932,electrocucion,distribucion,66000.0,tower,,1.0,6.78313899770135,4.130243382854052,abr,"Cigüeña blanca, Águila calzada, Halcón peregrino"
apoyo,6170070295,https://www.openstreetmap.org/node/6170070295,36.2874238,-5.4092726,electrocucion,distribucion,15000.0,tower,,1.0,6.7781174853801645,3.4230937696814316,may,"Cigüeña blanca, Águila real, Buitre leonado"
aerogenerador,1341149323,https://www.openstreetmap.org/node/1341149323,36.4048922,-5.7691106,colision_aerogenerador,eolico,,2 MW,,,6.766712847688757,3.3870595453027588,nov,"Águila imperial ibérica, Milano real, Águila real"
apoyo,1133912051,https://www.openstreetmap.org/node/1133912051,36.1650362,-5.7917139,electrocucion,distribucion,66000.0,tower,,1.0,6.741495533120922,4.516084124994843,feb,"Águila real, Halcón peregrino, Águila perdicera"
apoyo,12141699954,https://www.openstreetmap.org/node/12141699954,36.4335224,-5.3009414,electrocucion,distribucion,66000.0,tower,,1.0,6.739372802483172,4.496433475235632,mar,"Buitre leonado, Águila calzada, Águila real"
apoyo,9249306692,https://www.openstreetmap.org/node/9249306692,36.4342007,-5.3020551,electrocucion,distribucion,66000.0,tower,,1.0,6.739372802483172,4.496433475235632,mar,"Buitre leonado, Águila calzada, Águila real"
apoyo,12229350720,https://www.openstreetmap.org/node/12229350720,36.2102163,-5.4319667,electrocucion,distribucion,66000.0,tower,,1.0,6.690154961242342,4.351637409855665,may,"Cigüeña blanca, Águila calzada, Águila real"
apoyo,11732328116,https://www.openstreetmap.org/node/11732328116,36.2100091,-5.4338229,electrocucion,distribucion,15000.0,pole,,1.0,6.690154961242342,4.351637409855665,may,"Cigüeña blanca, Águila calzada, Águila real"
apoyo,6221872987,https://www.openstreetmap.org/node/6221872987,36.2076198,-5.3968459,electrocucion,distribucion,,tower,,1.0,6.688121091537148,4.441597362142095,may,"Cigüeña blanca, Águila real, Águila calzada"
apoyo,4038091735,https://www.openstreetmap.org/node/4038091735,36.2077504,-5.3991737,electrocucion,distribucion,,tower,,1.0,6.688121091537148,4.441597362142095,may,"Cigüeña blanca, Águila real, Águila calzada"
apoyo,6221872986,https://www.openstreetmap.org/node/6221872986,36.2074748,-5.3953077,electrocucion,distribucion,,tower,,1.0,6.688121091537148,4.441597362142095,may,"Cigüeña blanca, Águila real, Águila calzada"
apoyo,1362722447,https://www.openstreetmap.org/node/1362722447,36.1934103,-5.3802456,electrocucion,distribucion,66000.0,tower,,1.0,6.667350648931228,3.2505568234311024,mar,"Halcón peregrino, Cigüeña blanca, Águila calzada"
apoyo,1362722465,https://www.openstreetmap.org/node/1362722465,36.1913063,-5.381407,electrocucion,distribucion,66000.0,tower,,1.0,6.667350648931228,3.2505568234311024,mar,"Halcón peregrino, Cigüeña blanca, Águila calzada"
apoyo,4038091890,https://www.openstreetmap.org/node/4038091890,36.2312715,-5.3712383,electrocucion,distribucion,66000.0,tower,,1.0,6.590550232395664,3.000487296960056,abr,"Halcón peregrino, Cigüeña blanca, Águila calzada"
apoyo,4038091900,https://www.openstreetmap.org/node/4038091900,36.2337337,-5.3715417,electrocucion,distribucion,66000.0,tower,,1.0,6.590550232395664,3.000487296960056,abr,"Halcón peregrino, Cigüeña blanca, Águila calzada"
linea,664709986,https://www.openstreetmap.org/way/664709986,36.20754208,-5.39569702,colision_linea,distribucion,,minor_line,,,6.555820102888776,4.0337922899252945,mar,"Cigüeña blanca, Halcón peregrino, Grulla común"
apoyo,12183779445,https://www.openstreetmap.org/node/12183779445,36.3796914,-5.3390954,electrocucion,distribucion,66000.0,tower,,1.0,6.415082638108903,3.9042496511794536,oct,"Águila real, Cigüeña negra, Halcón peregrino"
apoyo,4038091889,https://www.openstreetmap.org/node/4038091889,36.2303337,-5.4457712,electrocucion,distribucion,66000.0,tower,,1.0,6.272432926879105,4.630411827929453,may,"Cigüeña blanca, Milano negro, Águila calzada"
aerogenerador,1341149202,https://www.openstreetmap.org/node/1341149202,36.3992939,-5.7872009,colision_aerogenerador,eolico,,2 MW,,,6.2469796985575465,2.714825379406196,nov,"Águila imperial ibérica, Águila real, Milano real"
apoyo,6167681504,https://www.openstreetmap.org/node/6167681504,36.2374956,-5.378049,electrocucion,distribucion,66000.0,tower,,1.0,6.178742709211699,2.8183981542846777,abr,"Halcón peregrino, Águila calzada, Cigüeña blanca"
apoyo,11732328126,https://www.openstreetmap.org/node/11732328126,36.1789429,-5.4597706,electrocucion,distribucion,66000.0,tower,,1.0,6.122248605645693,3.9587514691313097,sep,"Cigüeña blanca, Águila calzada, Abejero europeo"
linea,658817904,https://www.openstreetmap.org/way/658817904,36.2163974,-5.3841291333333325,colision_linea,distribucion,,minor_line,,,6.121988614681421,3.8808105584209263,mar,"Cigüeña blanca, Halcón peregrino, Buitre leonado"
linea,667886371,https://www.openstreetmap.org/way/667886371,36.1617045,-5.4671838,colision_linea,distribucion,66000.0,Línea de alta tensión Menacha - Pinar del Rey - San Roque,,,6.111733590331431,3.6979863677153095,oct,"Águila calzada, Cigüeña blanca, Cigüeña negra"
linea,1043690166,https://www.openstreetmap.org/way/1043690166,36.1617615,-5.46694555,colision_linea,distribucion,66000.0,Línea de alta tensión Estrecho - Menacha y Menacha - Pinar del Rey - San Roque,,,6.111733590331431,3.6979863677153095,oct,"Águila calzada, Cigüeña blanca, Cigüeña negra"
linea,667886370,https://www.openstreetmap.org/way/667886370,36.1616727,-5.46719115,colision_linea,distribucion,66000.0,Línea de alta tensión Estrecho - Menacha,,,6.111733590331431,3.6979863677153095,oct,"Águila calzada, Cigüeña blanca, Cigüeña negra"
apoyo,6153752373,https://www.openstreetmap.org/node/6153752373,36.2116928,-5.3376174,electrocucion,distribucion,,tower,,1.0,6.110123245115805,2.055756903723038,may,"Abejero europeo, Águila real, Búho real"
apoyo,6153752374,https://www.openstreetmap.org/node/6153752374,36.2132877,-5.3386205,electrocucion,distribucion,,tower,,1.0,6.110123245115805,2.055756903723038,may,"Abejero europeo, Águila real, Búho real"
apoyo,6153752383,https://www.openstreetmap.org/node/6153752383,36.228121,-5.3364962,electrocucion,distribucion,,tower,,1.0,6.092748624573303,2.8053094168236954,abr,"Halcón peregrino, Águila calzada, Culebrera europea"
apoyo,6153752382,https://www.openstreetmap.org/node/6153752382,36.2268141,-5.337038,electrocucion,distribucion,,tower,,1.0,6.092748624573303,2.8053094168236954,abr,"Halcón peregrino, Águila calzada, Culebrera europea"
apoyo,6153752384,https://www.openstreetmap.org/node/6153752384,36.2293629,-5.3360403,electrocucion,distribucion,,tower,,1.0,6.092748624573303,2.8053094168236954,abr,"Halcón peregrino, Águila calzada, Culebrera europea"
apoyo,6153752381,https://www.openstreetmap.org/node/6153752381,36.2250247,-5.3376979,electrocucion,distribucion,,tower,,1.0,6.092748624573303,2.8053094168236954,abr,"Halcón peregrino, Águila calzada, Culebrera europea"
apoyo,6504167739,https://www.openstreetmap.org/node/6504167739,36.1025195,-5.6300533,electrocucion,distribucion,20000.0,pole,,1.0,6.084450898545283,3.59404132423974,sep,"Águila real, Águila calzada, Culebrera europea"
apoyo,12229350717,https://www.openstreetmap.org/node/12229350717,36.2168919,-5.4065304,electrocucion,distribucion,66000.0,tower,,1.0,6.062324832552418,3.8878682302003056,may,"Cigüeña blanca, Águila calzada, Águila real"
apoyo,4038091734,https://www.openstreetmap.org/node/4038091734,36.206312,-5.4600674,electrocucion,distribucion,66000.0,tower,,1.0,6.041688537496421,4.357073801338372,mar,"Milano negro, Cigüeña blanca, Culebrera europea"
apoyo,6170070324,https://www.openstreetmap.org/node/6170070324,36.2617046,-5.4149991,electrocucion,distribucion,15000.0,tower,,1.0,6.0186554218554855,3.3033425104065763,feb,"Águila real, Buitre negro, Águila perdicera"
apoyo,6170070322,https://www.openstreetmap.org/node/6170070322,36.2633861,-5.4145297,electrocucion,distribucion,15000.0,tower,,1.0,6.0186554218554855,3.3033425104065763,feb,"Águila real, Buitre negro, Águila perdicera"
apoyo,6170070323,https://www.openstreetmap.org/node/6170070323,36.2625069,-5.4147671,electrocucion,distribucion,15000.0,tower,,1.0,6.0186554218554855,3.3033425104065763,feb,"Águila real, Buitre negro, Águila perdicera"
apoyo,6170070321,https://www.openstreetmap.org/node/6170070321,36.264303,-5.4142119,electrocucion,distribucion,15000.0,tower,,1.0,6.0186554218554855,3.3033425104065763,feb,"Águila real, Buitre negro, Águila perdicera"
apoyo,9249306704,https://www.openstreetmap.org/node/9249306704,36.4422753,-5.3183871,electrocucion,distribucion,66000.0,tower,,1.0,5.997846583813777,4.024759174377748,jun,"Buitre leonado, Águila calzada, Culebrera europea"
apoyo,12141699951,https://www.openstreetmap.org/node/12141699951,36.4415635,-5.3167485,electrocucion,distribucion,66000.0,tower,,1.0,5.997846583813777,4.024759174377748,jun,"Buitre leonado, Águila calzada, Culebrera europea"
apoyo,12141699952,https://www.openstreetmap.org/node/12141699952,36.4408355,-5.3150806,electrocucion,distribucion,66000.0,tower,,1.0,5.997846583813777,4.024759174377748,jun,"Buitre leonado, Águila calzada, Culebrera europea"
apoyo,6612939571,https://www.openstreetmap.org/node/6612939571,36.198273,-5.9302676,electrocucion,distribucion,20000.0,tower,,1.0,5.956275761451824,4.1722435626744305,sep,"Halcón peregrino, Cigüeña blanca, Milano negro"
apoyo,6612939577,https://www.openstreetmap.org/node/6612939577,36.1998358,-5.93196,electrocucion,distribucion,20000.0,tower,,1.0,5.956275761451824,4.1722435626744305,sep,"Halcón peregrino, Cigüeña blanca, Milano negro"
apoyo,6612939570,https://www.openstreetmap.org/node/6612939570,36.1991345,-5.9309985,electrocucion,distribucion,20000.0,tower,,1.0,5.956275761451824,4.1722435626744305,sep,"Halcón peregrino, Cigüeña blanca, Milano negro"
apoyo,6612939569,https://www.openstreetmap.org/node/6612939569,36.1999927,-5.9317186,electrocucion,distribucion,20000.0,tower,,1.0,5.956275761451824,4.1722435626744305,sep,"Halcón peregrino, Cigüeña blanca, Milano negro"
apoyo,6612939576,https://www.openstreetmap.org/node/6612939576,36.1983142,-5.9307222,electrocucion,distribucion,20000.0,tower,,1.0,5.956275761451824,4.1722435626744305,sep,"Halcón peregrino, Cigüeña blanca, Milano negro"
linea,657004743,https://www.openstreetmap.org/way/657004743,36.22384738,-5.337350435000001,colision_linea,distribucion,,minor_line,,,5.886173964807259,2.4867917748381836,sep,"Alimoche, Búho real, Abejero europeo"
apoyo,6451372964,https://www.openstreetmap.org/node/6451372964,36.0630939,-5.7163011,electrocucion,distribucion,20000.0,pole,,1.0,5.862416548851441,3.043720246585797,ago,"Cigüeña blanca, Milano negro, Abejero europeo"
linea,1002152760,https://www.openstreetmap.org/way/1002152760,36.44101902142857,-5.316203514285715,colision_linea,distribucion,66000.0,Línea de alta tensión Nueva Casares - El Corchado,,,5.795663441578395,4.127919466373295,mar,"Buitre leonado, Águila calzada, Águila real"
apoyo,6198754944,https://www.openstreetmap.org/node/6198754944,36.189501,-5.4029453,electrocucion,distribucion,,tower,,1.0,5.780074048233973,2.9266005038401826,mar,"Cigüeña blanca, Halcón peregrino, Águila calzada"
apoyo,11732297013,https://www.openstreetmap.org/node/11732297013,36.1872763,-5.4047789,electrocucion,distribucion,,tower,,1.0,5.780074048233973,2.9266005038401826,mar,"Cigüeña blanca, Halcón peregrino, Águila calzada"
apoyo,6168747869,https://www.openstreetmap.org/node/6168747869,36.2155751,-5.3844219,electrocucion,distribucion,,pole,,1.0,5.7065098295411145,4.044907408608423,mar,"Cigüeña blanca, Halcón peregrino, Buitre leonado"
apoyo,6168747870,https://www.openstreetmap.org/node/6168747870,36.2163227,-5.3841551,electrocucion,distribucion,,pole,,1.0,5.7065098295411145,4.044907408608423,mar,"Cigüeña blanca, Halcón peregrino, Buitre leonado"
apoyo,6168747877,https://www.openstreetmap.org/node/6168747877,36.218543,-5.3802525,electrocucion,distribucion,,pole,,1.0,5.7065098295411145,4.044907408608423,mar,"Cigüeña blanca, Halcón peregrino, Buitre leonado"
apoyo,6168747876,https://www.openstreetmap.org/node/6168747876,36.2178732,-5.3821903,electrocucion,distribucion,,pole,,1.0,5.7065098295411145,4.044907408608423,mar,"Cigüeña blanca, Halcón peregrino, Buitre leonado"
apoyo,6168747875,https://www.openstreetmap.org/node/6168747875,36.2172944,-5.3838104,electrocucion,distribucion,,pole,,1.0,5.7065098295411145,4.044907408608423,mar,"Cigüeña blanca, Halcón peregrino, Buitre leonado"
apoyo,6170070294,https://www.openstreetmap.org/node/6170070294,36.2911586,-5.4057777,electrocucion,distribucion,15000.0,tower,,1.0,5.66591141754598,2.8287101185039503,may,"Cigüeña blanca, Águila real, Buitre leonado"
apoyo,6170070293,https://www.openstreetmap.org/node/6170070293,36.2921109,-5.4051407,electrocucion,distribucion,15000.0,tower,,1.0,5.66591141754598,2.8287101185039503,may,"Cigüeña blanca, Águila real, Buitre leonado"
aerogenerador,9556249763,https://www.openstreetmap.org/node/9556249763,36.3759605,-5.3560567,colision_aerogenerador,eolico,,2.2 MW,,,5.636980338468651,2.228946578940506,feb,"Halcón peregrino, Águila perdicera, Culebrera europea"
aerogenerador,9556249769,https://www.openstreetmap.org/node/9556249769,36.3631472,-5.355207,colision_aerogenerador,eolico,,2.2 MW,,,5.6356217209275465,1.8943244372973285,feb,"Halcón peregrino, Culebrera europea, Águila perdicera"
apoyo,6170070284,https://www.openstreetmap.org/node/6170070284,36.3091556,-5.3995389,electrocucion,distribucion,15000.0,tower,,1.0,5.5546791487373754,3.1364724309862093,may,"Cigüeña blanca, Águila real, Culebrera europea"
apoyo,6170070285,https://www.openstreetmap.org/node/6170070285,36.307528,-5.3996193,electrocucion,distribucion,15000.0,tower,,1.0,5.5546791487373754,3.1364724309862093,may,"Cigüeña blanca, Águila real, Culebrera europea"
apoyo,6170070286,https://www.openstreetmap.org/node/6170070286,36.3062181,-5.3998366,electrocucion,distribucion,15000.0,tower,,1.0,5.5546791487373754,3.1364724309862093,may,"Cigüeña blanca, Águila real, Culebrera europea"
apoyo,12218053069,https://www.openstreetmap.org/node/12218053069,36.2549936,-5.9128898,electrocucion,distribucion,66000.0,tower,,1.0,5.492612414527413,3.745026695327759,abr,"Búho real, Águila real, Culebrera europea"
apoyo,6190163487,https://www.openstreetmap.org/node/6190163487,36.2049859,-5.4056489,electrocucion,distribucion,66000.0,tower,,1.0,5.297173436088079,3.4684215589190877,may,"Cigüeña blanca, Águila calzada, Águila real"
apoyo,6190163468,https://www.openstreetmap.org/node/6190163468,36.2047262,-5.405598,electrocucion,distribucion,66000.0,tower,,1.0,5.297173436088079,3.4684215589190877,may,"Cigüeña blanca, Águila calzada, Águila real"
apoyo,12229331468,https://www.openstreetmap.org/node/12229331468,36.1443353,-5.4801255,electrocucion,distribucion,66000.0,tower,,0.9,5.279169776610499,3.4969515676572986,mar,"Milano negro, Culebrera europea, Cigüeña blanca"
apoyo,12187936213,https://www.openstreetmap.org/node/12187936213,36.1989314,-5.3778041,electrocucion,distribucion,66000.0,tower,,1.0,5.241471245866434,3.209177630057137,mar,"Halcón peregrino, Cigüeña blanca, Buitre leonado"
apoyo,1362722548,https://www.openstreetmap.org/node/1362722548,36.1970542,-5.3786337,electrocucion,distribucion,66000.0,tower,,1.0,5.241471245866434,3.209177630057137,mar,"Halcón peregrino, Cigüeña blanca, Buitre leonado"
apoyo,1362722423,https://www.openstreetmap.org/node/1362722423,36.1956018,-5.3792828,electrocucion,distribucion,66000.0,tower,,1.0,5.241471245866434,3.209177630057137,mar,"Halcón peregrino, Cigüeña blanca, Buitre leonado"
aerogenerador,2016274996,https://www.openstreetmap.org/node/2016274996,36.3215864,-5.9485273,colision_aerogenerador,eolico,,2 MW,,,5.166400778653016,2.266164745193761,dic,"Águila imperial ibérica, Águila real, Milano real"
apoyo,6153752380,https://www.openstreetmap.org/node/6153752380,36.2223416,-5.3387198,electrocucion,distribucion,,tower,,1.0,5.132231871034235,2.1075909877420993,may,"Abejero europeo, Águila real, Buitre leonado"
apoyo,6616118960,https://www.openstreetmap.org/node/6616118960,36.2300931,-5.9447032,electrocucion,distribucion,20000.0,tower,,1.0,5.118359687706507,2.534410692683998,abr,"Águila real, Búho real, Cigüeña blanca"
apoyo,6153865461,https://www.openstreetmap.org/node/6153865461,36.2154139,-5.3416649,electrocucion,distribucion,,tower,,1.0,5.07950825124191,1.996915573128753,may,"Abejero europeo, Águila real, Búho real"
apoyo,6153865464,https://www.openstreetmap.org/node/6153865464,36.2173182,-5.3443229,electrocucion,distribucion,,tower,,1.0,5.07950825124191,1.996915573128753,may,"Abejero europeo, Águila real, Búho real"
apoyo,6153865462,https://www.openstreetmap.org/node/6153865462,36.2159938,-5.3417802,electrocucion,distribucion,,tower,,1.0,5.07950825124191,1.996915573128753,may,"Abejero europeo, Águila real, Búho real"
apoyo,6153865463,https://www.openstreetmap.org/node/6153865463,36.2168572,-5.3435317,electrocucion,distribucion,,tower,,1.0,5.07950825124191,1.996915573128753,may,"Abejero europeo, Águila real, Búho real"
apoyo,6504167743,https://www.openstreetmap.org/node/6504167743,36.1049228,-5.6239741,electrocucion,distribucion,20000.0,pole,,1.0,5.064893747545844,2.767985780726423,sep,"Águila real, Águila calzada, Culebrera europea"
apoyo,12141699949,https://www.openstreetmap.org/node/12141699949,36.4464376,-5.3279659,electrocucion,distribucion,66000.0,tower,,1.0,5.0635175301152024,2.8857880002636045,jun,"Buitre leonado, Águila calzada, Culebrera europea"
apoyo,4038091776,https://www.openstreetmap.org/node/4038091776,36.2272547,-5.3985535,electrocucion,distribucion,66000.0,tower,,1.0,4.96780884449694,3.0610837378233255,abr,"Cigüeña blanca, Águila calzada, Milano negro"
apoyo,4038091783,https://www.openstreetmap.org/node/4038091783,36.2291199,-5.3999176,electrocucion,distribucion,66000.0,tower,,1.0,4.96780884449694,3.0610837378233255,abr,"Cigüeña blanca, Águila calzada, Milano negro"
apoyo,4038091771,https://www.openstreetmap.org/node/4038091771,36.2259152,-5.3975571,electrocucion,distribucion,66000.0,tower,,1.0,4.96780884449694,3.0610837378233255,abr,"Cigüeña blanca, Águila calzada, Milano negro"
apoyo,6345477037,https://www.openstreetmap.org/node/6345477037,36.2201446,-5.4400286,electrocucion,distribucion,15000.0,pole,,1.0,4.939292984702803,3.317800210596513,may,"Cigüeña blanca, Águila calzada, Milano negro"
apoyo,12183779441,https://www.openstreetmap.org/node/12183779441,36.3697572,-5.352477,electrocucion,distribucion,66000.0,tower,,1.0,4.908420148372342,1.8043486584132713,feb,"Halcón peregrino, Buitre leonado, Culebrera europea"
apoyo,1920912176,https://www.openstreetmap.org/node/1920912176,36.220023,-5.3917329,electrocucion,distribucion,66000.0,tower,,1.0,4.9062904948439225,3.2012786863904132,abr,"Cigüeña blanca, Águila calzada, Milano negro"
apoyo,4038091924,https://www.openstreetmap.org/node/4038091924,36.2414375,-5.3933837,electrocucion,distribucion,66000.0,tower,,1.0,4.852013127344062,2.59647164979241,abr,"Águila calzada, Halcón peregrino, Cigüeña blanca"
linea,658817905,https://www.openstreetmap.org/way/658817905,36.21704603,-5.383831460000001,colision_linea,distribucion,,minor_line,,,4.826051175836219,3.0521196749298523,mar,"Cigüeña blanca, Halcón peregrino, Buitre leonado"
apoyo,12141699950,https://www.openstreetmap.org/node/12141699950,36.4448584,-5.3243273,electrocucion,distribucion,66000.0,tower,,1.0,4.799215134697411,3.0011795591402133,jun,"Buitre leonado, Águila calzada, Culebrera europea"
apoyo,1125985418,https://www.openstreetmap.org/node/1125985418,36.219062,-5.4499632,electrocucion,distribucion,66000.0,tower,,1.0,4.765399282937774,3.3456503248638643,mar,"Cigüeña blanca, Culebrera europea, Milano negro"
apoyo,6640269650,https://www.openstreetmap.org/node/6640269650,36.2421554,-5.8951588,electrocucion,distribucion,20000.0,tower,,1.0,4.727701616499295,3.7111568374189736,oct,"Cigüeña blanca, Milano real, Cigüeña negra"
apoyo,6345477034,https://www.openstreetmap.org/node/6345477034,36.2184524,-5.4350227,electrocucion,distribucion,15000.0,pole,,1.0,4.686392165073632,3.0144453392520223,may,"Cigüeña blanca, Águila calzada, Milano negro"
apoyo,6612939565,https://www.openstreetmap.org/node/6612939565,36.2080262,-5.9307103,electrocucion,distribucion,20000.0,tower,,1.0,4.673591673416192,2.6320341843075643,abr,"Águila real, Búho real, Cigüeña blanca"
apoyo,6612939566,https://www.openstreetmap.org/node/6612939566,36.2061005,-5.9320486,electrocucion,distribucion,20000.0,tower,,1.0,4.673591673416192,2.6320341843075643,abr,"Águila real, Búho real, Cigüeña blanca"
apoyo,6181313861,https://www.openstreetmap.org/node/6181313861,36.2041743,-5.3822185,electrocucion,distribucion,,pole,,1.0,4.603933842583206,2.8860407142271973,mar,"Cigüeña blanca, Halcón peregrino, Buitre leonado"
apoyo,6181313860,https://www.openstreetmap.org/node/6181313860,36.2038301,-5.3814366,electrocucion,distribucion,,pole,,1.0,4.603933842583206,2.8860407142271973,mar,"Cigüeña blanca, Halcón peregrino, Buitre leonado"
apoyo,6181313862,https://www.openstreetmap.org/node/6181313862,36.2044978,-5.3829347,electrocucion,distribucion,,pole,,1.0,4.603933842583206,2.8860407142271973,mar,"Cigüeña blanca, Halcón peregrino, Buitre leonado"
apoyo,6406169874,https://www.openstreetmap.org/node/6406169874,36.0923301,-5.5211395,electrocucion,desconocida,,tower,,1.0,4.5825944580325135,2.7549528347182792,oct,"Águila real, Buitre negro, Milano real"
linea,666476475,https://www.openstreetmap.org/way/666476475,36.25183885,-5.48048295,colision_linea,distribucion,66000.0,line,,,4.580196171796465,3.167112235742543,nov,"Buitre leonado, Buitre negro, Milano real"
apoyo,12141699948,https://www.openstreetmap.org/node/12141699948,36.4479249,-5.3313904,electrocucion,distribucion,66000.0,tower,,1.0,4.519814972076064,2.6081049818240025,jun,"Buitre leonado, Águila calzada, Culebrera europea"
apoyo,12141699947,https://www.openstreetmap.org/node/12141699947,36.4489018,-5.3336253,electrocucion,distribucion,66000.0,tower,,1.0,4.519814972076064,2.6081049818240025,jun,"Buitre leonado, Águila calzada, Culebrera europea"
apoyo,6170070282,https://www.openstreetmap.org/node/6170070282,36.3124581,-5.3994048,electrocucion,distribucion,15000.0,tower,,1.0,4.461592456476236,2.6307576012525264,may,"Cigüeña blanca, Águila real, Culebrera europea"
apoyo,6170070283,https://www.openstreetmap.org/node/6170070283,36.3108458,-5.3994638,electrocucion,distribucion,15000.0,tower,,1.0,4.461592456476236,2.6307576012525264,may,"Cigüeña blanca, Águila real, Culebrera europea"
apoyo,6170070281,https://www.openstreetmap.org/node/6170070281,36.3145092,-5.3996596,electrocucion,distribucion,15000.0,tower,,1.0,4.461592456476236,2.6307576012525264,may,"Cigüeña blanca, Águila real, Culebrera europea"
apoyo,4038091914,https://www.openstreetmap.org/node/4038091914,36.2384215,-5.381767,electrocucion,distribucion,66000.0,tower,,1.0,4.459637873255329,2.1388128950207386,abr,"Águila calzada, Halcón peregrino, Cigüeña blanca"
linea,664820240,https://www.openstreetmap.org/way/664820240,36.206048933333335,-5.417827533333333,colision_linea,distribucion,,minor_line,,,4.441976151697298,2.8226830546534263,may,"Cigüeña blanca, Águila calzada, Águila real"
apoyo,1362722502,https://www.openstreetmap.org/node/1362722502,36.2009195,-5.3769279,electrocucion,distribucion,66000.0,tower,,1.0,4.401500696927624,2.8610633526593756,may,"Águila real, Cigüeña blanca, Abejero europeo"
apoyo,1920912158,https://www.openstreetmap.org/node/1920912158,36.2047788,-5.3752156,electrocucion,distribucion,66000.0,tower,,1.0,4.401500696927624,2.8610633526593756,may,"Águila real, Cigüeña blanca, Abejero europeo"
apoyo,12187936214,https://www.openstreetmap.org/node/12187936214,36.203211,-5.37591,electrocucion,distribucion,66000.0,tower,,1.0,4.401500696927624,2.8610633526593756,may,"Águila real, Cigüeña blanca, Abejero europeo"
apoyo,9249311742,https://www.openstreetmap.org/node/9249311742,36.4386265,-5.3100121,electrocucion,distribucion,66000.0,tower,,1.0,4.185959570190007,3.1829467973532655,mar,"Buitre leonado, Águila real, Águila calzada"
apoyo,11732328123,https://www.openstreetmap.org/node/11732328123,36.2101303,-5.4493851,electrocucion,distribucion,15000.0,pole,,1.0,4.162818148801605,2.8549837355704937,mar,"Cigüeña blanca, Culebrera europea, Milano negro"
apoyo,6156866689,https://www.openstreetmap.org/node/6156866689,36.20852,-5.3735591,electrocucion,distribucion,66000.0,tower,,1.0,4.080848462471407,2.654984939831732,may,"Águila real, Cigüeña blanca, Abejero europeo"
apoyo,1920912159,https://www.openstreetmap.org/node/1920912159,36.2067886,-5.3743299,electrocucion,distribucion,66000.0,tower,,1.0,4.080848462471407,2.654984939831732,may,"Águila real, Cigüeña blanca, Abejero europeo"
linea,706641814,https://www.openstreetmap.org/way/706641814,36.24129366666667,-5.8947006,colision_linea,distribucion,20000.0,minor_line,,,4.06568357935246,2.5011095605179254,oct,"Cigüeña blanca, Cigüeña negra, Águila calzada"
apoyo,11732297021,https://www.openstreetmap.org/node/11732297021,36.1763708,-5.3680256,electrocucion,distribucion,,tower,,1.0,3.9390838546377447,2.01785995141061,may,"Abejero europeo, Águila calzada, Águila real"
apoyo,11732297022,https://www.openstreetmap.org/node/11732297022,36.1767389,-5.3693453,electrocucion,distribucion,,tower,,1.0,3.9390838546377447,2.01785995141061,may,"Abejero europeo, Águila calzada, Águila real"
apoyo,6153752485,https://www.openstreetmap.org/node/6153752485,36.2322967,-5.3349352,electrocucion,distribucion,,tower,,1.0,3.9045537900787894,1.7617078979570477,abr,"Halcón peregrino, Águila calzada, Culebrera europea"
apoyo,6153752486,https://www.openstreetmap.org/node/6153752486,36.2347848,-5.3339964,electrocucion,distribucion,,tower,,1.0,3.9045537900787894,1.7617078979570477,abr,"Halcón peregrino, Águila calzada, Culebrera europea"
apoyo,6616118956,https://www.openstreetmap.org/node/6616118956,36.2244167,-5.9411627,electrocucion,distribucion,20000.0,tower,,1.0,3.8306955995274916,1.896311970713585,abr,"Águila real, Búho real, Cigüeña blanca"
apoyo,6156866695,https://www.openstreetmap.org/node/6156866695,36.2231787,-5.3670654,electrocucion,distribucion,66000.0,tower,,1.0,3.75512036891494,1.9406673888604586,sep,"Águila calzada, Abejero europeo, Halcón peregrino"
apoyo,6156866694,https://www.openstreetmap.org/node/6156866694,36.2212072,-5.3679388,electrocucion,distribucion,66000.0,tower,,1.0,3.75512036891494,1.9406673888604586,sep,"Águila calzada, Abejero europeo, Halcón peregrino"
apoyo,6221872884,https://www.openstreetmap.org/node/6221872884,36.2074456,-5.3936018,electrocucion,distribucion,,tower,,1.0,3.710907353875619,2.529730516139027,may,"Cigüeña blanca, Águila real, Águila calzada"
apoyo,6221872985,https://www.openstreetmap.org/node/6221872985,36.2074066,-5.3941637,electrocucion,distribucion,,tower,,1.0,3.710907353875619,2.529730516139027,may,"Cigüeña blanca, Águila real, Águila calzada"
apoyo,6345477003,https://www.openstreetmap.org/node/6345477003,36.2257715,-5.4287928,electrocucion,distribucion,15000.0,pole,,1.0,3.7025407330870084,2.1009272768774725,may,"Cigüeña blanca, Águila calzada, Milano negro"
apoyo,6504167749,https://www.openstreetmap.org/node/6504167749,36.1051438,-5.6067972,electrocucion,distribucion,20000.0,pole,,1.0,3.6295463437008166,2.0080712873704836,oct,"Águila real, Águila calzada, Culebrera europea"
apoyo,6227886626,https://www.openstreetmap.org/node/6227886626,36.1955187,-5.4301724,electrocucion,distribucion,,tower,,1.0,3.586410180422385,2.311838783354351,ago,"Águila calzada, Cigüeña blanca, Halcón peregrino"
apoyo,4038091907,https://www.openstreetmap.org/node/4038091907,36.235492,-5.3605373,electrocucion,distribucion,66000.0,tower,,1.0,3.557290560542771,1.3389694794385287,sep,"Águila calzada, Halcón peregrino, Alimoche"
apoyo,6504167750,https://www.openstreetmap.org/node/6504167750,36.104952,-5.6095733,electrocucion,distribucion,20000.0,pole,,1.0,3.53522762710028,2.0454265720457063,sep,"Águila real, Águila calzada, Milano negro"
apoyo,12141699953,https://www.openstreetmap.org/node/12141699953,36.4358755,-5.3048216,electrocucion,distribucion,66000.0,tower,,1.0,3.52775925859926,2.1198495057306315,mar,"Buitre leonado, Águila calzada, Águila real"
apoyo,6168747874,https://www.openstreetmap.org/node/6168747874,36.2162297,-5.386903,electrocucion,distribucion,,pole,,1.0,3.526902874374675,2.5224724085070966,abr,"Cigüeña blanca, Águila calzada, Buitre leonado"
apoyo,6156866690,https://www.openstreetmap.org/node/6156866690,36.2110206,-5.3724503,electrocucion,distribucion,66000.0,tower,,1.0,3.506962122580427,2.336385714147584,sep,"Cigüeña blanca, Águila calzada, Abejero europeo"
apoyo,6156866691,https://www.openstreetmap.org/node/6156866691,36.2143513,-5.3709814,electrocucion,distribucion,66000.0,tower,,1.0,3.506962122580427,2.336385714147584,sep,"Cigüeña blanca, Águila calzada, Abejero europeo"
apoyo,12187936215,https://www.openstreetmap.org/node/12187936215,36.2127787,-5.371675,electrocucion,distribucion,66000.0,tower,,1.0,3.506962122580427,2.336385714147584,sep,"Cigüeña blanca, Águila calzada, Abejero europeo"
apoyo,6171370191,https://www.openstreetmap.org/node/6171370191,36.2206452,-5.4299994,electrocucion,distribucion,15000.0,tower,,1.0,3.5043600588338726,2.0572020084697593,may,"Cigüeña blanca, Águila calzada, Águila real"
apoyo,4038091787,https://www.openstreetmap.org/node/4038091787,36.2300296,-5.3651138,electrocucion,distribucion,66000.0,tower,,1.0,3.4743263767986163,1.5147050653146623,sep,"Águila calzada, Halcón peregrino, Abejero europeo"
apoyo,4038091788,https://www.openstreetmap.org/node/4038091788,36.2301442,-5.3681725,electrocucion,distribucion,66000.0,tower,,1.0,3.4743263767986163,1.5147050653146623,sep,"Águila calzada, Halcón peregrino, Abejero europeo"
apoyo,6616118952,https://www.openstreetmap.org/node/6616118952,36.220656,-5.934138,electrocucion,distribucion,20000.0,tower,,1.0,3.4711702031365173,1.822660530742642,abr,"Águila real, Búho real, Cigüeña blanca"
apoyo,6153865465,https://www.openstreetmap.org/node/6153865465,36.2174231,-5.3450216,electrocucion,distribucion,,tower,,1.0,3.3938652567582848,1.471046293446232,may,"Abejero europeo, Águila real, Búho real"
apoyo,6153909276,https://www.openstreetmap.org/node/6153909276,36.2173539,-5.3460006,electrocucion,distribucion,,tower,,1.0,3.3938652567582848,1.471046293446232,may,"Abejero europeo, Águila real, Búho real"
apoyo,6153910096,https://www.openstreetmap.org/node/6153910096,36.2161853,-5.3485072,electrocucion,distribucion,,tower,,1.0,3.3938652567582848,1.471046293446232,may,"Abejero europeo, Águila real, Búho real"
apoyo,6168747871,https://www.openstreetmap.org/node/6168747871,36.2136956,-5.3910618,electrocucion,distribucion,,pole,,1.0,3.373991684543203,2.370759375312208,may,"Cigüeña blanca, Águila real, Águila calzada"
apoyo,6168747872,https://www.openstreetmap.org/node/6168747872,36.214202,-5.3902772,electrocucion,distribucion,,pole,,1.0,3.373991684543203,2.370759375312208,may,"Cigüeña blanca, Águila real, Águila calzada"
apoyo,1920912178,https://www.openstreetmap.org/node/1920912178,36.2218433,-5.3841839,electrocucion,distribucion,66000.0,tower,,1.0,3.293224586689954,2.132774310546226,abr,"Cigüeña blanca, Águila calzada, Milano negro"
apoyo,4038091761,https://www.openstreetmap.org/node/4038091761,36.2207223,-5.3888363,electrocucion,distribucion,66000.0,tower,,1.0,3.2373193874675765,2.114091281694901,abr,"Cigüeña blanca, Águila calzada, Milano negro"
apoyo,6170070325,https://www.openstreetmap.org/node/6170070325,36.2609976,-5.4152293,electrocucion,distribucion,15000.0,tower,,1.0,3.1669280382033067,1.7919946137796983,may,"Águila real, Cigüeña blanca, Águila calzada"
apoyo,6170070326,https://www.openstreetmap.org/node/6170070326,36.2602252,-5.4154457,electrocucion,distribucion,15000.0,tower,,1.0,3.1669280382033067,1.7919946137796983,may,"Águila real, Cigüeña blanca, Águila calzada"
linea,651692006,https://www.openstreetmap.org/way/651692006,36.336521250000004,-5.31759065,colision_linea,distribucion,,minor_line,,,3.124563909709644,1.5116703882379674,nov,"Águila calzada, Cigüeña negra, Cigüeña blanca"
apoyo,11732297001,https://www.openstreetmap.org/node/11732297001,36.1857299,-5.4202589,electrocucion,distribucion,,tower,,1.0,3.1130241480728507,2.2645627339811925,sep,"Cigüeña blanca, Águila calzada, Milano negro"
apoyo,1920912181,https://www.openstreetmap.org/node/1920912181,36.2226938,-5.3951901,electrocucion,distribucion,66000.0,tower,,1.0,3.092035615834114,2.0178724553035132,abr,"Cigüeña blanca, Águila calzada, Milano negro"
apoyo,6168747880,https://www.openstreetmap.org/node/6168747880,36.219718,-5.3769346,electrocucion,distribucion,,pole,,1.0,3.056840441364543,2.0884277486576956,mar,"Cigüeña blanca, Halcón peregrino, Buitre leonado"
apoyo,6168747879,https://www.openstreetmap.org/node/6168747879,36.219243,-5.3782542,electrocucion,distribucion,,pole,,1.0,3.056840441364543,2.0884277486576956,mar,"Cigüeña blanca, Halcón peregrino, Buitre leonado"
apoyo,6168747878,https://www.openstreetmap.org/node/6168747878,36.2187842,-5.3795443,electrocucion,distribucion,,pole,,1.0,3.056840441364543,2.0884277486576956,mar,"Cigüeña blanca, Halcón peregrino, Buitre leonado"
linea,666481598,https://www.openstreetmap.org/way/666481598,36.1962768,-5.42982705,colision_linea,distribucion,,minor_line,,,3.032237048430459,2.41222845491577,mar,"Cigüeña blanca, Águila calzada, Culebrera europea"
apoyo,12187920288,https://www.openstreetmap.org/node/12187920288,36.1727829,-5.3739999,electrocucion,distribucion,66000.0,tower,,1.3,3.0287610752924654,1.617306683385979,mar,"Halcón peregrino, Águila calzada, Milano negro"
apoyo,6222836396,https://www.openstreetmap.org/node/6222836396,36.2067974,-5.4200417,electrocucion,distribucion,,tower,,1.0,2.971315264010786,1.9654297691635698,may,"Cigüeña blanca, Águila calzada, Águila real"
apoyo,1920912183,https://www.openstreetmap.org/node/1920912183,36.2235043,-5.3773505,electrocucion,distribucion,66000.0,tower,,1.0,2.8839653435192627,1.8163924691883924,abr,"Cigüeña blanca, Águila calzada, Milano negro"
apoyo,4038091766,https://www.openstreetmap.org/node/4038091766,36.2230436,-5.3792309,electrocucion,distribucion,66000.0,tower,,1.0,2.8839653435192627,1.8163924691883924,abr,"Cigüeña blanca, Águila calzada, Milano negro"
apoyo,6153752367,https://www.openstreetmap.org/node/6153752367,36.2067468,-5.3410249,electrocucion,distribucion,,tower,,1.0,2.8815553408141215,1.0246795692310209,may,"Abejero europeo, Águila real, Búho real"
apoyo,6153752366,https://www.openstreetmap.org/node/6153752366,36.2066318,-5.3414771,electrocucion,distribucion,,tower,,1.0,2.8815553408141215,1.0246795692310209,may,"Abejero europeo, Águila real, Búho real"
apoyo,6207640767,https://www.openstreetmap.org/node/6207640767,36.2005316,-5.4171637,electrocucion,distribucion,,tower,,1.0,2.8553798551092067,1.9560425742372693,may,"Cigüeña blanca, Águila calzada, Águila real"
apoyo,6156866693,https://www.openstreetmap.org/node/6156866693,36.2190482,-5.3689027,electrocucion,distribucion,66000.0,tower,,1.0,2.713202994721269,1.5105584604272189,sep,"Águila calzada, Cigüeña blanca, Abejero europeo"
apoyo,6156866692,https://www.openstreetmap.org/node/6156866692,36.2171393,-5.3697398,electrocucion,distribucion,66000.0,tower,,1.0,2.713202994721269,1.5105584604272189,sep,"Águila calzada, Cigüeña blanca, Abejero europeo"
apoyo,6207640768,https://www.openstreetmap.org/node/6207640768,36.1996724,-5.4154846,electrocucion,distribucion,,tower,,1.0,2.670434096918343,1.99625208642647,may,"Cigüeña blanca, Águila calzada, Águila real"
linea,657019223,https://www.openstreetmap.org/way/657019223,36.2164180875,-5.344064425,colision_linea,distribucion,,minor_line,,,2.615440859669618,0.9616445868188358,sep,"Halcón peregrino, Cigüeña negra, Abejero europeo"
linea,661859186,https://www.openstreetmap.org/way/661859186,36.18414915,-5.39070085,colision_linea,transporte,400000.0,line,Red Eléctrica de España,,2.5286199614617306,1.0173463440388748,mar,"Halcón peregrino, Cigüeña blanca, Culebrera europea"
linea,661859185,https://www.openstreetmap.org/way/661859185,36.1842298,-5.390711550000001,colision_linea,transporte,400000.0,line,Red Eléctrica de España,,2.5286199614617306,1.0173463440388748,mar,"Halcón peregrino, Cigüeña blanca, Culebrera europea"
apoyo,4038091918,https://www.openstreetmap.org/node/4038091918,36.2394809,-5.3858081,electrocucion,distribucion,66000.0,tower,,1.0,2.5210796633010744,1.2798616241181284,abr,"Águila calzada, Cigüeña blanca, Halcón peregrino"
linea,664791981,https://www.openstreetmap.org/way/664791981,36.2032114,-5.4118252,colision_linea,distribucion,66000.0,line,,,2.5004416165222145,1.6241033897641568,abr,"Cigüeña blanca, Águila calzada, Culebrera europea"
linea,664791975,https://www.openstreetmap.org/way/664791975,36.203156500000006,-5.411982,colision_linea,distribucion,66000.0,line,,,2.5004416165222145,1.6241033897641568,abr,"Cigüeña blanca, Águila calzada, Culebrera europea"
linea,664791978,https://www.openstreetmap.org/way/664791978,36.20327255,-5.41164065,colision_linea,distribucion,66000.0,line,,,2.5004416165222145,1.6241033897641568,abr,"Cigüeña blanca, Águila calzada, Culebrera europea"
linea,664791971,https://www.openstreetmap.org/way/664791971,36.203259,-5.41167995,colision_linea,distribucion,66000.0,line,,,2.5004416165222145,1.6241033897641568,abr,"Cigüeña blanca, Águila calzada, Culebrera europea"
linea,664791972,https://www.openstreetmap.org/way/664791972,36.203196750000004,-5.41186765,colision_linea,distribucion,66000.0,line,,,2.5004416165222145,1.6241033897641568,abr,"Cigüeña blanca, Águila calzada, Culebrera europea"
linea,664791982,https://www.openstreetmap.org/way/664791982,36.20317165,-5.411938149999999,colision_linea,distribucion,66000.0,line,,,2.5004416165222145,1.6241033897641568,abr,"Cigüeña blanca, Águila calzada, Culebrera europea"
apoyo,6196433828,https://www.openstreetmap.org/node/6196433828,36.1839872,-5.390068,electrocucion,distribucion,,tower,,1.0,2.3435851504788223,0.8886897013703826,mar,"Halcón peregrino, Cigüeña blanca, Águila calzada"
apoyo,4038091768,https://www.openstreetmap.org/node/4038091768,36.2249786,-5.3712131,electrocucion,distribucion,66000.0,tower,,1.0,2.2585152813612868,1.3519189610139912,abr,"Cigüeña blanca, Águila calzada, Milano negro"
apoyo,1920912185,https://www.openstreetmap.org/node/1920912185,36.224248,-5.374247,electrocucion,distribucion,66000.0,tower,,1.0,2.2585152813612868,1.3519189610139912,abr,"Cigüeña blanca, Águila calzada, Milano negro"
linea,1316892954,https://www.openstreetmap.org/way/1316892954,36.17262795,-5.37422945,colision_linea,distribucion,66000.0,line,,,2.185210644559259,1.0323653590777402,mar,"Halcón peregrino, Águila calzada, Milano negro"
linea,1316892951,https://www.openstreetmap.org/way/1316892951,36.172650700000005,-5.3740791,colision_linea,distribucion,66000.0,line,,,2.185210644559259,1.0323653590777402,mar,"Halcón peregrino, Águila calzada, Milano negro"
linea,1316892955,https://www.openstreetmap.org/way/1316892955,36.172562549999995,-5.37417245,colision_linea,distribucion,66000.0,line,,,2.185210644559259,1.0323653590777402,mar,"Halcón peregrino, Águila calzada, Milano negro"
linea,1316892952,https://www.openstreetmap.org/way/1316892952,36.1727188,-5.37413755,colision_linea,distribucion,66000.0,line,,,2.185210644559259,1.0323653590777402,mar,"Halcón peregrino, Águila calzada, Milano negro"
linea,1316892953,https://www.openstreetmap.org/way/1316892953,36.1726889,-5.374280000000001,colision_linea,distribucion,66000.0,line,,,2.185210644559259,1.0323653590777402,mar,"Halcón peregrino, Águila calzada, Milano negro"
linea,657004742,https://www.openstreetmap.org/way/657004742,36.20706472,-5.33952252,colision_linea,distribucion,,minor_line,,,2.1760911149927127,0.8167424728302328,may,"Abejero europeo, Águila real, Búho real"
apoyo,9249306693,https://www.openstreetmap.org/node/9249306693,36.4497385,-5.3355411,electrocucion,distribucion,66000.0,tower,,1.0,2.143315624184262,1.2827702375413763,jun,"Buitre leonado, Águila calzada, Culebrera europea"
linea,660205575,https://www.openstreetmap.org/way/660205575,36.204167399999996,-5.3821966,colision_linea,distribucion,,minor_line,,,2.092834001868536,1.2215686612624586,mar,"Cigüeña blanca, Halcón peregrino, Grulla común"
apoyo,4038091905,https://www.openstreetmap.org/node/4038091905,36.235025,-5.3747271,electrocucion,distribucion,66000.0,tower,,1.0,2.0070175319654804,0.8811370626214218,abr,"Halcón peregrino, Águila calzada, Cigüeña blanca"
apoyo,6612939561,https://www.openstreetmap.org/node/6612939561,36.2146197,-5.9300248,electrocucion,distribucion,20000.0,tower,,1.0,1.9879510807502918,1.0474619463021735,abr,"Águila real, Búho real, Cigüeña blanca"
apoyo,6109973009,https://www.openstreetmap.org/node/6109973009,36.3104967,-5.3251921,electrocucion,distribucion,66000.0,tower,,1.0,1.986650246987038,1.1959347078347717,feb,"Halcón peregrino, Milano negro, Cigüeña negra"
apoyo,4038091920,https://www.openstreetmap.org/node/4038091920,36.2402219,-5.3886495,electrocucion,distribucion,66000.0,tower,,1.0,1.9585494720201355,0.9834769041929153,abr,"Halcón peregrino, Águila calzada, Cigüeña blanca"
apoyo,6170070280,https://www.openstreetmap.org/node/6170070280,36.316625,-5.4000619,electrocucion,distribucion,15000.0,tower,,1.0,1.8891102856295077,0.8529950019613383,abr,"Águila calzada, Buitre leonado, Cigüeña negra"
apoyo,12187920293,https://www.openstreetmap.org/node/12187920293,36.1744793,-5.3755598,electrocucion,distribucion,66000.0,tower,,1.0,1.7436114195413248,0.8713825423332157,mar,"Halcón peregrino, Águila calzada, Milano negro"
linea,651707263,https://www.openstreetmap.org/way/651707263,36.32478105,-5.3214986500000006,colision_linea,distribucion,,minor_line,,,1.6755752599302158,1.0385808849833154,nov,"Águila calzada, Cigüeña negra, Cigüeña blanca"
apoyo,6612939564,https://www.openstreetmap.org/node/6612939564,36.2098229,-5.9294617,electrocucion,distribucion,20000.0,tower,,1.0,1.6752576436519353,1.0374237084064148,abr,"Águila real, Búho real, Cigüeña blanca"
apoyo,1920912175,https://www.openstreetmap.org/node/1920912175,36.2197898,-5.3930548,electrocucion,distribucion,66000.0,tower,,1.0,1.5404446521413744,1.0707663479142349,abr,"Cigüeña blanca, Águila calzada, Buitre leonado"
apoyo,6168747873,https://www.openstreetmap.org/node/6168747873,36.2148772,-5.3890863,electrocucion,distribucion,,pole,,1.0,1.4657473565044297,1.0337286658888485,mar,"Cigüeña blanca, Halcón peregrino, Buitre leonado"
apoyo,6153865460,https://www.openstreetmap.org/node/6153865460,36.2147993,-5.3416863,electrocucion,distribucion,,tower,,1.0,1.3381953232625858,0.4860075126556959,may,"Abejero europeo, Águila real, Búho real"
apoyo,1126505772,https://www.openstreetmap.org/node/1126505772,36.2809555,-5.4000986,electrocucion,desconocida,,tower,,1.0,1.0296559403876548,0.5847823048808728,may,"Cigüeña blanca, Águila real, Buitre leonado"
apoyo,13954067704,https://www.openstreetmap.org/node/13954067704,36.2913473,-5.3906784,electrocucion,desconocida,,tower,,1.0,1.0138799140683186,0.5922784513532241,mar,"Águila real, Buitre leonado, Cigüeña blanca"
apoyo,1126505767,https://www.openstreetmap.org/node/1126505767,36.2762421,-5.4011585,electrocucion,desconocida,,tower,,1.0,0.84265400929956,0.506934846558263,may,"Cigüeña blanca, Águila real, Buitre leonado"
